variant,dataset,seed,modality,beta_mean,beta_std,beta_min,beta_max,beta_q10,beta_q25,beta_q50,beta_q75,beta_q90,fraction_beta_lt_0_5,fraction_beta_gt_1_5,fraction_saturated_lt_0_05,fraction_saturated_gt_1_95,group_0_mean,group_0_std,group_1_mean,group_1_std,group_2_mean,group_2_std,group_3_mean,group_3_std,group_4_mean,group_4_std,group_5_mean,group_5_std,group_6_mean,group_6_std,group_7_mean,group_7_std,mean_within_node_group_variance
h2a_global_scalar,Movies,42,text,0.9775497317314148,0.0,0.97754967212677,0.97754967212677,0.97754967212677,0.97754967212677,0.97754967212677,0.97754967212677,0.97754967212677,0.0,0.0,0.0,0.0,NA,NA,NA,NA,NA,NA,NA,NA,NA,NA,NA,NA,NA,NA,NA,NA,NA
h2a_global_scalar,Movies,42,visual,0.9758912920951843,0.0,0.9758912324905396,0.9758912324905396,0.9758912324905396,0.9758912324905396,0.9758912324905396,0.9758912324905396,0.9758912324905396,0.0,0.0,0.0,0.0,NA,NA,NA,NA,NA,NA,NA,NA,NA,NA,NA,NA,NA,NA,NA,NA,NA
h2a_global_scalar,Movies,43,text,0.9750650525093079,0.0,0.9750651121139526,0.9750651121139526,0.9750651121139526,0.9750651121139526,0.9750651121139526,0.9750651121139526,0.9750651121139526,0.0,0.0,0.0,0.0,NA,NA,NA,NA,NA,NA,NA,NA,NA,NA,NA,NA,NA,NA,NA,NA,NA
h2a_global_scalar,Movies,43,visual,0.9747603535652161,0.0,0.9747603535652161,0.9747603535652161,0.9747603535652161,0.9747603535652161,0.9747603535652161,0.9747603535652161,0.9747603535652161,0.0,0.0,0.0,0.0,NA,NA,NA,NA,NA,NA,NA,NA,NA,NA,NA,NA,NA,NA,NA,NA,NA
h2a_global_scalar,Movies,44,text,0.9780019521713257,0.0,0.9780020117759705,0.9780020117759705,0.9780020117759705,0.9780020117759705,0.9780020117759705,0.9780020117759705,0.9780020117759705,0.0,0.0,0.0,0.0,NA,NA,NA,NA,NA,NA,NA,NA,NA,NA,NA,NA,NA,NA,NA,NA,NA
h2a_global_scalar,Movies,44,visual,0.974304735660553,0.0,0.974304735660553,0.974304735660553,0.974304735660553,0.974304735660553,0.974304735660553,0.974304735660553,0.974304735660553,0.0,0.0,0.0,0.0,NA,NA,NA,NA,NA,NA,NA,NA,NA,NA,NA,NA,NA,NA,NA,NA,NA
h2a_node_scalar,Movies,42,text,0.41940388083457947,0.03905331343412399,0.29147014021873474,0.5385575294494629,0.3687424659729004,0.39437681436538696,0.4201417565345764,0.4463176131248474,0.46770986914634705,0.9826034307479858,0.0,0.0,0.0,NA,NA,NA,NA,NA,NA,NA,NA,NA,NA,NA,NA,NA,NA,NA,NA,NA
h2a_node_scalar,Movies,42,visual,0.559418261051178,0.10736081004142761,0.27557873725891113,0.9713572263717651,0.42943403124809265,0.48422971367836,0.5494617223739624,0.6215753555297852,0.7030032873153687,0.3113377094268799,0.0,0.0,0.0,NA,NA,NA,NA,NA,NA,NA,NA,NA,NA,NA,NA,NA,NA,NA,NA,NA
h2a_node_scalar,Movies,43,text,0.39883822202682495,0.06874489039182663,0.2030227929353714,0.6134442090988159,0.3097143769264221,0.34967654943466187,0.4002951979637146,0.44823139905929565,0.4867902398109436,0.9328134059906006,0.0,0.0,0.0,NA,NA,NA,NA,NA,NA,NA,NA,NA,NA,NA,NA,NA,NA,NA,NA,NA
h2a_node_scalar,Movies,43,visual,0.5513206720352173,0.1343012899160385,0.22335775196552277,0.977968156337738,0.38953495025634766,0.44902878999710083,0.5377299785614014,0.6385570168495178,0.734254002571106,0.3965206742286682,0.0,0.0,0.0,NA,NA,NA,NA,NA,NA,NA,NA,NA,NA,NA,NA,NA,NA,NA,NA,NA
h2a_node_scalar,Movies,44,text,0.49788883328437805,0.043155185878276825,0.3417642414569855,0.6257946491241455,0.4414762854576111,0.4729049801826477,0.4999047815799713,0.526128888130188,0.5503214597702026,0.5008997917175293,0.0,0.0,0.0,NA,NA,NA,NA,NA,NA,NA,NA,NA,NA,NA,NA,NA,NA,NA,NA,NA
h2a_node_scalar,Movies,44,visual,0.5346960425376892,0.10249752551317215,0.28040632605552673,0.9595600962638855,0.4117223024368286,0.4620968997478485,0.5239793658256531,0.5984851121902466,0.6736077070236206,0.4061187505722046,0.0,0.0,0.0,NA,NA,NA,NA,NA,NA,NA,NA,NA,NA,NA,NA,NA,NA,NA,NA,NA
h2a_global_group,Movies,42,text,0.9889289140701294,0.0034949469845741987,0.9819608926773071,0.992592990398407,0.9819608926773071,0.986746072769165,0.9892432689666748,0.9924826622009277,0.992592990398407,0.0,0.0,0.0,0.0,0.9867809414863586,0.0,0.9896947741508484,0.0,0.9819608926773071,0.0,0.9866413474082947,0.0,0.9887915849685669,0.0,0.9924882650375366,0.0,0.9925929307937622,0.0,0.9924807548522949,0.0,1.2214652997499797e-05
h2a_global_group,Movies,42,visual,0.9894424676895142,0.002905680797994137,0.9835087656974792,0.9935833811759949,0.9835087656974792,0.988128125667572,0.9898010492324829,0.9913192987442017,0.9935833811759949,0.0,0.0,0.0,0.0,0.9917505979537964,0.0,0.9911755323410034,0.0,0.9907952547073364,0.0,0.9835087060928345,0.0,0.9876233339309692,0.0,0.9888067245483398,0.0,0.9882963299751282,0.0,0.9935833215713501,0.0,8.442979378742166e-06
h2a_global_group,Movies,43,text,0.9874170422554016,0.0032722356263548136,0.9815168976783752,0.9922802448272705,0.9815168976783752,0.9859455227851868,0.9869659543037415,0.988968551158905,0.9922802448272705,0.0,0.0,0.0,0.0,0.9877436757087708,0.0,0.9856628775596619,0.0,0.9815168976783752,0.0,0.9861882328987122,0.0,0.9919209480285645,0.0,0.9860396981239319,0.0,0.9922801852226257,0.0,0.9879843592643738,0.0,1.0707525689213071e-05
h2a_global_group,Movies,43,visual,0.9845208525657654,0.003480148036032915,0.9805865287780762,0.9914429783821106,0.9805865287780762,0.9819008111953735,0.9830931425094604,0.9871286153793335,0.9914429783821106,0.0,0.0,0.0,0.0,0.9824575185775757,0.0,0.9819852709770203,0.0,0.987098217010498,0.0,0.9872195720672607,0.0,0.9805865287780762,0.0,0.9914430379867554,0.0,0.9837286472320557,0.0,0.9816473126411438,0.0,1.2111429896322079e-05
h2a_global_group,Movies,44,text,0.9889853000640869,0.0038679849822074175,0.9831101894378662,0.9944538474082947,0.9831101894378662,0.9854543209075928,0.9893598556518555,0.9921355843544006,0.9944538474082947,0.0,0.0,0.0,0.0,0.9933592081069946,0.0,0.9917276501655579,0.0,0.9944538474082947,0.0,0.9848588705062866,0.0,0.9896777868270874,0.0,0.989041805267334,0.0,0.9831101894378662,0.0,0.9856528043746948,0.0,1.49613060784759e-05
h2a_global_group,Movies,44,visual,0.9886994957923889,0.0035187520552426577,0.9814945459365845,0.9930675029754639,0.9814945459365845,0.9867589473724365,0.9891796708106995,0.991295576095581,0.9930675029754639,0.0,0.0,0.0,0.0,0.9814944863319397,0.0,0.9909993410110474,0.0,0.9867725968360901,0.0,0.9903044700622559,0.0,0.9921839237213135,0.0,0.986717939376831,0.0,0.9880548119544983,0.0,0.9930675029754639,0.0,1.2381615306367166e-05
h2a_node_group,Movies,42,text,0.5306960344314575,0.09848343580961227,0.28229331970214844,0.7733765244483948,0.40604376792907715,0.44544363021850586,0.5373535752296448,0.5918005108833313,0.6885772943496704,0.4026319682598114,0.0,0.0,0.0,0.7067747712135315,0.022371824830770493,0.43290987610816956,0.034265946596860886,0.4072331488132477,0.03342798724770546,0.5790513753890991,0.028893617913126945,0.44599199295043945,0.03401423990726471,0.5897209048271179,0.029692942276597023,0.5655818581581116,0.02756408043205738,0.518304169178009,0.031465429812669754,0.008790305815637112
h2a_node_group,Movies,42,visual,0.6060887575149536,0.11383423954248428,0.22643336653709412,0.9779775142669678,0.4570533037185669,0.5304975509643555,0.6063624620437622,0.6801523566246033,0.7496868968009949,0.1769271045923233,0.0,0.0,0.0,0.6196874976158142,0.09531523287296295,0.7190960645675659,0.06799694150686264,0.6490195393562317,0.07980652898550034,0.527294397354126,0.1111132800579071,0.49087369441986084,0.10565225034952164,0.6435628533363342,0.08348900079727173,0.6098108887672424,0.09010393172502518,0.5893654227256775,0.09492629766464233,0.0047003827057778835
h2a_node_group,Movies,43,text,0.5426697731018066,0.09049974381923676,0.24246333539485931,0.8127322793006897,0.41070467233657837,0.4788091480731964,0.5568919777870178,0.6103804707527161,0.6510661840438843,0.31017544865608215,0.0,0.0,0.0,0.5660266280174255,0.040427614003419876,0.47792527079582214,0.04794558137655258,0.6028282642364502,0.040934331715106964,0.6035205125808716,0.04179808869957924,0.5630643367767334,0.04083568975329399,0.48055532574653625,0.045381736010313034,0.6533761024475098,0.03555577993392944,0.3940616250038147,0.05000840127468109,0.00636155903339386
h2a_node_group,Movies,43,visual,0.5859638452529907,0.12576229870319366,0.20697757601737976,0.9590516686439514,0.4192318618297577,0.49076446890830994,0.5879870653152466,0.6764343976974487,0.7497692108154297,0.27230802178382874,0.0,0.0,0.0,0.4799816906452179,0.11493982374668121,0.6619747877120972,0.08542555570602417,0.5516160726547241,0.10865776240825653,0.5127773284912109,0.11222069710493088,0.5802003145217896,0.10092706978321075,0.5312221646308899,0.10883881151676178,0.6607766151428223,0.08253887295722961,0.7091617584228516,0.07365643233060837,0.006155986804515123
h2a_node_group,Movies,44,text,0.6128891110420227,0.07733584195375443,0.3871318995952606,0.7945348620414734,0.5162129402160645,0.5571357011795044,0.596772313117981,0.6886590719223022,0.7193581461906433,0.06692411005496979,0.0,0.0,0.0,0.49904224276542664,0.031050579622387886,0.5879070162773132,0.027752351015806198,0.6739043593406677,0.022535396739840508,0.5832847356796265,0.02884048968553543,0.5696009993553162,0.026438750326633453,0.7176954746246338,0.020609986037015915,0.5640935301780701,0.028292182832956314,0.7075842618942261,0.021391291171312332,0.005316588096320629
h2a_node_group,Movies,44,visual,0.6020708084106445,0.11205323040485382,0.24069058895111084,0.964424729347229,0.44622600078582764,0.5246608257293701,0.6079806089401245,0.6802990436553955,0.744756817817688,0.19927263259887695,0.0,0.0,0.0,0.48996445536613464,0.07581761479377747,0.6463982462882996,0.07384452223777771,0.6527467966079712,0.07192236185073853,0.5614965558052063,0.09563557803630829,0.6274284720420837,0.08029592782258987,0.6285285949707031,0.06205148249864578,0.7341359853744507,0.061676621437072754,0.47586748003959656,0.08582939952611923,0.0068712192587554455
h2a_global_scalar,Grocery,42,text,0.9649619460105896,0.0,0.9649619460105896,0.9649619460105896,0.9649619460105896,0.9649619460105896,0.9649619460105896,0.9649619460105896,0.9649619460105896,0.0,0.0,0.0,0.0,NA,NA,NA,NA,NA,NA,NA,NA,NA,NA,NA,NA,NA,NA,NA,NA,NA
h2a_global_scalar,Grocery,42,visual,0.9590713381767273,0.0,0.9590712785720825,0.9590712785720825,0.9590712785720825,0.9590712785720825,0.9590712785720825,0.9590712785720825,0.9590712785720825,0.0,0.0,0.0,0.0,NA,NA,NA,NA,NA,NA,NA,NA,NA,NA,NA,NA,NA,NA,NA,NA,NA
h2a_global_scalar,Grocery,43,text,0.9711325764656067,0.0,0.9711326360702515,0.9711326360702515,0.9711326360702515,0.9711326360702515,0.9711326360702515,0.9711326360702515,0.9711326360702515,0.0,0.0,0.0,0.0,NA,NA,NA,NA,NA,NA,NA,NA,NA,NA,NA,NA,NA,NA,NA,NA,NA
h2a_global_scalar,Grocery,43,visual,0.9637515544891357,0.0,0.9637515544891357,0.9637515544891357,0.9637515544891357,0.9637515544891357,0.9637515544891357,0.9637515544891357,0.9637515544891357,0.0,0.0,0.0,0.0,NA,NA,NA,NA,NA,NA,NA,NA,NA,NA,NA,NA,NA,NA,NA,NA,NA
h2a_global_scalar,Grocery,44,text,0.9756044149398804,0.0,0.9756044745445251,0.9756044745445251,0.9756044745445251,0.9756044745445251,0.9756044745445251,0.9756044745445251,0.9756044745445251,0.0,0.0,0.0,0.0,NA,NA,NA,NA,NA,NA,NA,NA,NA,NA,NA,NA,NA,NA,NA,NA,NA
h2a_global_scalar,Grocery,44,visual,0.9736841917037964,0.0,0.9736841320991516,0.9736841320991516,0.9736841320991516,0.9736841320991516,0.9736841320991516,0.9736841320991516,0.9736841320991516,0.0,0.0,0.0,0.0,NA,NA,NA,NA,NA,NA,NA,NA,NA,NA,NA,NA,NA,NA,NA,NA,NA
h2a_node_scalar,Grocery,42,text,0.48341798782348633,0.12410328537225723,0.21711553633213043,0.9120408892631531,0.3333929181098938,0.3869823217391968,0.47075724601745605,0.5667718648910522,0.6553290486335754,0.5879941582679749,0.0,0.0,0.0,NA,NA,NA,NA,NA,NA,NA,NA,NA,NA,NA,NA,NA,NA,NA,NA,NA
h2a_node_scalar,Grocery,42,visual,0.640316367149353,0.27350306510925293,0.08563566952943802,1.501497745513916,0.29869621992111206,0.4305585026741028,0.6071844696998596,0.8324185609817505,1.017762303352356,0.34465593099594116,0.00029282577452249825,0.0,0.0,NA,NA,NA,NA,NA,NA,NA,NA,NA,NA,NA,NA,NA,NA,NA,NA,NA
h2a_node_scalar,Grocery,43,text,0.4915565550327301,0.14138856530189514,0.20739202201366425,0.9507739543914795,0.32251235842704773,0.38367992639541626,0.47092777490615845,0.5797688961029053,0.6884072422981262,0.5730600357055664,0.0,0.0,0.0,NA,NA,NA,NA,NA,NA,NA,NA,NA,NA,NA,NA,NA,NA,NA,NA,NA
h2a_node_scalar,Grocery,43,visual,0.703559398651123,0.2708926498889923,0.11873325705528259,1.4809813499450684,0.3619360625743866,0.48973357677459717,0.6834290623664856,0.8976935148239136,1.073997139930725,0.26295754313468933,0.0,0.0,0.0,NA,NA,NA,NA,NA,NA,NA,NA,NA,NA,NA,NA,NA,NA,NA,NA,NA
h2a_node_scalar,Grocery,44,text,0.537943422794342,0.10455463081598282,0.23231841623783112,0.8703022003173828,0.394851952791214,0.465412437915802,0.5403178930282593,0.611679196357727,0.672697126865387,0.3619326651096344,0.0,0.0,0.0,NA,NA,NA,NA,NA,NA,NA,NA,NA,NA,NA,NA,NA,NA,NA,NA,NA
h2a_node_scalar,Grocery,44,visual,0.7253124713897705,0.2692953944206238,0.15105213224887848,1.5102373361587524,0.38030314445495605,0.5227936506271362,0.7092719674110413,0.9121694564819336,1.0922986268997192,0.22137628495693207,0.0005856515490449965,0.0,0.0,NA,NA,NA,NA,NA,NA,NA,NA,NA,NA,NA,NA,NA,NA,NA,NA,NA
h2a_global_group,Grocery,42,text,0.98358553647995,0.003938429057598114,0.9783920049667358,0.9912669062614441,0.9783920049667358,0.980079710483551,0.9838548898696899,0.9855475425720215,0.9912669062614441,0.0,0.0,0.0,0.0,0.9802529811859131,0.0,0.9783919453620911,0.0,0.9831673502922058,0.0,0.9912668466567993,0.0,0.9861583113670349,0.0,0.9853439927101135,0.0,0.9795598387718201,0.0,0.9845424294471741,0.0,1.5511224773945287e-05
h2a_global_group,Grocery,42,visual,0.9856128096580505,0.005226904060691595,0.9799670577049255,0.9939210414886475,0.9799670577049255,0.9806290864944458,0.9844703674316406,0.9894071221351624,0.9939210414886475,0.0,0.0,0.0,0.0,0.9939211010932922,0.0,0.9799670577049255,0.0,0.9844712615013123,0.0,0.9844695329666138,0.0,0.9800501465797424,0.0,0.9808220267295837,0.0,0.9929880499839783,0.0,0.9882134795188904,0.0,2.7320522349327803e-05
h2a_global_group,Grocery,43,text,0.9845395684242249,0.002766633639112115,0.9797248840332031,0.9876107573509216,0.9797248840332031,0.9827948808670044,0.9853237271308899,0.9866907596588135,0.9876107573509216,0.0,0.0,0.0,0.0,0.9843364953994751,0.0,0.9876107573509216,0.0,0.98745197057724,0.0,0.9810777306556702,0.0,0.9864369630813599,0.0,0.983367383480072,0.0,0.9863109588623047,0.0,0.9797248840332031,0.0,7.654261935385875e-06
h2a_global_group,Grocery,43,visual,0.985564649105072,0.004813033156096935,0.9776991605758667,0.9930521249771118,0.9776991605758667,0.9815108180046082,0.9862557649612427,0.9888948202133179,0.9930521249771118,0.0,0.0,0.0,0.0,0.984503984451294,0.0,0.9930521249771118,0.0,0.9880076050758362,0.0,0.9886215925216675,0.0,0.9776991605758667,0.0,0.9897145628929138,0.0,0.9815627336502075,0.0,0.9813551306724548,0.0,2.316529025847558e-05
h2a_global_group,Grocery,44,text,0.9861774444580078,0.0030274090822786093,0.9822593927383423,0.9908072352409363,0.9822593927383423,0.9827550649642944,0.9871618747711182,0.9879627227783203,0.9908072352409363,0.0,0.0,0.0,0.0,0.9871765971183777,0.0,0.9825626611709595,0.0,0.9822593927383423,0.0,0.9908071756362915,0.0,0.9871472716331482,0.0,0.9890450835227966,0.0,0.9828192591667175,0.0,0.9876019358634949,0.0,9.165205483441241e-06
h2a_global_group,Grocery,44,visual,0.9866967797279358,0.007560200523585081,0.9785504341125488,1.0019081830978394,0.9785504341125488,0.9796475768089294,0.9860829710960388,0.9906502366065979,1.0019081830978394,0.0,0.0,0.0,0.0,0.9883951544761658,0.0,0.9902031421661377,0.0,0.9919915795326233,0.0,0.9799177050590515,0.0,1.001908302307129,0.0,0.9837708473205566,0.0,0.9788371920585632,0.0,0.9785504341125488,0.0,5.7156630646204576e-05
h2a_node_group,Grocery,42,text,0.5592223405838013,0.1437884420156479,0.09196168929338455,0.9541565179824829,0.3632165789604187,0.46239081025123596,0.5693024396896362,0.6646310091018677,0.7384142279624939,0.3271962106227875,0.0,0.0,0.0,0.5877262949943542,0.11347027122974396,0.5204827189445496,0.1237836480140686,0.3861580491065979,0.13554848730564117,0.6400859951972961,0.10259854793548584,0.6947498917579651,0.08855351060628891,0.5796535015106201,0.10915740579366684,0.5143592953681946,0.12193366885185242,0.5505630373954773,0.11833027750253677,0.00767697487026453
h2a_node_group,Grocery,42,visual,0.6550058126449585,0.21007555723190308,0.06886681169271469,1.1132458448410034,0.36531493067741394,0.50096195936203,0.6628759503364563,0.8257802724838257,0.9304878115653992,0.24908491969108582,0.0,0.0,0.0,0.6735400557518005,0.18063487112522125,0.6353093981742859,0.1937093287706375,0.6304101347923279,0.19797682762145996,0.5429210662841797,0.21367573738098145,0.5345820188522339,0.19232460856437683,0.6971309781074524,0.17900611460208893,0.8798689842224121,0.10179085284471512,0.6462839245796204,0.19452732801437378,0.011530821211636066
h2a_node_group,Grocery,43,text,0.5825788378715515,0.10456430166959763,0.21221579611301422,0.8984262943267822,0.44308316707611084,0.5125916004180908,0.5873995423316956,0.6559043526649475,0.7142330408096313,0.21617862582206726,0.0,0.0,0.0,0.6384612321853638,0.08568533509969711,0.5897992849349976,0.08290771394968033,0.6060276627540588,0.09317445755004883,0.5557074546813965,0.09431223571300507,0.5743283033370972,0.09042700380086899,0.4868527352809906,0.10104254633188248,0.5433176159858704,0.09458382427692413,0.6661360263824463,0.07837840169668198,0.002842116402462125
h2a_node_group,Grocery,43,visual,0.7427998781204224,0.19986695051193237,0.09749117493629456,1.3042802810668945,0.4750979542732239,0.6060813069343567,0.7506893873214722,0.8872209787368774,0.9991719126701355,0.12214495241641998,0.0,0.0,0.0,0.6041907668113708,0.20245742797851562,0.8249183893203735,0.15182626247406006,0.8305426239967346,0.16315719485282898,0.7760940790176392,0.17387829720973969,0.6414783000946045,0.16634589433670044,0.7970556020736694,0.19632995128631592,0.6672866940498352,0.19812364876270294,0.8008330464363098,0.19017812609672546,0.00773708475753665
h2a_node_group,Grocery,44,text,0.5825080275535583,0.10174130648374557,0.2509758472442627,0.8671085238456726,0.4443182647228241,0.5137199759483337,0.5881808996200562,0.6565614342689514,0.7118536233901978,0.21339678764343262,0.0,0.0,0.0,0.542700469493866,0.09328573197126389,0.6592639088630676,0.07853253930807114,0.639692485332489,0.08174633234739304,0.6254875659942627,0.08427240699529648,0.5335057973861694,0.09030275791883469,0.5199034214019775,0.09696237742900848,0.5370794534683228,0.09268937259912491,0.6024312376976013,0.08145042508840561,0.0027219660114496946
h2a_node_group,Grocery,44,visual,0.7000059485435486,0.1940169483423233,0.06657077372074127,1.182883858680725,0.43499287962913513,0.5672715902328491,0.7135284543037415,0.8501714468002319,0.946402370929718,0.16233529150485992,0.0,0.0,0.0,0.682165801525116,0.17488083243370056,0.5671369433403015,0.19961075484752655,0.7193658351898193,0.18444126844406128,0.7232054471969604,0.1685452163219452,0.7592506408691406,0.15466395020484924,0.7855950593948364,0.13037942349910736,0.5848402976989746,0.20414644479751587,0.7784876227378845,0.19117502868175507,0.00737364124506712
h2a_global_scalar,ele-fashion,42,text,0.971804141998291,0.0,0.9718042016029358,0.9718042016029358,0.9718042016029358,0.9718042016029358,0.9718042016029358,0.9718042016029358,0.9718042016029358,0.0,0.0,0.0,0.0,NA,NA,NA,NA,NA,NA,NA,NA,NA,NA,NA,NA,NA,NA,NA,NA,NA
h2a_global_scalar,ele-fashion,42,visual,0.978146493434906,0.0,0.9781463742256165,0.9781463742256165,0.9781463742256165,0.9781463742256165,0.9781463742256165,0.9781463742256165,0.9781463742256165,0.0,0.0,0.0,0.0,NA,NA,NA,NA,NA,NA,NA,NA,NA,NA,NA,NA,NA,NA,NA,NA,NA
h2a_global_scalar,ele-fashion,43,text,0.9748443365097046,0.0,0.9748443961143494,0.9748443961143494,0.9748443961143494,0.9748443961143494,0.9748443961143494,0.9748443961143494,0.9748443961143494,0.0,0.0,0.0,0.0,NA,NA,NA,NA,NA,NA,NA,NA,NA,NA,NA,NA,NA,NA,NA,NA,NA
h2a_global_scalar,ele-fashion,43,visual,0.9751906991004944,0.0,0.9751906991004944,0.9751906991004944,0.9751906991004944,0.9751906991004944,0.9751906991004944,0.9751906991004944,0.9751906991004944,0.0,0.0,0.0,0.0,NA,NA,NA,NA,NA,NA,NA,NA,NA,NA,NA,NA,NA,NA,NA,NA,NA
h2a_global_scalar,ele-fashion,44,text,0.9818607568740845,0.0,0.9818607568740845,0.9818607568740845,0.9818607568740845,0.9818607568740845,0.9818607568740845,0.9818607568740845,0.9818607568740845,0.0,0.0,0.0,0.0,NA,NA,NA,NA,NA,NA,NA,NA,NA,NA,NA,NA,NA,NA,NA,NA,NA
h2a_global_scalar,ele-fashion,44,visual,0.9813200831413269,0.0,0.9813200235366821,0.9813200235366821,0.9813200235366821,0.9813200235366821,0.9813200235366821,0.9813200235366821,0.9813200235366821,0.0,0.0,0.0,0.0,NA,NA,NA,NA,NA,NA,NA,NA,NA,NA,NA,NA,NA,NA,NA,NA,NA
h2a_node_scalar,ele-fashion,42,text,0.3479730188846588,0.1454295814037323,0.07348271459341049,0.9631943702697754,0.17277690768241882,0.23803284764289856,0.33047741651535034,0.43970897793769836,0.5429272055625916,0.8498517274856567,0.0,0.0,0.0,NA,NA,NA,NA,NA,NA,NA,NA,NA,NA,NA,NA,NA,NA,NA,NA,NA
h2a_node_scalar,ele-fashion,42,visual,0.40558305382728577,0.14427459239959717,0.0737750381231308,1.063673734664917,0.2503994405269623,0.30654141306877136,0.3787023425102234,0.47694435715675354,0.5925238132476807,0.7909379005432129,0.0,0.0,0.0,NA,NA,NA,NA,NA,NA,NA,NA,NA,NA,NA,NA,NA,NA,NA,NA,NA
h2a_node_scalar,ele-fashion,43,text,0.37131813168525696,0.09607435017824173,0.14737406373023987,0.7600598335266113,0.24774175882339478,0.2985941767692566,0.3664598762989044,0.43939363956451416,0.4975535273551941,0.9051856398582458,0.0,0.0,0.0,NA,NA,NA,NA,NA,NA,NA,NA,NA,NA,NA,NA,NA,NA,NA,NA,NA
h2a_node_scalar,ele-fashion,43,visual,0.46633756160736084,0.1860985904932022,0.06595863401889801,1.0694342851638794,0.257000207901001,0.32898110151290894,0.43252965807914734,0.5687638521194458,0.7322707772254944,0.6402782201766968,0.0,0.0,0.0,NA,NA,NA,NA,NA,NA,NA,NA,NA,NA,NA,NA,NA,NA,NA,NA,NA
h2a_node_scalar,ele-fashion,44,text,0.42261260747909546,0.11181029677391052,0.15824726223945618,0.8253945112228394,0.2874511182308197,0.33536431193351746,0.40621933341026306,0.5055854916572571,0.5834629535675049,0.7392860651016235,0.0,0.0,0.0,NA,NA,NA,NA,NA,NA,NA,NA,NA,NA,NA,NA,NA,NA,NA,NA,NA
h2a_node_scalar,ele-fashion,44,visual,0.4446927309036255,0.1372321993112564,0.144515722990036,0.9637327194213867,0.2917685806751251,0.34265586733818054,0.4186530113220215,0.5258484482765198,0.6387841701507568,0.7014421820640564,0.0,0.0,0.0,NA,NA,NA,NA,NA,NA,NA,NA,NA,NA,NA,NA,NA,NA,NA,NA,NA
h2a_global_group,ele-fashion,42,text,0.9813584089279175,0.002232455648481846,0.9784318804740906,0.9841182231903076,0.9784318804740906,0.9788143634796143,0.9819800853729248,0.9833579063415527,0.9841182231903076,0.0,0.0,0.0,0.0,0.9784318208694458,0.0,0.9836561679840088,0.0,0.9821352362632751,0.0,0.9785348176956177,0.0,0.978907585144043,0.0,0.9832584857940674,0.0,0.9818249940872192,0.0,0.9841183423995972,0.0,4.983858616469661e-06
h2a_global_group,ele-fashion,42,visual,0.9869502186775208,0.003247037995606661,0.9809587597846985,0.9914509654045105,0.9809587597846985,0.985249400138855,0.9872646331787109,0.9894206523895264,0.9914509654045105,0.0,0.0,0.0,0.0,0.9899916648864746,0.0,0.9857783913612366,0.0,0.9836626648902893,0.0,0.9892302751541138,0.0,0.9809588193893433,0.0,0.9864386320114136,0.0,0.9880905747413635,0.0,0.991450846195221,0.0,1.0543256394157652e-05
h2a_global_group,ele-fashion,43,text,0.9766941666603088,0.0050692432560026646,0.967589259147644,0.9855896830558777,0.967589259147644,0.9736100435256958,0.9766305685043335,0.9800295829772949,0.9855896830558777,0.0,0.0,0.0,0.0,0.9675893783569336,0.0,0.9801540374755859,0.0,0.9737340211868286,0.0,0.9855896830558777,0.0,0.9799880981445312,0.0,0.9765451550483704,0.0,0.9732384085655212,0.0,0.976716160774231,0.0,2.5697228920762427e-05
h2a_global_group,ele-fashion,43,visual,0.9828937649726868,0.0024698118213564157,0.9777463674545288,0.9869346618652344,0.9777463674545288,0.9824772477149963,0.9833469390869141,0.9836987853050232,0.9869346618652344,0.0,0.0,0.0,0.0,0.9832520484924316,0.0,0.977746307849884,0.0,0.9829468727111816,0.0,0.984244167804718,0.0,0.9835169315338135,0.0,0.9834421277046204,0.0,0.98106849193573,0.0,0.9869346618652344,0.0,6.099970505601959e-06
h2a_global_group,ele-fashion,44,text,0.9834831357002258,0.0031234396155923605,0.978162944316864,0.9872286319732666,0.978162944316864,0.9816375970840454,0.9844204187393188,0.9853998422622681,0.9872286319732666,0.0,0.0,0.0,0.0,0.9824227094650269,0.0,0.9792827367782593,0.0,0.9848355650901794,0.0,0.9781630635261536,0.0,0.9840152263641357,0.0,0.9872286915779114,0.0,0.9848257899284363,0.0,0.9870928525924683,0.0,9.755874998518266e-06
h2a_global_group,ele-fashion,44,visual,0.98696368932724,0.004608181305229664,0.980786919593811,0.9943897128105164,0.980786919593811,0.9831864833831787,0.9871102571487427,0.9904438853263855,0.9943897128105164,0.0,0.0,0.0,0.0,0.9808084964752197,0.0,0.9914018511772156,0.0,0.9943897724151611,0.0,0.9901247024536133,0.0,0.9839791655540466,0.0,0.9869368076324463,0.0,0.9872837066650391,0.0,0.980786919593811,0.0,2.123533522535581e-05
h2a_node_group,ele-fashion,42,text,0.3321076035499573,0.15592865645885468,0.025694165378808975,1.0042041540145874,0.1421351581811905,0.21393853425979614,0.31565046310424805,0.4307546615600586,0.54233717918396,0.8542753458023071,0.0,0.004346936941146851,0.0,0.3944513499736786,0.13640296459197998,0.34041377902030945,0.13640941679477692,0.3555573523044586,0.14196141064167023,0.28755664825439453,0.14333969354629517,0.20841389894485474,0.13009433448314667,0.47075995802879333,0.13121215999126434,0.33255478739738464,0.13527962565422058,0.267153263092041,0.13755491375923157,0.005767760332673788
h2a_node_group,ele-fashion,42,visual,0.5005537867546082,0.19487228989601135,0.03002534992992878,1.081438660621643,0.24719248712062836,0.3570176362991333,0.4928557574748993,0.6328067779541016,0.7619808912277222,0.5128107070922852,0.0,0.0003068425867240876,0.0,0.3505765199661255,0.18898649513721466,0.6612743735313416,0.13295280933380127,0.5144066214561462,0.16039814054965973,0.44645512104034424,0.18269576132297516,0.506709635257721,0.17956100404262543,0.3904714286327362,0.18924307823181152,0.5494595766067505,0.16127800941467285,0.5850765109062195,0.15525327622890472,0.009880711324512959
h2a_node_group,ele-fashion,43,text,0.3563055694103241,0.15190988779067993,0.03269354999065399,0.9532182812690735,0.16895659267902374,0.23868800699710846,0.34153443574905396,0.45947322249412537,0.5643219947814941,0.8194998502731323,0.0,0.0009972384432330728,0.0,0.2963484525680542,0.12108098715543747,0.3315220773220062,0.12476374208927155,0.35576096177101135,0.12184428423643112,0.3727380037307739,0.12430594861507416,0.32490915060043335,0.12006014585494995,0.22387458384037018,0.1143711730837822,0.3714384138584137,0.12344327569007874,0.5738527774810791,0.10390377044677734,0.009042629040777683
h2a_node_group,ele-fashion,43,visual,0.4707171618938446,0.18557973206043243,0.018178317695856094,1.0344442129135132,0.24207428097724915,0.3379350006580353,0.455111026763916,0.589270293712616,0.7251843214035034,0.5916436910629272,0.0,0.0007287511834874749,0.0,0.3046196699142456,0.18902374804019928,0.5093074440956116,0.16344980895519257,0.4444657862186432,0.1693985015153885,0.5152526497840881,0.1598537117242813,0.4588852822780609,0.1804942488670349,0.5742669105529785,0.1524387151002884,0.5044289231300354,0.16902364790439606,0.4545106887817383,0.17443430423736572,0.005774971097707748
h2a_node_group,ele-fashion,44,text,0.35176870226860046,0.13084125518798828,0.04726880416274071,0.9231825470924377,0.18334993720054626,0.2521413564682007,0.34557998180389404,0.44374173879623413,0.5264897346496582,0.8602843284606934,0.0,2.5570216166670434e-05,0.0,0.29139232635498047,0.11325696855783463,0.3508784770965576,0.11658376455307007,0.37126651406288147,0.11552800983190536,0.2738509178161621,0.11138561367988586,0.4747116267681122,0.11178698390722275,0.38021349906921387,0.11407958716154099,0.27582982182502747,0.11055663973093033,0.39600658416748047,0.11534570902585983,0.004262794740498066
h2a_node_group,ele-fashion,44,visual,0.4927842617034912,0.21146513521671295,0.02185717411339283,1.1008919477462769,0.2081773430109024,0.33211541175842285,0.4830482602119446,0.660260796546936,0.7807620763778687,0.5267464518547058,0.0,0.0015597832389175892,0.0,0.37864959239959717,0.17126743495464325,0.6926844716072083,0.11031758040189743,0.48843538761138916,0.11640169471502304,0.5100135207176208,0.169936865568161,0.3215739130973816,0.16626888513565063,0.7736349105834961,0.07811491191387177,0.2788827419281006,0.13982145488262177,0.4983997344970703,0.1150406002998352,0.031493786722421646
h2a_global_scalar,Reddit-S,42,text,0.9854831695556641,0.0,0.9854831695556641,0.9854831695556641,0.9854831695556641,0.9854831695556641,0.9854831695556641,0.9854831695556641,0.9854831695556641,0.0,0.0,0.0,0.0,NA,NA,NA,NA,NA,NA,NA,NA,NA,NA,NA,NA,NA,NA,NA,NA,NA
h2a_global_scalar,Reddit-S,42,visual,0.9846034049987793,0.0,0.9846034646034241,0.9846034646034241,0.9846034646034241,0.9846034646034241,0.9846034646034241,0.9846034646034241,0.9846034646034241,0.0,0.0,0.0,0.0,NA,NA,NA,NA,NA,NA,NA,NA,NA,NA,NA,NA,NA,NA,NA,NA,NA
h2a_global_scalar,Reddit-S,43,text,0.9799150228500366,0.0,0.9799150824546814,0.9799150824546814,0.9799150824546814,0.9799150824546814,0.9799150824546814,0.9799150824546814,0.9799150824546814,0.0,0.0,0.0,0.0,NA,NA,NA,NA,NA,NA,NA,NA,NA,NA,NA,NA,NA,NA,NA,NA,NA
h2a_global_scalar,Reddit-S,43,visual,0.9786772727966309,0.0,0.9786772727966309,0.9786772727966309,0.9786772727966309,0.9786772727966309,0.9786772727966309,0.9786772727966309,0.9786772727966309,0.0,0.0,0.0,0.0,NA,NA,NA,NA,NA,NA,NA,NA,NA,NA,NA,NA,NA,NA,NA,NA,NA
h2a_global_scalar,Reddit-S,44,text,0.9790371656417847,0.0,0.9790371656417847,0.9790371656417847,0.9790371656417847,0.9790371656417847,0.9790371656417847,0.9790371656417847,0.9790371656417847,0.0,0.0,0.0,0.0,NA,NA,NA,NA,NA,NA,NA,NA,NA,NA,NA,NA,NA,NA,NA,NA,NA
h2a_global_scalar,Reddit-S,44,visual,0.9775159955024719,0.0,0.9775160551071167,0.9775160551071167,0.9775160551071167,0.9775160551071167,0.9775160551071167,0.9775160551071167,0.9775160551071167,0.0,0.0,0.0,0.0,NA,NA,NA,NA,NA,NA,NA,NA,NA,NA,NA,NA,NA,NA,NA,NA,NA
h2a_node_scalar,Reddit-S,42,text,0.7690161466598511,0.08615539222955704,0.5239893198013306,0.9569880366325378,0.63963782787323,0.7033830285072327,0.7855412364006042,0.8323643207550049,0.8727281093597412,0.0,0.0,0.0,0.0,NA,NA,NA,NA,NA,NA,NA,NA,NA,NA,NA,NA,NA,NA,NA,NA,NA
h2a_node_scalar,Reddit-S,42,visual,0.6257332563400269,0.12817083299160004,0.41603466868400574,0.9652736186981201,0.4882330298423767,0.5174787044525146,0.5992171764373779,0.6906223297119141,0.84981769323349,0.16168606281280518,0.0,0.0,0.0,NA,NA,NA,NA,NA,NA,NA,NA,NA,NA,NA,NA,NA,NA,NA,NA,NA
h2a_node_scalar,Reddit-S,43,text,0.7726578712463379,0.1231408566236496,0.4682943820953369,1.0147532224655151,0.5971751809120178,0.6781610250473022,0.7765344381332397,0.8714215159416199,0.937268078327179,0.00408933637663722,0.0,0.0,0.0,NA,NA,NA,NA,NA,NA,NA,NA,NA,NA,NA,NA,NA,NA,NA,NA,NA
h2a_node_scalar,Reddit-S,43,visual,0.5711876749992371,0.10120634734630585,0.3562825918197632,0.8538868427276611,0.4532433748245239,0.49815675616264343,0.5567067265510559,0.6357943415641785,0.7282387614250183,0.2592010200023651,0.0,0.0,0.0,NA,NA,NA,NA,NA,NA,NA,NA,NA,NA,NA,NA,NA,NA,NA,NA,NA
h2a_node_scalar,Reddit-S,44,text,0.847768247127533,0.11118841916322708,0.5148900151252747,1.0056711435317993,0.6776654720306396,0.7672267556190491,0.8712124824523926,0.9377777576446533,0.9798478484153748,0.0,0.0,0.0,0.0,NA,NA,NA,NA,NA,NA,NA,NA,NA,NA,NA,NA,NA,NA,NA,NA,NA
h2a_node_scalar,Reddit-S,44,visual,0.5538097620010376,0.09237626194953918,0.37255582213401794,0.8478615283966064,0.4438212513923645,0.4796184301376343,0.540180504322052,0.6137241125106812,0.6923112869262695,0.3284051716327667,0.0,0.0,0.0,NA,NA,NA,NA,NA,NA,NA,NA,NA,NA,NA,NA,NA,NA,NA,NA,NA
h2a_global_group,Reddit-S,42,text,0.9922622442245483,0.004459721501916647,0.9854215383529663,1.0008530616760254,0.9854215383529663,0.9893240332603455,0.9927148818969727,0.99425208568573,1.0008530616760254,0.0,0.0,0.0,0.0,0.9940316677093506,0.0,0.9899237751960754,0.0,0.9854215979576111,0.0,1.0008530616760254,0.0,0.9928450584411621,0.0,0.9875248074531555,0.0,0.9949135184288025,0.0,0.9925848245620728,0.0,1.9889112081727944e-05
h2a_global_group,Reddit-S,42,visual,0.9861881136894226,0.005219268146902323,0.98028564453125,0.9963701963424683,0.98028564453125,0.982667863368988,0.9834449887275696,0.9898785352706909,0.9963701963424683,0.0,0.0,0.0,0.0,0.9963701963424683,0.0,0.9841404557228088,0.0,0.9824290871620178,0.0,0.98028564453125,0.0,0.982747495174408,0.0,0.9827495217323303,0.0,0.9914156198501587,0.0,0.9893661737442017,0.0,2.724076693993993e-05
h2a_global_group,Reddit-S,43,text,0.9941343069076538,0.0028213500045239925,0.9904375672340393,0.9974924325942993,0.9904375672340393,0.9913855195045471,0.9943381547927856,0.996820330619812,0.9974924325942993,0.0,0.0,0.0,0.0,0.9960376620292664,0.0,0.9915075302124023,0.0,0.991019070148468,0.0,0.9926385879516602,0.0,0.9966698884963989,0.0,0.9904375672340393,0.0,0.9974923729896545,0.0,0.9972715973854065,0.0,7.960015864227898e-06
h2a_global_group,Reddit-S,43,visual,0.9887341856956482,0.004142358433455229,0.9827455878257751,0.9960773587226868,0.9827455878257751,0.9859039783477783,0.9876397252082825,0.992103636264801,0.9960773587226868,0.0,0.0,0.0,0.0,0.9919868111610413,0.0,0.9960774183273315,0.0,0.992453932762146,0.0,0.9884707927703857,0.0,0.9868085980415344,0.0,0.9827455282211304,0.0,0.9861428737640381,0.0,0.9851875305175781,0.0,1.715913458610885e-05
h2a_global_group,Reddit-S,44,text,0.991148054599762,0.0045448471792042255,0.9843981862068176,0.998073935508728,0.9843981862068176,0.988223135471344,0.9916545152664185,0.9943097829818726,0.998073935508728,0.0,0.0,0.0,0.0,0.9951906204223633,0.0,0.9902918934822083,0.0,0.9980739951133728,0.0,0.9893479943275452,0.0,0.9930171966552734,0.0,0.9843981862068176,0.0,0.9848486185073853,0.0,0.9940162301063538,0.0,2.0655634216382168e-05
h2a_global_group,Reddit-S,44,visual,0.9868813157081604,0.004846139345318079,0.9813095331192017,0.9986171722412109,0.9813095331192017,0.9848628044128418,0.9859672784805298,0.9868369102478027,0.9986171722412109,0.0,0.0,0.0,0.0,0.9857206344604492,0.0,0.9832351803779602,0.0,0.986213743686676,0.0,0.985405445098877,0.0,0.9986171722412109,0.0,0.988149106502533,0.0,0.9863995313644409,0.0,0.9813095331192017,0.0,2.3485064957640134e-05
h2a_node_group,Reddit-S,42,text,0.8039350509643555,0.10573049634695053,0.4481789767742157,1.0455515384674072,0.655173122882843,0.7295774221420288,0.813377857208252,0.8891528248786926,0.9359037280082703,0.0017694242997094989,0.0,0.0,0.0,0.7405722737312317,0.1142437681555748,0.7902359962463379,0.10084107518196106,0.8039024472236633,0.0947774350643158,0.835380494594574,0.08419444411993027,0.7688094973564148,0.10738397389650345,0.8847189545631409,0.06236392632126808,0.7799699902534485,0.09737023711204529,0.8278910517692566,0.10553934425115585,0.003258073702454567
h2a_node_group,Reddit-S,42,visual,0.6210389137268066,0.14763189852237701,0.23820088803768158,0.9823040962219238,0.43786805868148804,0.5145056247711182,0.6165450215339661,0.7225612998008728,0.8278805017471313,0.21567316353321075,0.0,0.0,0.0,0.6077635288238525,0.12243480235338211,0.799008309841156,0.08083408325910568,0.6466225385665894,0.10517004877328873,0.6570513844490051,0.1122879832983017,0.5021202564239502,0.13900743424892426,0.5686773657798767,0.11749190837144852,0.6758480668067932,0.10731948167085648,0.5112199187278748,0.13701966404914856,0.008686400949954987
h2a_node_group,Reddit-S,43,text,0.8013291358947754,0.09706377238035202,0.4802939295768738,0.9908950328826904,0.6578590869903564,0.7271988987922668,0.8241965770721436,0.8779869675636292,0.9139261245727539,0.0001572821638546884,0.0,0.0,0.0,0.7181012630462646,0.08023776113986969,0.8739622235298157,0.030014218762516975,0.6885682344436646,0.08917102962732315,0.8658818602561951,0.03622271493077278,0.9076640009880066,0.03051759861409664,0.7780304551124573,0.061379607766866684,0.7396457195281982,0.07666434347629547,0.8387793302536011,0.04528241604566574,0.006346078123897314
h2a_node_group,Reddit-S,43,visual,0.6477232575416565,0.09619057178497314,0.40114250779151917,0.9352819323539734,0.5229045748710632,0.5786138772964478,0.6434112191200256,0.7149499654769897,0.7727763056755066,0.0586269274353981,0.0,0.0,0.0,0.6108489632606506,0.0797475054860115,0.5516537427902222,0.07934727519750595,0.6817619800567627,0.07329767942428589,0.6656859517097473,0.0746249109506607,0.6447333693504333,0.07943713665008545,0.7572778463363647,0.06101664900779724,0.5841354131698608,0.08296021819114685,0.6856893301010132,0.06278456002473831,0.004366153385490179
h2a_node_group,Reddit-S,44,text,0.9050667881965637,0.06343279778957367,0.6638180613517761,1.0794612169265747,0.8352829217910767,0.8693467974662781,0.9013006687164307,0.9414036273956299,0.9940035343170166,0.0,0.0,0.0,0.0,0.8080382943153381,0.051340244710445404,0.9645833969116211,0.022593308240175247,0.8847936391830444,0.023296521976590157,0.9044098258018494,0.02834189683198929,0.884953498840332,0.019473319873213768,0.9089899063110352,0.02726130187511444,0.8780452013015747,0.035081200301647186,1.0067203044891357,0.022196089848876,0.003552075009793043
h2a_node_group,Reddit-S,44,visual,0.60896235704422,0.08751039952039719,0.40052977204322815,0.8391729593276978,0.48627835512161255,0.5423470139503479,0.6089190244674683,0.6799042224884033,0.7202730178833008,0.13970588147640228,0.0,0.0,0.0,0.5511680841445923,0.07268024235963821,0.691458523273468,0.06957165151834488,0.6005289554595947,0.07672513276338577,0.6251028180122375,0.060251668095588684,0.6725066900253296,0.05845693126320839,0.5745806097984314,0.0828709751367569,0.5793366432189941,0.08657939732074738,0.5770165920257568,0.07904733717441559,0.0024358811788260937
