variant,dataset,seed,modality,lambda_mean,lambda_std,lambda_min,lambda_max,lambda_q10,lambda_q25,lambda_q50,lambda_q75,lambda_q90,fraction_lambda_positive,fraction_lambda_negative,fraction_abs_lambda_lt_0_1,fraction_abs_lambda_gt_1,fraction_abs_lambda_gt_1_9
h2b_global_agg_correction,Movies,42,text,0.08327080309391022,0.0,0.08327080309391022,0.08327080309391022,0.08327080309391022,0.08327080309391022,0.08327080309391022,0.08327080309391022,0.08327080309391022,0.9999999403953552,0.0,0.9999999403953552,0.0,0.0
h2b_global_agg_correction,Movies,42,visual,0.14215607941150665,0.0,0.14215607941150665,0.14215607941150665,0.14215607941150665,0.14215607941150665,0.14215607941150665,0.14215607941150665,0.14215607941150665,0.9999999403953552,0.0,0.0,0.0,0.0
h2b_global_agg_correction,Movies,43,text,0.09695487469434738,0.0,0.09695488214492798,0.09695488214492798,0.09695488214492798,0.09695488214492798,0.09695488214492798,0.09695488214492798,0.09695488214492798,0.9999999403953552,0.0,0.9999999403953552,0.0,0.0
h2b_global_agg_correction,Movies,43,visual,0.15551893413066864,0.0,0.15551891922950745,0.15551891922950745,0.15551891922950745,0.15551891922950745,0.15551891922950745,0.15551891922950745,0.15551891922950745,0.9999999403953552,0.0,0.0,0.0,0.0
h2b_global_agg_correction,Movies,44,text,0.10011901706457138,0.0,0.10011900961399078,0.10011900961399078,0.10011900961399078,0.10011900961399078,0.10011900961399078,0.10011900961399078,0.10011900961399078,0.9999999403953552,0.0,0.0,0.0,0.0
h2b_global_agg_correction,Movies,44,visual,0.1738876849412918,0.0,0.1738876849412918,0.1738876849412918,0.1738876849412918,0.1738876849412918,0.1738876849412918,0.1738876849412918,0.1738876849412918,0.9999999403953552,0.0,0.0,0.0,0.0
h2b_global_diff_correction,Movies,42,text,0.14994975924491882,0.0,0.14994975924491882,0.14994975924491882,0.14994975924491882,0.14994975924491882,0.14994975924491882,0.14994975924491882,0.14994975924491882,0.9999999403953552,0.0,0.0,0.0,0.0
h2b_global_diff_correction,Movies,42,visual,0.17353449761867523,0.0,0.17353451251983643,0.17353451251983643,0.17353451251983643,0.17353451251983643,0.17353451251983643,0.17353451251983643,0.17353451251983643,0.9999999403953552,0.0,0.0,0.0,0.0
h2b_global_diff_correction,Movies,43,text,0.16296327114105225,0.0,0.16296328604221344,0.16296328604221344,0.16296328604221344,0.16296328604221344,0.16296328604221344,0.16296328604221344,0.16296328604221344,0.9999999403953552,0.0,0.0,0.0,0.0
h2b_global_diff_correction,Movies,43,visual,0.18803580105304718,0.0,0.18803581595420837,0.18803581595420837,0.18803581595420837,0.18803581595420837,0.18803581595420837,0.18803581595420837,0.18803581595420837,0.9999999403953552,0.0,0.0,0.0,0.0
h2b_global_diff_correction,Movies,44,text,0.14090240001678467,0.0,0.14090240001678467,0.14090240001678467,0.14090240001678467,0.14090240001678467,0.14090240001678467,0.14090240001678467,0.14090240001678467,0.9999999403953552,0.0,0.0,0.0,0.0
h2b_global_diff_correction,Movies,44,visual,0.17435166239738464,0.0,0.17435166239738464,0.17435166239738464,0.17435166239738464,0.17435166239738464,0.17435166239738464,0.17435166239738464,0.17435166239738464,0.9999999403953552,0.0,0.0,0.0,0.0
h2b_node_agg_correction,Movies,42,text,0.16797414422035217,0.028114385902881622,0.02719990164041519,0.22328945994377136,0.12739676237106323,0.1506671905517578,0.17519792914390564,0.18975019454956055,0.1975695937871933,0.9999999403953552,0.0,0.024895019829273224,0.0,0.0
h2b_node_agg_correction,Movies,42,visual,0.3252306282520294,0.1791701316833496,-0.19065095484256744,0.8656530380249023,0.09066189080476761,0.20407989621162415,0.3242107033729553,0.44641557335853577,0.5532640814781189,0.9661067724227905,0.033893220126628876,0.10647869855165482,0.0,0.0
h2b_node_agg_correction,Movies,43,text,-0.1609385758638382,0.04783973842859268,-0.33368709683418274,-0.04309176653623581,-0.22737529873847961,-0.18841686844825745,-0.1571798473596573,-0.12822462618350983,-0.10248265415430069,0.0,0.9999999403953552,0.09028194099664688,0.0,0.0
h2b_node_agg_correction,Movies,43,visual,-0.2683457136154175,0.1495247483253479,-0.716446042060852,0.060917824506759644,-0.4602075517177582,-0.3780837655067444,-0.2741825580596924,-0.156765878200531,-0.06030676141381264,0.03749249875545502,0.9625074863433838,0.1544691026210785,0.0,0.0
h2b_node_agg_correction,Movies,44,text,-0.10915316641330719,0.03304943069815636,-0.22548289597034454,0.01380129624158144,-0.14956386387348175,-0.1279141902923584,-0.10895316302776337,-0.08951292932033539,-0.06902356445789337,0.001499700010754168,0.9985002875328064,0.37672463059425354,0.0,0.0
h2b_node_agg_correction,Movies,44,visual,0.24378125369548798,0.12131903320550919,0.06330741941928864,0.7314232587814331,0.10405398160219193,0.14769156277179718,0.22532281279563904,0.3116772174835205,0.4096171259880066,0.9999999403953552,0.0,0.08398319780826569,0.0,0.0
h2b_node_diff_correction,Movies,42,text,0.6343393921852112,0.06921938806772232,0.46485379338264465,0.8513110876083374,0.5564122796058655,0.5825602412223816,0.6217395067214966,0.676746129989624,0.7373355031013489,0.9999999403953552,0.0,0.0,0.0,0.0
h2b_node_diff_correction,Movies,42,visual,0.8885624408721924,0.14852280914783478,0.35433295369148254,1.306687831878662,0.6951548457145691,0.7935445308685303,0.895601212978363,0.9964041709899902,1.074113130569458,0.9999999403953552,0.0,0.0,0.24175164103507996,0.0
h2b_node_diff_correction,Movies,43,text,0.5788128972053528,0.050087589770555496,0.42636603116989136,0.7285633087158203,0.5162017941474915,0.5422191023826599,0.5763394832611084,0.6131436228752136,0.6463117599487305,0.9999999403953552,0.0,0.0,0.0,0.0
h2b_node_diff_correction,Movies,43,visual,0.9521586298942566,0.12760908901691437,0.5008678436279297,1.273298740386963,0.7834330797195435,0.8771108984947205,0.9621682167053223,1.0402374267578125,1.107736587524414,0.9999999403953552,0.0,0.0,0.3659268021583557,0.0
h2b_node_diff_correction,Movies,44,text,0.507862389087677,0.08013715595006943,0.3303758203983307,0.7472714185714722,0.4080643355846405,0.44307002425193787,0.49963217973709106,0.5668272376060486,0.6196500062942505,0.9999999403953552,0.0,0.0,0.0,0.0
h2b_node_diff_correction,Movies,44,visual,0.9210011959075928,0.11464877426624298,0.5556670427322388,1.2264678478240967,0.7660578489303589,0.8368377685546875,0.9302847385406494,1.0057250261306763,1.065658450126648,0.9999999403953552,0.0,0.0,0.2705458700656891,0.0
h2b_global_agg_correction,Grocery,42,text,0.2038043737411499,0.0,0.2038043886423111,0.2038043886423111,0.2038043886423111,0.2038043886423111,0.2038043886423111,0.2038043886423111,0.2038043886423111,1.0,0.0,0.0,0.0,0.0
h2b_global_agg_correction,Grocery,42,visual,0.20010124146938324,0.0,0.20010124146938324,0.20010124146938324,0.20010124146938324,0.20010124146938324,0.20010124146938324,0.20010124146938324,0.20010124146938324,1.0,0.0,0.0,0.0,0.0
h2b_global_agg_correction,Grocery,43,text,0.20973056554794312,0.0,0.20973056554794312,0.20973056554794312,0.20973056554794312,0.20973056554794312,0.20973056554794312,0.20973056554794312,0.20973056554794312,1.0,0.0,0.0,0.0,0.0
h2b_global_agg_correction,Grocery,43,visual,0.19964353740215302,0.0,0.19964353740215302,0.19964353740215302,0.19964353740215302,0.19964353740215302,0.19964353740215302,0.19964353740215302,0.19964353740215302,1.0,0.0,0.0,0.0,0.0
h2b_global_agg_correction,Grocery,44,text,0.14028680324554443,0.0,0.14028680324554443,0.14028680324554443,0.14028680324554443,0.14028680324554443,0.14028680324554443,0.14028680324554443,0.14028680324554443,1.0,0.0,0.0,0.0,0.0
h2b_global_agg_correction,Grocery,44,visual,0.15065793693065643,0.0,0.15065793693065643,0.15065793693065643,0.15065793693065643,0.15065793693065643,0.15065793693065643,0.15065793693065643,0.15065793693065643,1.0,0.0,0.0,0.0,0.0
h2b_global_diff_correction,Grocery,42,text,0.2936718165874481,0.0,0.2936718165874481,0.2936718165874481,0.2936718165874481,0.2936718165874481,0.2936718165874481,0.2936718165874481,0.2936718165874481,1.0,0.0,0.0,0.0,0.0
h2b_global_diff_correction,Grocery,42,visual,0.28722313046455383,0.0,0.28722310066223145,0.28722310066223145,0.28722310066223145,0.28722310066223145,0.28722310066223145,0.28722310066223145,0.28722310066223145,1.0,0.0,0.0,0.0,0.0
h2b_global_diff_correction,Grocery,43,text,0.1977998912334442,0.0,0.19779987633228302,0.19779987633228302,0.19779987633228302,0.19779987633228302,0.19779987633228302,0.19779987633228302,0.19779987633228302,1.0,0.0,0.0,0.0,0.0
h2b_global_diff_correction,Grocery,43,visual,0.1952189803123474,0.0,0.19521896541118622,0.19521896541118622,0.19521896541118622,0.19521896541118622,0.19521896541118622,0.19521896541118622,0.19521896541118622,1.0,0.0,0.0,0.0,0.0
h2b_global_diff_correction,Grocery,44,text,0.25769248604774475,0.0,0.25769248604774475,0.25769248604774475,0.25769248604774475,0.25769248604774475,0.25769248604774475,0.25769248604774475,0.25769248604774475,1.0,0.0,0.0,0.0,0.0
h2b_global_diff_correction,Grocery,44,visual,0.24506086111068726,0.0,0.24506086111068726,0.24506086111068726,0.24506086111068726,0.24506086111068726,0.24506086111068726,0.24506086111068726,0.24506086111068726,1.0,0.0,0.0,0.0,0.0
h2b_node_agg_correction,Grocery,42,text,0.24549078941345215,0.33064568042755127,-0.26575466990470886,1.4373352527618408,-0.04829506203532219,0.012251611799001694,0.11408665031194687,0.4117177724838257,0.7877617478370667,0.7865300178527832,0.213469997048378,0.430453896522522,0.037774525582790375,0.0
h2b_node_agg_correction,Grocery,42,visual,0.46778884530067444,0.19142377376556396,0.1408766210079193,1.0579948425292969,0.1962442845106125,0.3216974139213562,0.46420130133628845,0.6059075593948364,0.7286430597305298,1.0,0.0,0.0,0.0017569547053426504,0.0
h2b_node_agg_correction,Grocery,43,text,0.29680871963500977,0.17703920602798462,-0.1592177003622055,0.707706868648529,0.04034721478819847,0.1625802367925644,0.3141418397426605,0.4351581335067749,0.5190190076828003,0.9414348602294922,0.058565154671669006,0.16749633848667145,0.0,0.0
h2b_node_agg_correction,Grocery,43,visual,0.4506508708000183,0.2932252883911133,-0.47282716631889343,1.243093490600586,0.055576808750629425,0.25615084171295166,0.47070229053497314,0.6537226438522339,0.8172429203987122,0.925622284412384,0.07437774538993835,0.08345534652471542,0.019033676013350487,0.0
h2b_node_agg_correction,Grocery,44,text,-0.12318828701972961,0.26669323444366455,-0.9533786773681641,0.5275020003318787,-0.474894255399704,-0.3228510022163391,-0.12645447254180908,0.0894688069820404,0.24278199672698975,0.3376281261444092,0.6623718738555908,0.23221084475517273,0.0,0.0
h2b_node_agg_correction,Grocery,44,visual,0.3864883482456207,0.3248679041862488,-0.07999911904335022,1.4027974605560303,0.014297041110694408,0.09409759938716888,0.3281421661376953,0.6261259913444519,0.8683671951293945,0.9341142177581787,0.06588579714298248,0.25944364070892334,0.04655929654836655,0.0
h2b_node_diff_correction,Grocery,42,text,0.6810159683227539,0.18241767585277557,0.20173051953315735,1.4271173477172852,0.45252326130867004,0.5517054796218872,0.6679605841636658,0.7976318001747131,0.9259434938430786,1.0,0.0,0.0,0.052708640694618225,0.0
h2b_node_diff_correction,Grocery,42,visual,0.8928611278533936,0.26805761456489563,0.12171725928783417,1.623443841934204,0.526328444480896,0.7026194334030151,0.9063392877578735,1.090108871459961,1.2377442121505737,1.0,0.0,0.0,0.37452417612075806,0.0
h2b_node_diff_correction,Grocery,43,text,0.635124146938324,0.16758818924427032,0.3018152415752411,1.3008484840393066,0.4369921088218689,0.5022756457328796,0.6120364665985107,0.7472026348114014,0.8712756037712097,1.0,0.0,0.0,0.02723279781639576,0.0
h2b_node_diff_correction,Grocery,43,visual,0.8819440603256226,0.24593691527843475,0.16364319622516632,1.6066031455993652,0.5500353574752808,0.7385096549987793,0.9066068530082703,1.0585365295410156,1.1732568740844727,1.0,0.0,0.0,0.34436312317848206,0.0
h2b_node_diff_correction,Grocery,44,text,0.6267991662025452,0.26605626940727234,-0.2447192370891571,1.2773613929748535,0.2635183334350586,0.4514532685279846,0.6494911909103394,0.8226028680801392,0.9592030048370361,0.9862372279167175,0.013762811198830605,0.02693997137248516,0.06998535990715027,0.0
h2b_node_diff_correction,Grocery,44,visual,0.9396145939826965,0.2782125771045685,0.12488162517547607,1.545614242553711,0.5441362261772156,0.7571300268173218,0.9727636575698853,1.147657871246338,1.278406023979187,1.0,0.0,0.0,0.46266472339630127,0.0
h2b_global_agg_correction,ele-fashion,42,text,0.1480707973241806,0.0,0.1480707973241806,0.1480707973241806,0.1480707973241806,0.1480707973241806,0.1480707973241806,0.1480707973241806,0.1480707973241806,1.0,0.0,0.0,0.0,0.0
h2b_global_agg_correction,ele-fashion,42,visual,0.18309235572814941,0.0,0.18309235572814941,0.18309235572814941,0.18309235572814941,0.18309235572814941,0.18309235572814941,0.18309235572814941,0.18309235572814941,1.0,0.0,0.0,0.0,0.0
h2b_global_agg_correction,ele-fashion,43,text,0.16020657122135162,0.0,0.16020657122135162,0.16020657122135162,0.16020657122135162,0.16020657122135162,0.16020657122135162,0.16020657122135162,0.16020657122135162,1.0,0.0,0.0,0.0,0.0
h2b_global_agg_correction,ele-fashion,43,visual,0.22364772856235504,0.0,0.22364771366119385,0.22364771366119385,0.22364771366119385,0.22364771366119385,0.22364771366119385,0.22364771366119385,0.22364771366119385,1.0,0.0,0.0,0.0,0.0
h2b_global_agg_correction,ele-fashion,44,text,0.13252651691436768,0.0,0.13252653181552887,0.13252653181552887,0.13252653181552887,0.13252653181552887,0.13252653181552887,0.13252653181552887,0.13252653181552887,1.0,0.0,0.0,0.0,0.0
h2b_global_agg_correction,ele-fashion,44,visual,0.1683109551668167,0.0,0.1683109551668167,0.1683109551668167,0.1683109551668167,0.1683109551668167,0.1683109551668167,0.1683109551668167,0.1683109551668167,1.0,0.0,0.0,0.0,0.0
h2b_global_diff_correction,ele-fashion,42,text,0.23323947191238403,0.0,0.23323947191238403,0.23323947191238403,0.23323947191238403,0.23323947191238403,0.23323947191238403,0.23323947191238403,0.23323947191238403,1.0,0.0,0.0,0.0,0.0
h2b_global_diff_correction,ele-fashion,42,visual,0.27651408314704895,0.0,0.27651408314704895,0.27651408314704895,0.27651408314704895,0.27651408314704895,0.27651408314704895,0.27651408314704895,0.27651408314704895,1.0,0.0,0.0,0.0,0.0
h2b_global_diff_correction,ele-fashion,43,text,0.28869616985321045,0.0,0.28869616985321045,0.28869616985321045,0.28869616985321045,0.28869616985321045,0.28869616985321045,0.28869616985321045,0.28869616985321045,1.0,0.0,0.0,0.0,0.0
h2b_global_diff_correction,ele-fashion,43,visual,0.3451419472694397,0.0,0.3451419174671173,0.3451419174671173,0.3451419174671173,0.3451419174671173,0.3451419174671173,0.3451419174671173,0.3451419174671173,1.0,0.0,0.0,0.0,0.0
h2b_global_diff_correction,ele-fashion,44,text,0.25118276476860046,0.0,0.2511827349662781,0.2511827349662781,0.2511827349662781,0.2511827349662781,0.2511827349662781,0.2511827349662781,0.2511827349662781,1.0,0.0,0.0,0.0,0.0
h2b_global_diff_correction,ele-fashion,44,visual,0.30504828691482544,0.0,0.30504828691482544,0.30504828691482544,0.30504828691482544,0.30504828691482544,0.30504828691482544,0.30504828691482544,0.30504828691482544,1.0,0.0,0.0,0.0,0.0
h2b_node_agg_correction,ele-fashion,42,text,-0.20565372705459595,0.27024438977241516,-0.9660833477973938,0.3615841269493103,-0.5765092372894287,-0.4226323366165161,-0.1956576704978943,0.022362180054187775,0.13654524087905884,0.2853636145591736,0.7146363854408264,0.2664416432380676,0.0,0.0
h2b_node_agg_correction,ele-fashion,42,visual,0.04314808547496796,0.2707167863845825,-0.5799633264541626,0.6156390309333801,-0.34943628311157227,-0.18479867279529572,0.0734175592660904,0.27244699001312256,0.38204771280288696,0.576761782169342,0.42323821783065796,0.20763015747070312,0.0,0.0
h2b_node_agg_correction,ele-fashion,43,text,-0.13038139045238495,0.21654319763183594,-1.1501269340515137,0.08843528479337692,-0.4390733242034912,-0.27130648493766785,-0.07489649951457977,0.06810382753610611,0.07797277718782425,0.4122941792011261,0.5877058506011963,0.5310422778129578,0.00040912345866672695,0.0
h2b_node_agg_correction,ele-fashion,43,visual,-0.2560911476612091,0.42404693365097046,-1.2863833904266357,0.27519896626472473,-0.8735506534576416,-0.6178197264671326,-0.2068140059709549,0.19467706978321075,0.2258736938238144,0.38007569313049316,0.6199243068695068,0.1127135157585144,0.042957961559295654,0.0
h2b_node_agg_correction,ele-fashion,44,text,-0.11056126654148102,0.24218536913394928,-0.731393575668335,0.49072548747062683,-0.44085752964019775,-0.29419973492622375,-0.1170191839337349,0.09334876388311386,0.21111546456813812,0.3580853044986725,0.6419147253036499,0.23217755556106567,0.0,0.0
h2b_node_agg_correction,ele-fashion,44,visual,-0.15643620491027832,0.3983005881309509,-1.048267126083374,0.5757550597190857,-0.7148175239562988,-0.48735713958740234,-0.15203987061977386,0.19439278542995453,0.38590294122695923,0.3799734115600586,0.6200265884399414,0.14840953052043915,0.0009205277892760932,0.0
h2b_node_diff_correction,ele-fashion,42,text,0.6391730904579163,0.16403520107269287,0.09263571351766586,1.075976848602295,0.4159829914569855,0.5072306394577026,0.6574543118476868,0.7679916024208069,0.8421019911766052,1.0,0.0,0.00010228086466668174,0.003375268541276455,0.0
h2b_node_diff_correction,ele-fashion,42,visual,1.183340311050415,0.24422496557235718,0.4154333472251892,1.781935214996338,0.8462740182876587,0.997276782989502,1.1941858530044556,1.3725275993347168,1.4971463680267334,1.0,0.0,0.0,0.7469571828842163,0.0
h2b_node_diff_correction,ele-fashion,43,text,0.7139001488685608,0.21476465463638306,0.14569436013698578,1.372117519378662,0.4687696695327759,0.5548964738845825,0.6741695404052734,0.869773268699646,1.0253796577453613,1.0,0.0,0.0,0.12202107161283493,0.0
h2b_node_diff_correction,ele-fashion,43,visual,1.2195991277694702,0.32238033413887024,0.21959370374679565,1.9028778076171875,0.7700575590133667,0.9891932010650635,1.2503705024719238,1.471060037612915,1.6218582391738892,1.0,0.0,0.0,0.7423545122146606,0.00010228086466668174
h2b_node_diff_correction,ele-fashion,44,text,0.6092630624771118,0.0797349363565445,0.3921657204627991,0.8227074146270752,0.5039044618606567,0.54217529296875,0.6105538606643677,0.6729200482368469,0.7137678265571594,1.0,0.0,0.0,0.0,0.0
h2b_node_diff_correction,ele-fashion,44,visual,1.254582166671753,0.14321191608905792,0.5525944232940674,1.6449222564697266,1.0684014558792114,1.1672594547271729,1.2656078338623047,1.3567596673965454,1.431293249130249,1.0,0.0,0.0,0.9497801065444946,0.0
h2b_global_agg_correction,Reddit-S,42,text,0.15877947211265564,0.0,0.15877948701381683,0.15877948701381683,0.15877948701381683,0.15877948701381683,0.15877948701381683,0.15877948701381683,0.15877948701381683,1.0,0.0,0.0,0.0,0.0
h2b_global_agg_correction,Reddit-S,42,visual,0.12616005539894104,0.0,0.12616005539894104,0.12616005539894104,0.12616005539894104,0.12616005539894104,0.12616005539894104,0.12616005539894104,0.12616005539894104,1.0,0.0,0.0,0.0,0.0
h2b_global_agg_correction,Reddit-S,43,text,0.15192699432373047,0.0,0.15192699432373047,0.15192699432373047,0.15192699432373047,0.15192699432373047,0.15192699432373047,0.15192699432373047,0.15192699432373047,1.0,0.0,0.0,0.0,0.0
h2b_global_agg_correction,Reddit-S,43,visual,0.12715086340904236,0.0,0.12715086340904236,0.12715086340904236,0.12715086340904236,0.12715086340904236,0.12715086340904236,0.12715086340904236,0.12715086340904236,1.0,0.0,0.0,0.0,0.0
h2b_global_agg_correction,Reddit-S,44,text,0.15269386768341064,0.0,0.15269386768341064,0.15269386768341064,0.15269386768341064,0.15269386768341064,0.15269386768341064,0.15269386768341064,0.15269386768341064,1.0,0.0,0.0,0.0,0.0
h2b_global_agg_correction,Reddit-S,44,visual,0.14122186601161957,0.0,0.14122186601161957,0.14122186601161957,0.14122186601161957,0.14122186601161957,0.14122186601161957,0.14122186601161957,0.14122186601161957,1.0,0.0,0.0,0.0,0.0
h2b_global_diff_correction,Reddit-S,42,text,0.12251146137714386,0.0,0.12251146137714386,0.12251146137714386,0.12251146137714386,0.12251146137714386,0.12251146137714386,0.12251146137714386,0.12251146137714386,1.0,0.0,0.0,0.0,0.0
h2b_global_diff_correction,Reddit-S,42,visual,0.10937703400850296,0.0,0.10937703400850296,0.10937703400850296,0.10937703400850296,0.10937703400850296,0.10937703400850296,0.10937703400850296,0.10937703400850296,1.0,0.0,0.0,0.0,0.0
h2b_global_diff_correction,Reddit-S,43,text,0.14805853366851807,0.0,0.14805853366851807,0.14805853366851807,0.14805853366851807,0.14805853366851807,0.14805853366851807,0.14805853366851807,0.14805853366851807,1.0,0.0,0.0,0.0,0.0
h2b_global_diff_correction,Reddit-S,43,visual,0.12118936330080032,0.0,0.12118936330080032,0.12118936330080032,0.12118936330080032,0.12118936330080032,0.12118936330080032,0.12118936330080032,0.12118936330080032,1.0,0.0,0.0,0.0,0.0
h2b_global_diff_correction,Reddit-S,44,text,0.12756626307964325,0.0,0.12756626307964325,0.12756626307964325,0.12756626307964325,0.12756626307964325,0.12756626307964325,0.12756626307964325,0.12756626307964325,1.0,0.0,0.0,0.0,0.0
h2b_global_diff_correction,Reddit-S,44,visual,0.11454672366380692,0.0,0.11454672366380692,0.11454672366380692,0.11454672366380692,0.11454672366380692,0.11454672366380692,0.11454672366380692,0.11454672366380692,1.0,0.0,0.0,0.0,0.0
h2b_node_agg_correction,Reddit-S,42,text,0.3408844470977783,0.0726727619767189,0.1868760734796524,0.6549781560897827,0.25124865770339966,0.2876468002796173,0.3324712812900543,0.38588947057724,0.43973520398139954,1.0,0.0,0.0,0.0,0.0
h2b_node_agg_correction,Reddit-S,42,visual,0.20380224287509918,0.07139389961957932,0.09228082746267319,0.42428985238075256,0.12320935726165771,0.14306557178497314,0.19773083925247192,0.24082590639591217,0.311572790145874,1.0,0.0,0.00408933637663722,0.0,0.0
h2b_node_agg_correction,Reddit-S,43,text,0.47626906633377075,0.06793606281280518,0.24204769730567932,0.6894619464874268,0.38649216294288635,0.4288027286529541,0.476502925157547,0.5240740180015564,0.5649582743644714,1.0,0.0,0.0,0.0,0.0
h2b_node_agg_correction,Reddit-S,43,visual,0.21962174773216248,0.1161641776561737,0.07369644194841385,0.6524208188056946,0.12440705299377441,0.14156566560268402,0.173842191696167,0.2503770589828491,0.4095444083213806,1.0,0.0,0.01950298808515072,0.0,0.0
h2b_node_agg_correction,Reddit-S,44,text,0.4604913294315338,0.0409625843167305,0.3244231939315796,0.5896192789077759,0.40378084778785706,0.4318098723888397,0.4615643620491028,0.4895772337913513,0.5134435892105103,1.0,0.0,0.0,0.0,0.0
h2b_node_agg_correction,Reddit-S,44,visual,0.2069721519947052,0.05709413066506386,0.018959177657961845,0.33065569400787354,0.1355026364326477,0.1659572720527649,0.20979861915111542,0.24864070117473602,0.28064852952957153,1.0,0.0,0.03774771839380264,0.0,0.0
h2b_node_diff_correction,Reddit-S,42,text,0.48333242535591125,0.21567727625370026,-0.023925771936774254,1.1882438659667969,0.20551317930221558,0.34098708629608154,0.4792185127735138,0.6225090622901917,0.7796962261199951,0.997483491897583,0.0025165146216750145,0.04970116540789604,0.006605850998312235,0.0
h2b_node_diff_correction,Reddit-S,42,visual,0.3536767065525055,0.1206040009856224,0.060894496738910675,0.8873555064201355,0.21963192522525787,0.27379506826400757,0.351664662361145,0.42078888416290283,0.4982749819755554,1.0,0.0,0.03334381803870201,0.0,0.0
h2b_node_diff_correction,Reddit-S,43,text,0.5422107577323914,0.12495563924312592,0.1750214397907257,0.8799614310264587,0.3738722503185272,0.4800090491771698,0.5538902878761292,0.6270270943641663,0.6902588605880737,1.0,0.0,0.0,0.0,0.0
h2b_node_diff_correction,Reddit-S,43,visual,0.37134453654289246,0.062390390783548355,0.17526917159557343,0.5570408701896667,0.300565242767334,0.3404470682144165,0.3764154016971588,0.4123685359954834,0.44165119528770447,1.0,0.0,0.0,0.0,0.0
h2b_node_diff_correction,Reddit-S,44,text,0.5482855439186096,0.0721028596162796,0.35639747977256775,0.7429641485214233,0.4501621425151825,0.4963412284851074,0.549699604511261,0.6039339303970337,0.64103102684021,1.0,0.0,0.0,0.0,0.0
h2b_node_diff_correction,Reddit-S,44,visual,0.500108003616333,0.05560620129108429,0.2710166871547699,0.6287540793418884,0.4534175395965576,0.4796539545059204,0.5058887004852295,0.5338829755783081,0.5551391839981079,1.0,0.0,0.0,0.0,0.0
