dataset,seed,readout,complementary_candidate_edge_utility,redundant_candidate_edge_utility,candidate_utility_difference,low_similarity_matched_control_utility,high_similarity_matched_control_utility,low_similarity_matching_status,high_similarity_matching_status,validation_only
Grocery,42,gpr,0.0027967095375061035,-0.006371438503265381,0.009168148040771484,-0.009270182251930237,-0.011335048079490661,MATCHED,MATCHED,True
Grocery,42,uniform,0.007891178131103516,0.00043886899948120117,0.0074523091316223145,0.0023327946662902834,-0.004364818334579468,MATCHED,MATCHED,True
Grocery,43,gpr,0.011448442935943604,0.009731948375701904,0.0017164945602416992,0.01157289296388626,0.003264997899532318,MATCHED,MATCHED,True
Grocery,43,uniform,0.010095834732055664,0.006689220666885376,0.003406614065170288,0.007993660867214203,0.0004967659711837769,MATCHED,MATCHED,True
Grocery,44,gpr,0.014024406671524048,0.002705991268157959,0.011318415403366089,0.003693516552448273,-0.00011354684829711914,MATCHED,MATCHED,True
Grocery,44,uniform,0.013204097747802734,0.0016697943210601807,0.011534303426742554,0.0009909301996231079,-0.0024910598993301393,MATCHED,MATCHED,True
Movies,42,gpr,-0.017538070678710938,0.0035753250122070312,-0.02111339569091797,-0.015441244840621949,-0.014005148410797119,MATCHED,MATCHED,True
Movies,42,uniform,-0.0067719221115112305,0.005186319351196289,-0.01195824146270752,-0.009771215915679931,-0.01117246150970459,MATCHED,MATCHED,True
Movies,43,gpr,0.010905742645263672,0.014987647533416748,-0.004081904888153076,0.015253421664237977,0.003872936964035034,MATCHED,MATCHED,True
Movies,43,uniform,0.00485461950302124,0.0171014666557312,-0.012246847152709961,0.014205998182296753,-0.0010592520236968994,MATCHED,MATCHED,True
Movies,44,gpr,0.018046259880065918,0.010724067687988281,0.007322192192077637,0.008557265996932984,9.885728359222412e-05,MATCHED,MATCHED,True
Movies,44,uniform,0.014743149280548096,0.004983305931091309,0.009759843349456787,0.0027232438325881956,-0.005730095505714417,MATCHED,MATCHED,True
Reddit-S,42,gpr,0.008041739463806152,0.006013840436935425,0.0020278990268707275,-0.0017529085278511047,-0.0026187166571617127,MATCHED,MATCHED,True
Reddit-S,42,uniform,0.01113884150981903,0.0049654096364974976,0.006173431873321533,-0.0010078631341457367,-0.003506552428007126,MATCHED,MATCHED,True
Reddit-S,43,gpr,0.01420275866985321,0.00399770587682724,0.01020505279302597,7.000565528869629e-05,-0.0007289562374353409,MATCHED,MATCHED,True
Reddit-S,43,uniform,0.011742211878299713,0.007618159055709839,0.004124052822589874,0.0012422922998666763,-0.001317443698644638,MATCHED,MATCHED,True
Reddit-S,44,gpr,0.0049220845103263855,0.003540828824043274,0.0013812556862831116,-0.002885566279292107,-0.0059124425053596495,MATCHED,MATCHED,True
Reddit-S,44,uniform,0.0132514089345932,0.004096679389476776,0.009154729545116425,-0.0023530855774879455,-0.006020192056894302,MATCHED,MATCHED,True
Toys,42,gpr,0.017470955848693848,0.014121770858764648,0.0033491849899291992,0.008223870396614074,0.003454458713531494,MATCHED,MATCHED,True
Toys,42,uniform,0.013888776302337646,0.012257516384124756,0.0016312599182128906,0.003836548328399658,-0.0007504016160964966,MATCHED,MATCHED,True
Toys,43,gpr,0.02243596315383911,0.018611550331115723,0.0038244128227233887,0.01726019084453583,0.006924456357955933,MATCHED,MATCHED,True
Toys,43,uniform,0.022858858108520508,0.01602548360824585,0.006833374500274658,0.014599642157554627,0.005606508255004883,MATCHED,MATCHED,True
Toys,44,gpr,0.022329598665237427,0.010072559118270874,0.012257039546966553,0.009191899001598359,0.005941735208034515,MATCHED,MATCHED,True
Toys,44,uniform,0.023331373929977417,0.013459503650665283,0.009871870279312134,0.012724556028842926,0.008233171701431275,MATCHED,MATCHED,True
ele-fashion,42,gpr,-0.007540762424468994,-0.006971180438995361,-0.0005695819854736328,-0.007203704118728638,-0.006942762434482575,MATCHED,MATCHED,True
ele-fashion,42,uniform,-0.0041921138763427734,-0.0020554661750793457,-0.0021366477012634277,-0.002005690336227417,-0.0036705851554870604,MATCHED,MATCHED,True
ele-fashion,43,gpr,-0.008059918880462646,-0.00720900297164917,-0.0008509159088134766,-0.00926477313041687,-0.008795371651649475,MATCHED,MATCHED,True
ele-fashion,43,uniform,-0.005596369504928589,-0.0039300620555877686,-0.0016663074493408203,-0.0063981696963310245,-0.00540395975112915,MATCHED,MATCHED,True
ele-fashion,44,gpr,-0.005019456148147583,-0.003550112247467041,-0.001469343900680542,-0.005493552982807159,-0.00538976639509201,MATCHED,MATCHED,True
ele-fashion,44,uniform,-0.006396383047103882,-0.002168029546737671,-0.004228353500366211,-0.004142005741596222,-0.004997928440570831,MATCHED,MATCHED,True
