dataset,operator,seed,deep_val_accuracy,anchored25_val_accuracy,val_accuracy_gain,deep_val_macro_f1,anchored25_val_macro_f1,val_macro_f1_gain,test_accuracy_descriptive_gain
Movies,gcn,42,0.5239952206611633,0.5317936539649963,0.007798433303833008,0.4581455037516117,0.4097783366576585,-0.04836716709395322,0.00029987096786499023
Movies,gcn,43,0.5242951512336731,0.5269945859909058,0.002699434757232666,0.40345866667716407,0.4399280433375893,0.03646937666042521,-0.005097448825836182
Movies,gcn,44,0.5230953693389893,0.5230953693389893,0.0,0.416644810930553,0.41822175932198274,0.0015769483914297444,-0.01469266414642334
Movies,sage,42,0.4553089439868927,0.4436112642288208,-0.0116976797580719,0.1300227561851352,0.1268985752898687,-0.003124180895266504,-0.012293875217437744
Movies,sage,43,0.4226154685020447,0.4358128309249878,0.013197362422943115,0.1150594576644834,0.13206849784550376,0.017009040181020355,0.021589189767837524
Movies,sage,44,0.34523096680641174,0.3728254437446594,0.02759447693824768,0.04119112624292626,0.11151856281320498,0.07032743657027872,0.025187432765960693
Toys,gcn,42,0.7818313837051392,0.780864953994751,-0.0009664297103881836,0.7407444306937236,0.7479564633232312,0.0072120326295075365,-0.0012080073356628418
Toys,gcn,43,0.785213828086853,0.785213828086853,0.0,0.745173074629927,0.7477059628784642,0.0025328882485372572,-0.003140866756439209
Toys,gcn,44,0.7798985242843628,0.7842473983764648,0.004348874092102051,0.7524835154210782,0.7519872565078279,-0.0004962589132502249,-0.002416074275970459
Toys,sage,42,0.7811065316200256,0.7859386205673218,0.004832088947296143,0.7542762018813091,0.7594940565563566,0.00521785467504754,-0.003865659236907959
Toys,sage,43,0.7823145389556885,0.7832809686660767,0.0009664297103881836,0.7555380277383983,0.7558786242102946,0.00034059647189632614,-0.0019328594207763672
Toys,sage,44,0.7849721908569336,0.779173731803894,-0.005798459053039551,0.7574405706858118,0.7424167201354192,-0.015023850550392681,-0.004590451717376709
Grocery,gcn,42,0.7926793694496155,0.7953147888183594,0.0026354193687438965,0.7041487747612762,0.682914495288662,-0.021234279472614248,0.006149351596832275
Grocery,gcn,43,0.7997071743011475,0.7944363355636597,-0.005270838737487793,0.7125215113422237,0.7042303021811889,-0.008291209161034874,-0.007613480091094971
Grocery,gcn,44,0.799414336681366,0.7997071743011475,0.00029283761978149414,0.7221255534827252,0.7127994047211249,-0.009326148761600317,0.012005865573883057
Grocery,sage,42,0.8152269124984741,0.8105417490005493,-0.004685163497924805,0.7421072025222256,0.7395754171403417,-0.002531785381883922,-0.001756906509399414
Grocery,sage,43,0.8090776205062866,0.8046852350234985,-0.004392385482788086,0.7365333146496973,0.7315413427447378,-0.00499197190495948,-0.01259148120880127
Grocery,sage,44,0.8152269124984741,0.8090776205062866,-0.0061492919921875,0.7356067621004636,0.7413054440395997,0.005698681939136141,0.0026354193687438965
ele-fashion,gcn,42,0.8567045331001282,0.8555794358253479,-0.0011250972747802734,0.728763722361916,0.7209343667005071,-0.007829355661408854,-0.0011250972747802734
ele-fashion,gcn,43,0.8561931252479553,0.8561931252479553,0.0,0.726761427828614,0.7218376380995228,-0.0049237897290911325,-0.0011250972747802734
ele-fashion,gcn,44,0.858238697052002,0.8576250672340393,-0.0006136298179626465,0.7290980848321609,0.7196569616816828,-0.00944112315047807,-0.0010228157043457031
ele-fashion,sage,42,0.8695918917655945,0.8702055811882019,0.0006136894226074219,0.7355243493854222,0.7283773653432418,-0.007146984042180393,-0.0020456910133361816
ele-fashion,sage,43,0.8720466494560242,0.871842086315155,-0.00020456314086914062,0.7387481616107446,0.7432151519943375,0.004466990383592884,0.0007159709930419922
ele-fashion,sage,44,0.8717398047447205,0.8687736392021179,-0.002966165542602539,0.7550375838435809,0.7298734862385102,-0.025164097605070657,-0.003852665424346924
Reddit-S,gcn,42,0.9424347281455994,0.9421201348304749,-0.0003145933151245117,0.9021515414262826,0.9012052562268102,-0.0009462851994723742,0.00031453371047973633
Reddit-S,gcn,43,0.9421201348304749,0.9421201348304749,0.0,0.9035799032190497,0.9038224093143448,0.00024250609529508083,0.0034601688385009766
Reddit-S,gcn,44,0.9383453726768494,0.9414910078048706,0.0031456351280212402,0.9008723521701893,0.9065822943019877,0.005709942131798318,0.0037748217582702637
Reddit-S,sage,42,0.9575338363647461,0.9569047093391418,-0.000629127025604248,0.9229209393173592,0.9239597650540693,0.0010388257367101028,0.0006291866302490234
Reddit-S,sage,43,0.9553318619728088,0.9556464552879333,0.0003145933151245117,0.9192029055796533,0.9170979394778385,-0.0021049661018148758,0.000629127025604248
Reddit-S,sage,44,0.9578483700752258,0.9540736079216003,-0.0037747621536254883,0.923393188862691,0.9168066401643415,-0.006586548698349404,-0.0018873810768127441
