dataset,operator,deep_val_accuracy_mean,deep_val_accuracy_population_std,anchored25_val_accuracy_mean,anchored25_val_accuracy_population_std,deep_val_macro_f1_mean,anchored25_val_macro_f1_mean,anchored25_minus_deep_mean,anchored25_minus_deep_population_std,positive_seed_pairs,seed_pairs
Movies,gcn,0.5237952470779419,0.0005098112227041171,0.5272945364316305,0.003557388232859044,0.42608299378644293,0.42264271310574353,0.003499289353688558,0.003233544601020853,2,3
Movies,sage,0.4077184597651164,0.04615720180006374,0.417416512966156,0.03169097117724866,0.09542444669751494,0.12349521198285916,0.009698053201039633,0.016230676063859386,2,3
Toys,gcn,0.7823145786921183,0.0021966977754155036,0.7834420601526896,0.0018645113226158732,0.7461336735815762,0.7492165609031746,0.001127481460571289,0.002311784946910181,1,3
Toys,sage,0.7827977538108826,0.0016147141710290691,0.7827977736790975,0.002782808897734931,0.7557516001018397,0.7525964669673568,1.9868214925130207e-08,0.004393373698662362,2,3
Grocery,gcn,0.797266960144043,0.0032461186826309046,0.7964860995610555,0.0023057047933501794,0.7129319465287417,0.6999814007303252,-0.0007808605829874674,0.0033158056018169043,2,3
Grocery,sage,0.8131771485010783,0.002898804044781277,0.8081015348434448,0.002488539920884235,0.7380824264241289,0.7374740679748931,-0.005075613657633464,0.0007685564894028702,0,3
ele-fashion,gcn,0.8570454518000284,0.0008691989305615199,0.8564658761024475,0.0008571062697728369,0.7282077450075636,0.7208096554939042,-0.0005795756975809733,0.00045994980288847947,0,3
ele-fashion,sage,0.871126115322113,0.0010920683312705595,0.870273768901825,0.0012536158621080321,0.7431033649465825,0.7338220011920299,-0.0008523464202880859,0.0015315695164994797,1,3
Reddit-S,gcn,0.9409667452176412,0.0018580343980836875,0.9419104258219401,0.00029657332402165766,0.9022012656051738,0.903869986614381,0.0009436806042989095,0.001562304927958727,1,3
Reddit-S,sage,0.9569046894709269,0.0011195453297014012,0.9555415908495585,0.0011581684454137434,0.9218390112532345,0.9192881148987496,-0.0013630986213684082,0.0017482834943624607,1,3
