dataset,seed,family,method,val_selection_accuracy,val_selected_accuracy,val_selected_macro_f1,val_best_static_accuracy,val_gain_vs_best_static,val_reference_accuracy,val_gain_vs_reference,val_oracle_accuracy,val_oracle_headroom_vs_static,train_selection_accuracy,train_selected_accuracy,train_reference_accuracy
Movies,42,self_structure,oracle,1.0,0.6760647870425914,0.5830682156467101,0.5218956208758249,0.15416916616676657,0.5728854229154169,0.10317936412717454,0.6760647870425914,0.15416916616676657,1.0,0.9020293911826452,0.7998600419874038
Movies,42,self_structure,confidence,0.6568686366081238,0.5620875824835033,0.4405379860604108,0.5218956208758249,0.04019196160767846,0.5728854229154169,-0.010797840431913563,0.6760647870425914,0.15416916616676657,0.26681995391845703,0.680595821253624,0.7998600419874038
Movies,42,self_structure,entropy,0.6361727714538574,0.5599880023995201,0.4440414504107218,0.5218956208758249,0.03809238152369521,0.5728854229154169,-0.012897420515896818,0.6760647870425914,0.15416916616676657,0.26681995391845703,0.680595821253624,0.7998600419874038
Movies,42,self_structure,best_static_train_selected,0.5086982846260071,0.5218956208758249,0.40409844804730755,0.5218956208758249,0.0,0.5728854229154169,-0.050989802039592025,0.6760647870425914,0.15416916616676657,0.733180046081543,0.8624412676197141,0.7998600419874038
Movies,43,self_structure,oracle,1.0,0.7846430713857229,0.6885836802350621,0.7027594481103779,0.08188362327534493,0.6835632873425315,0.1010797840431914,0.7846430713857229,0.08188362327534493,1.0,0.7954613615915226,0.6900929721083675
Movies,43,self_structure,confidence,0.7876424789428711,0.713257348530294,0.6110862496797631,0.7027594481103779,0.01049790041991605,0.6835632873425315,0.02969406118776252,0.7846430713857229,0.08188362327534493,0.35189443826675415,0.6343097070878736,0.6900929721083675
Movies,43,self_structure,entropy,0.760047972202301,0.7084583083383323,0.6084719747275874,0.7027594481103779,0.005698860227954405,0.6835632873425315,0.024895020995800876,0.7846430713857229,0.08188362327534493,0.35189443826675415,0.6343097070878736,0.6900929721083675
Movies,43,self_structure,best_static_train_selected,0.6652669310569763,0.7027594481103779,0.5778738914040655,0.7027594481103779,0.0,0.6835632873425315,0.01919616076784647,0.7846430713857229,0.08188362327534493,0.6481055617332458,0.7087873637908627,0.6900929721083675
Movies,44,self_structure,oracle,1.0,0.792741451709658,0.711364935389496,0.6820635872825435,0.11067786442711458,0.7321535692861427,0.060587882423515316,0.792741451709658,0.11067786442711458,1.0,0.7801659502149355,0.711886434069779
Movies,44,self_structure,confidence,0.7849429845809937,0.70875824835033,0.6257652884338574,0.6820635872825435,0.026694661067786507,0.7321535692861427,-0.023395320935812758,0.792741451709658,0.11067786442711458,0.40897729992866516,0.6260121963410976,0.711886434069779
Movies,44,self_structure,entropy,0.7462507486343384,0.6976604679064187,0.6148118491189505,0.6820635872825435,0.015596880623875209,0.7321535692861427,-0.034493101379724056,0.792741451709658,0.11067786442711458,0.40897729992866516,0.6260121963410976,0.711886434069779
Movies,44,self_structure,best_static_train_selected,0.5746850371360779,0.6820635872825435,0.5636417501597084,0.6820635872825435,0.0,0.7321535692861427,-0.050089982003599265,0.792741451709658,0.11067786442711458,0.5910226702690125,0.6759972008397481,0.711886434069779
Toys,42,self_structure,oracle,1.0,0.8605943464604977,0.8408388032100409,0.7521140372070548,0.10848030925344287,0.8076830152210679,0.052911331239429815,0.8605943464604977,0.10848030925344287,1.0,0.9908190384150761,0.8963517757912539
Toys,42,self_structure,confidence,0.8253201246261597,0.7989852621406137,0.7699446096336907,0.7521140372070548,0.046871224933558886,0.8076830152210679,-0.008697753080454174,0.8605943464604977,0.10848030925344287,0.11355400085449219,0.8605138117097527,0.8963517757912539
Toys,42,self_structure,entropy,0.8009181022644043,0.7939115728436821,0.7650675205036512,0.7521140372070548,0.04179753563662725,0.8076830152210679,-0.013771442377385812,0.8605943464604977,0.10848030925344287,0.11355400085449219,0.8605138117097527,0.8963517757912539
Toys,42,self_structure,best_static_train_selected,0.609809160232544,0.7521140372070548,0.7263927462002084,0.7521140372070548,0.0,0.8076830152210679,-0.05556897801401306,0.8605943464604977,0.10848030925344287,0.8864459991455078,0.9900942256583716,0.8963517757912539
Toys,43,self_structure,oracle,1.0,0.9045663203672385,0.8870849055782373,0.8395747765160667,0.06499154385117178,0.8402995892727712,0.06426673109446734,0.9045663203672385,0.06499154385117178,1.0,0.9080293146492712,0.8493194813562052
Toys,43,self_structure,confidence,0.8881372213363647,0.8647016187484899,0.8390387786121813,0.8395747765160667,0.02512684223242323,0.8402995892727712,0.02440202947571879,0.9045663203672385,0.06499154385117178,0.4268341660499573,0.8378030119996779,0.8493194813562052
Toys,43,self_structure,entropy,0.863976776599884,0.8622855762261415,0.8374126469189229,0.8395747765160667,0.022710799710074836,0.8402995892727712,0.021985986953370396,0.9045663203672385,0.06499154385117178,0.4268341660499573,0.8378030119996779,0.8493194813562052
Toys,43,self_structure,best_static_train_selected,0.5612466931343079,0.8395747765160667,0.8146724714342365,0.8395747765160667,0.0,0.8402995892727712,-0.0007248127567044405,0.9045663203672385,0.06499154385117178,0.5731658339500427,0.8551985181605863,0.8493194813562052
Toys,44,self_structure,oracle,1.0,0.8997342353225417,0.8784308132114856,0.8439236530562938,0.05581058226624791,0.8651848272529596,0.034549408069582066,0.8997342353225417,0.05581058226624791,1.0,0.8987678183136023,0.8608359507127326
Toys,44,self_structure,confidence,0.8886204361915588,0.8651848272529596,0.8393005146058614,0.8439236530562938,0.021261174196665844,0.8651848272529596,0.0,0.8997342353225417,0.05581058226624791,0.5338648557662964,0.8416686800354353,0.8608359507127326
Toys,44,self_structure,entropy,0.859627902507782,0.8603527422082629,0.8334751625645768,0.8439236530562938,0.016429089151969056,0.8651848272529596,-0.004832085044696788,0.8997342353225417,0.05581058226624791,0.5338648557662964,0.8416686800354353,0.8608359507127326
Toys,44,self_structure,best_static_train_selected,0.5380526781082153,0.8439236530562938,0.8200905907429069,0.8439236530562938,0.0,0.8651848272529596,-0.021261174196665844,0.8997342353225417,0.05581058226624791,0.5338648557662964,0.8416686800354353,0.8608359507127326
Grocery,42,self_structure,oracle,1.0,0.8802342606149341,0.8228954018388863,0.7871156661786237,0.09311859443631043,0.8278184480234261,0.05241581259150807,0.8802342606149341,0.09311859443631043,1.0,0.9974619289340102,0.922491214369387
Grocery,42,self_structure,confidence,0.852122962474823,0.8248901903367496,0.756253133782469,0.7871156661786237,0.03777452415812588,0.8278184480234261,-0.002928257686676483,0.8802342606149341,0.09311859443631043,0.11753221601247787,0.8880320187426787,0.922491214369387
Grocery,42,self_structure,entropy,0.8333821296691895,0.8216691068814056,0.7517622608674903,0.7871156661786237,0.03455344070278188,0.8278184480234261,-0.006149341142020481,0.8802342606149341,0.09311859443631043,0.11753221601247787,0.8880320187426787,0.922491214369387
Grocery,42,self_structure,best_static_train_selected,0.6363103985786438,0.7871156661786237,0.7180926894186362,0.7871156661786237,0.0,0.8278184480234261,-0.04070278184480236,0.8802342606149341,0.09311859443631043,0.8824678063392639,0.9974619289340102,0.922491214369387
Grocery,43,self_structure,oracle,1.0,0.9546120058565154,0.927801790311914,0.9162518301610542,0.03836017569546124,0.9039531478770132,0.0506588579795022,0.9546120058565154,0.03836017569546124,1.0,0.9513861772745021,0.9010152284263959
Grocery,43,self_structure,confidence,0.9428989887237549,0.9329428989751098,0.9056052977530568,0.9162518301610542,0.016691068814055687,0.9039531478770132,0.02898975109809665,0.9546120058565154,0.03836017569546124,0.18869581818580627,0.8690941038656774,0.9010152284263959
Grocery,43,self_structure,entropy,0.9332357048988342,0.9308931185944364,0.9049976291093419,0.9162518301610542,0.014641288433382194,0.9039531478770132,0.026939970717423156,0.9546120058565154,0.03836017569546124,0.18869581818580627,0.8690941038656774,0.9010152284263959
Grocery,43,self_structure,best_static_train_selected,0.8090776205062866,0.9162518301610542,0.8884294536910827,0.9162518301610542,0.0,0.9039531478770132,0.012298682284040963,0.9546120058565154,0.03836017569546124,0.8113041520118713,0.912827020695041,0.9010152284263959
Grocery,44,self_structure,oracle,1.0,0.9490483162518302,0.916431687832684,0.9162518301610542,0.03279648609077601,0.9209370424597365,0.02811127379209366,0.9490483162518302,0.03279648609077601,1.0,0.9462124170245998,0.9189769621241702
Grocery,44,self_structure,confidence,0.932650089263916,0.9200585651537335,0.8822096955441247,0.9162518301610542,0.0038067349926793614,0.9209370424597365,-0.0008784773060029893,0.9490483162518302,0.03279648609077601,0.24707145988941193,0.8594299101913315,0.9189769621241702
Grocery,44,self_structure,entropy,0.9203513860702515,0.9206442166910688,0.8812989019549541,0.9162518301610542,0.004392386530014614,0.9209370424597365,-0.00029282576866773713,0.9490483162518302,0.03279648609077601,0.24707145988941193,0.8594299101913315,0.9189769621241702
Grocery,44,self_structure,best_static_train_selected,0.7604685425758362,0.9162518301610542,0.8829321953968213,0.9162518301610542,0.0,0.9209370424597365,-0.004685212298682351,0.9490483162518302,0.03279648609077601,0.7529285550117493,0.9086294416243654,0.9189769621241702
ele-fashion,42,self_structure,oracle,1.0,0.89894650710852,0.7965625566829221,0.8780812110054209,0.020865296103099062,0.8761378746036617,0.022808632504858317,0.89894650710852,0.020865296103099062,1.0,0.9292862135392693,0.9049080277536269
ele-fashion,42,self_structure,confidence,0.893423318862915,0.8781834918686714,0.7533977186725707,0.8780812110054209,0.00010228086325048125,0.8761378746036617,0.002045617265009736,0.89894650710852,0.020865296103099062,0.29673194885253906,0.8812628923097905,0.9049080277536269
ele-fashion,42,self_structure,entropy,0.8804336786270142,0.8779789301421704,0.7564559178998013,0.8780812110054209,-0.00010228086325048125,0.8761378746036617,0.0018410555385087735,0.89894650710852,0.020865296103099062,0.29673194885253906,0.8812628923097905,0.9049080277536269
ele-fashion,42,self_structure,best_static_train_selected,0.6389485597610474,0.8780812110054209,0.764948777200913,0.8780812110054209,0.0,0.8761378746036617,0.0019433364017592547,0.89894650710852,0.020865296103099062,0.7032680511474609,0.9217170425680629,0.9049080277536269
ele-fashion,43,self_structure,oracle,1.0,0.8945484299887491,0.7899505066865788,0.8752173468344073,0.019331083154341733,0.8754219085609083,0.01912652142784077,0.8945484299887491,0.019331083154341733,1.0,0.9227399035101178,0.9093404251691982
ele-fashion,43,self_structure,confidence,0.892707347869873,0.87787664927892,0.7511000514501401,0.8752173468344073,0.0026593024445126234,0.8754219085609083,0.002454740718011661,0.8945484299887491,0.019331083154341733,0.24858930706977844,0.8818766088750234,0.9093404251691982
ele-fashion,43,self_structure,entropy,0.8820701837539673,0.8782857727319219,0.7556531420326614,0.8752173468344073,0.0030684258975145484,0.8754219085609083,0.002863864171013586,0.8945484299887491,0.019331083154341733,0.24858930706977844,0.8818766088750234,0.9093404251691982
ele-fashion,43,self_structure,best_static_train_selected,0.6984760165214539,0.8752173468344073,0.7502352002099927,0.8752173468344073,0.0,0.8754219085609083,-0.0002045617265009625,0.8945484299887491,0.019331083154341733,0.751410722732544,0.9144717775618405,0.9093404251691982
ele-fashion,44,self_structure,oracle,1.0,0.8972077324332617,0.7961206060825905,0.877672087552419,0.019535644880842695,0.8753196276976578,0.021888104735603875,0.8972077324332617,0.019535644880842695,1.0,0.9295760241395182,0.9004415349733204
ele-fashion,44,self_structure,confidence,0.8946506977081299,0.8795131430909277,0.7570316675925802,0.877672087552419,0.0018410555385086624,0.8753196276976578,0.004193515393269842,0.8972077324332617,0.019535644880842695,0.18726879358291626,0.8780920233894202,0.9004415349733204
ele-fashion,44,self_structure,entropy,0.8872864842414856,0.8790017387746752,0.7567445479298386,0.877672087552419,0.0013296512222562562,0.8753196276976578,0.003682111077017436,0.8972077324332617,0.019535644880842695,0.18726879358291626,0.8780920233894202,0.9004415349733204
ele-fashion,44,self_structure,best_static_train_selected,0.7368313670158386,0.877672087552419,0.7589132711605366,0.877672087552419,0.0,0.8753196276976578,0.0023524598547611797,0.8972077324332617,0.019535644880842695,0.8127312064170837,0.9243935286997733,0.9004415349733204
Reddit-S,42,self_structure,oracle,1.0,0.9789241899968544,0.9536413647261532,0.9263919471531928,0.052532242843661536,0.9594212016357345,0.019502988361119855,0.9789241899968544,0.052532242843661536,1.0,0.9952810402684564,0.9816484899328859
Reddit-S,42,self_structure,confidence,0.9572192430496216,0.9553318653664674,0.9032473121539013,0.9263919471531928,0.028939918213274574,0.9594212016357345,-0.004089336269267108,0.9789241899968544,0.052532242843661536,0.2152894288301468,0.9626677852348994,0.9816484899328859
Reddit-S,42,self_structure,entropy,0.9521862268447876,0.9550173010380623,0.9061939054968704,0.9263919471531928,0.02862535388486942,0.9594212016357345,-0.004403900597672261,0.9789241899968544,0.052532242843661536,0.2152894288301468,0.9626677852348994,0.9816484899328859
Reddit-S,42,self_structure,best_static_train_selected,0.6888958811759949,0.9263919471531928,0.874713456900538,0.9263919471531928,0.0,0.9594212016357345,-0.03302925448254168,0.9789241899968544,0.052532242843661536,0.7847105860710144,0.9937080536912751,0.9816484899328859
Reddit-S,43,self_structure,oracle,1.0,0.9858446052217679,0.9631676737542147,0.96036489462095,0.025479710600817884,0.9786096256684492,0.007234979553318643,0.9858446052217679,0.025479710600817884,1.0,0.9852139261744967,0.9725251677852349
Reddit-S,43,self_structure,confidence,0.9764076471328735,0.9738911607423718,0.9348608279019759,0.96036489462095,0.013526266121421826,0.9786096256684492,-0.004718464926077415,0.9858446052217679,0.025479710600817884,0.6129404306411743,0.9546979865771812,0.9725251677852349
Reddit-S,43,self_structure,entropy,0.9660270810127258,0.974205725070777,0.9345495971179641,0.96036489462095,0.01384083044982698,0.9786096256684492,-0.004403900597672261,0.9858446052217679,0.025479710600817884,0.6129404306411743,0.9546979865771812,0.9725251677852349
Reddit-S,43,self_structure,best_static_train_selected,0.619062602519989,0.96036489462095,0.9241877774260198,0.96036489462095,0.0,0.9786096256684492,-0.01824473104749924,0.9858446052217679,0.025479710600817884,0.6129404306411743,0.9546979865771812,0.9725251677852349
Reddit-S,44,self_structure,oracle,1.0,0.9880465555206039,0.9701969132919872,0.9622522805913809,0.025794274929223038,0.9792387543252595,0.008807801195344411,0.9880465555206039,0.025794274929223038,1.0,0.9867869127516778,0.977873322147651
Reddit-S,44,self_structure,confidence,0.9748348593711853,0.9745202893991821,0.9431522019369909,0.9622522805913809,0.012268008807801212,0.9792387543252595,-0.004718464926077415,0.9880465555206039,0.025794274929223038,0.32938340306282043,0.9529152684563759,0.977873322147651
Reddit-S,44,self_structure,entropy,0.9666562080383301,0.9745202893991821,0.9390474385564925,0.9622522805913809,0.012268008807801212,0.9792387543252595,-0.004718464926077415,0.9880465555206039,0.025794274929223038,0.32938340306282043,0.9529152684563759,0.977873322147651
Reddit-S,44,self_structure,best_static_train_selected,0.6653035283088684,0.9622522805913809,0.9291685295819425,0.9622522805913809,0.0,0.9792387543252595,-0.016986473733878626,0.9880465555206039,0.025794274929223038,0.670616626739502,0.9614093959731543,0.977873322147651
