dataset,variant,trainable_params,model_trainable_params,classifier_trainable_params,peak_cuda_memory_mb,wall_clock_seconds,mean_epoch_seconds_proxy,historical_p0_mean_epoch_seconds_proxy,epoch_time_ratio_to_p0,best_epochs,complexity_status,peak_memory_source
Movies,s44_scalar_global,730646,725506,5140,1105,25.48060476104729,0.074504692283764,0.1102402693903052,0.6758391710744143,81;76;95,WITHIN_REFERENCE,nvidia-smi process job delta; see complete.json for absolute device baseline/peak
Movies,s44_scalar_raw,773974,768834,5140,1985,42.78056773496792,0.15903556778798483,0.1102402693903052,1.4426268065884353,58;50;71,WITHIN_REFERENCE,nvidia-smi process job delta; see complete.json for absolute device baseline/peak
Movies,s44_scalar_rel,773974,768834,5140,2087,35.638455676147714,0.12682724439910217,0.1102402693903052,1.1504620326177801,57;66;68,WITHIN_REFERENCE,nvidia-smi process job delta; see complete.json for absolute device baseline/peak
Movies,s44_scalar_rel_multi,778326,773186,5140,2641,61.057056600926444,0.19569569423373862,0.1102402693903052,1.775174310767319,68;86;68,WITHIN_REFERENCE,nvidia-smi process job delta; see complete.json for absolute device baseline/peak
Movies,s44_lowrank_global,738852,733712,5140,1773,31.56127708288841,0.10808656535235757,0.1102402693903052,0.9804635452193748,71;71;60,WITHIN_REFERENCE,nvidia-smi process job delta; see complete.json for absolute device baseline/peak
Movies,s44_lowrank_rel,782628,777488,5140,2125,36.64238101313822,0.13180712594654037,0.1102402693903052,1.1956350131899425,66;52;70,WITHIN_REFERENCE,nvidia-smi process job delta; see complete.json for absolute device baseline/peak
Movies,s44_lowrank_rel_multi,786980,781840,5140,2687,66.14748232695274,0.20290638750599,0.1102402693903052,1.8405831973033446,77;95;64,WITHIN_REFERENCE,nvidia-smi process job delta; see complete.json for absolute device baseline/peak
Movies,s44_expert_uniform,747028,741888,5140,1847,35.649329556152225,0.12208674505531583,0.1102402693903052,1.1074605108507876,69;71;62,WITHIN_REFERENCE,nvidia-smi process job delta; see complete.json for absolute device baseline/peak
Movies,s44_expert_rel,790424,785284,5140,2783,54.938127050874755,0.15970385770603127,0.1102402693903052,1.4486889281864908,84;76;94,WITHIN_REFERENCE,nvidia-smi process job delta; see complete.json for absolute device baseline/peak
Movies,s44_expert_rel_multi,794776,789636,5140,3339,75.30558833503164,0.23755706099379068,0.1102402693903052,2.154902762009052,83;58;86,WITHIN_REFERENCE,nvidia-smi process job delta; see complete.json for absolute device baseline/peak
Grocery,s44_scalar_global,730646,725506,5140,1115,25.457795625086874,0.07465629215567998,0.10679203543875355,0.6990810864214327,85;95;71,WITHIN_REFERENCE,nvidia-smi process job delta; see complete.json for absolute device baseline/peak
Grocery,s44_scalar_raw,773974,768834,5140,1899,52.91944292909466,0.14538308497004027,0.10679203543875355,1.3613663638185745,95;87;92,WITHIN_REFERENCE,nvidia-smi process job delta; see complete.json for absolute device baseline/peak
Grocery,s44_scalar_rel,773974,768834,5140,1997,47.82667647302151,0.11897183202244156,0.10679203543875355,1.114051544514977,69;114;129,WITHIN_REFERENCE,nvidia-smi process job delta; see complete.json for absolute device baseline/peak
Grocery,s44_scalar_rel_multi,778326,773186,5140,2479,60.04912649001926,0.1563779335677585,0.10679203543875355,1.464322062270674,95;89;110,WITHIN_REFERENCE,nvidia-smi process job delta; see complete.json for absolute device baseline/peak
Grocery,s44_lowrank_global,738852,733712,5140,1709,50.89847349608317,0.1295126552063185,0.10679203543875355,1.212755751627147,78;143;82,WITHIN_REFERENCE,nvidia-smi process job delta; see complete.json for absolute device baseline/peak
Grocery,s44_lowrank_rel,782628,777488,5140,2035,55.996062551857904,0.15425912548721185,0.10679203543875355,1.4444815557025432,107;85;81,WITHIN_REFERENCE,nvidia-smi process job delta; see complete.json for absolute device baseline/peak
Grocery,s44_lowrank_rel_multi,786980,781840,5140,3622,91.56045969994739,0.16497380126116645,0.10679203543875355,1.5448137174591152,132;198;135,WITHIN_REFERENCE,nvidia-smi process job delta; see complete.json for absolute device baseline/peak
Grocery,s44_expert_uniform,747028,741888,5140,1771,61.06454731011763,0.14334400777022918,0.10679203543875355,1.342272456754873,125;121;90,WITHIN_REFERENCE,nvidia-smi process job delta; see complete.json for absolute device baseline/peak
Grocery,s44_expert_rel,790424,785284,5140,2623,67.15148693695664,0.14955787736515957,0.10679203543875355,1.400459095574901,111;103;145,WITHIN_REFERENCE,nvidia-smi process job delta; see complete.json for absolute device baseline/peak
Grocery,s44_expert_rel_multi,794776,789636,5140,3113,91.56052619684488,0.21904432104508342,0.10679203543875355,2.051129750876486,89;109;130,WITHIN_REFERENCE,nvidia-smi process job delta; see complete.json for absolute device baseline/peak
ele-fashion,s44_scalar_global,597518,594434,3084,5088,125.2555880038999,0.2711159913504327,0.25864689179303,1.0482089673336592,138;113;121,WITHIN_REFERENCE,nvidia-smi process job delta; see complete.json for absolute device baseline/peak
ele-fashion,s44_scalar_raw,640846,637762,3084,6127,288.1048291961197,0.4908089083409194,0.25864689179303,1.8976021901460391,137;183;177,WITHIN_REFERENCE,nvidia-smi process job delta; see complete.json for absolute device baseline/peak
ele-fashion,s44_scalar_rel,640846,637762,3084,6712,217.73276937403716,0.41081654598874934,0.25864689179303,1.5883297229702877,136;167;137,WITHIN_REFERENCE,nvidia-smi process job delta; see complete.json for absolute device baseline/peak
ele-fashion,s44_scalar_rel_multi,645198,642114,3084,7789,276.7834471450187,0.626206893993255,0.25864689179303,2.4210880310688117,128;103;121,WITHIN_REFERENCE,nvidia-smi process job delta; see complete.json for absolute device baseline/peak
ele-fashion,s44_lowrank_global,605724,602640,3084,6720,198.48786974488758,0.38767162059548355,0.25864689179303,1.4988450775805164,141;116;165,WITHIN_REFERENCE,nvidia-smi process job delta; see complete.json for absolute device baseline/peak
ele-fashion,s44_lowrank_rel,649500,646416,3084,10810,228.0664421718102,0.47513842119127125,0.25864689179303,1.8370157781423424,128;116;146,WITHIN_REFERENCE,nvidia-smi process job delta; see complete.json for absolute device baseline/peak
ele-fashion,s44_lowrank_rel_multi,653852,650768,3084,7969,329.8017162249889,0.6609252830160098,0.25864689179303,2.555318869035102,176;93;140,COMPUTE_HEAVY,nvidia-smi process job delta; see complete.json for absolute device baseline/peak
ele-fashion,s44_expert_uniform,613900,610816,3084,5741,218.7015396100469,0.43566043747021294,0.25864689179303,1.6843830383967253,151;146;115,WITHIN_REFERENCE,nvidia-smi process job delta; see complete.json for absolute device baseline/peak
ele-fashion,s44_expert_rel,657296,654212,3084,8159,306.30451156618074,0.627673179438895,0.25864689179303,2.4267570937645786,146;120;132,WITHIN_REFERENCE,nvidia-smi process job delta; see complete.json for absolute device baseline/peak
ele-fashion,s44_expert_rel_multi,661648,658564,3084,9537,311.3395982540678,0.6797807822141219,0.25864689179303,2.6282194133540346,153;90;125,COMPUTE_HEAVY,nvidia-smi process job delta; see complete.json for absolute device baseline/peak
Reddit-S,s44_scalar_global,730646,725506,5140,1045,28.51292066508904,0.10146946855903573,0.07721470105620525,1.3141211086885545,80;48;63,WITHIN_REFERENCE,nvidia-smi process job delta; see complete.json for absolute device baseline/peak
Reddit-S,s44_scalar_raw,773974,768834,5140,2579,53.946698404848576,0.18163871516784033,0.07721470105620525,2.3523851375869986,49;75;83,WITHIN_REFERENCE,nvidia-smi process job delta; see complete.json for absolute device baseline/peak
Reddit-S,s44_scalar_rel,773974,768834,5140,2781,46.8065300588496,0.16252267381545002,0.07721470105620525,2.1048151659247942,55;38;105,WITHIN_REFERENCE,nvidia-smi process job delta; see complete.json for absolute device baseline/peak
Reddit-S,s44_scalar_rel_multi,778326,773186,5140,3767,66.11482065799646,0.26985641084896517,0.07721470105620525,3.494883838927698,78;38;39,COMPUTE_HEAVY,nvidia-smi process job delta; see complete.json for absolute device baseline/peak
Reddit-S,s44_lowrank_global,738852,733712,5140,2201,36.65196878509596,0.13279698835179696,0.07721470105620525,1.7198407367417363,59;87;40,WITHIN_REFERENCE,nvidia-smi process job delta; see complete.json for absolute device baseline/peak
Reddit-S,s44_lowrank_rel,782628,777488,5140,2859,51.89619570481591,0.17651767246536024,0.07721470105620525,2.2860630171561698,37;78;89,WITHIN_REFERENCE,nvidia-smi process job delta; see complete.json for absolute device baseline/peak
Reddit-S,s44_lowrank_rel_multi,786980,781840,5140,3837,80.42390503408387,0.2792496702572357,0.07721470105620525,3.616535017780713,83;72;43,COMPUTE_HEAVY,nvidia-smi process job delta; see complete.json for absolute device baseline/peak
Reddit-S,s44_expert_uniform,747028,741888,5140,7393,46.877158584073186,0.16448125818973047,0.07721470105620525,2.1301805995467515,39;76;80,WITHIN_REFERENCE,nvidia-smi process job delta; see complete.json for absolute device baseline/peak
Reddit-S,s44_expert_rel,790424,785284,5140,3949,84.48884725617245,0.260768047086952,0.07721470105620525,3.377181333605588,44;110;80,COMPUTE_HEAVY,nvidia-smi process job delta; see complete.json for absolute device baseline/peak
Reddit-S,s44_expert_rel_multi,794776,789636,5140,4927,81.4470234089531,0.30968449965381406,0.07721470105620525,4.010693500301089,55;35;83,COMPUTE_HEAVY,nvidia-smi process job delta; see complete.json for absolute device baseline/peak
