dataset,seed,variant,val_acc,val_macro_f1,true_label_ce,checkpoint_best_epoch,trainable_params,is_historical_reference,test_evaluation
Movies,42,s44_lowrank_global,0.557888388633728,0.46411682109552566,1.5431897640228271,71,738852,False,False
Movies,42,s44_lowrank_rel,0.5563886761665344,0.4626750604091792,1.6223866939544678,66,782628,False,False
Movies,42,s44_lowrank_rel_multi,0.553389310836792,0.4733591253652013,1.6916868686676025,77,786980,False,False
Movies,43,s44_lowrank_global,0.557888388633728,0.47543276207680585,1.5260043144226074,71,738852,False,False
Movies,43,s44_lowrank_rel,0.5632873177528381,0.4649663923039501,1.4464943408966064,52,782628,False,False
Movies,43,s44_lowrank_rel_multi,0.5593881011009216,0.46456075164632304,1.7765491008758545,95,786980,False,False
Movies,44,s44_lowrank_global,0.5497900247573853,0.46245731505794324,1.4922012090682983,60,738852,False,False
Movies,44,s44_lowrank_rel,0.5593881011009216,0.4798016996402322,1.585955262184143,70,782628,False,False
Movies,44,s44_lowrank_rel_multi,0.5608878135681152,0.47446008113970084,1.5230485200881958,64,786980,False,False
Grocery,42,s44_lowrank_global,0.8245973587036133,0.7506107269732831,0.7929902076721191,78,738852,False,False
Grocery,42,s44_lowrank_rel,0.8301610946655273,0.7551767710947694,0.9272898435592651,107,782628,False,False
Grocery,42,s44_lowrank_rel_multi,0.8284041285514832,0.7600507463841508,1.104723572731018,132,786980,False,False
Grocery,43,s44_lowrank_global,0.8289897441864014,0.7646263449285291,1.2193591594696045,143,738852,False,False
Grocery,43,s44_lowrank_rel,0.8216691017150879,0.750787890685979,0.8518882989883423,85,782628,False,False
Grocery,43,s44_lowrank_rel_multi,0.8254758715629578,0.7575898217853536,1.4538363218307495,198,786980,False,False
Grocery,44,s44_lowrank_global,0.8225476145744324,0.7507758341399775,0.8389695882797241,82,738852,False,False
Grocery,44,s44_lowrank_rel,0.8207906484603882,0.7412312594888906,0.81308913230896,81,782628,False,False
Grocery,44,s44_lowrank_rel_multi,0.8254758715629578,0.7551610993514047,1.2040296792984009,135,786980,False,False
ele-fashion,42,s44_lowrank_global,0.8813542127609253,0.7598768877476019,0.4867461025714874,141,605724,False,False
ele-fashion,42,s44_lowrank_rel,0.8796154260635376,0.7646158867089862,0.4412555396556854,128,649500,False,False
ele-fashion,42,s44_lowrank_rel_multi,0.8798199892044067,0.7748477141642206,0.5000988841056824,176,653852,False,False
ele-fashion,43,s44_lowrank_global,0.8798199892044067,0.7572899166721243,0.44688892364501953,116,605724,False,False
ele-fashion,43,s44_lowrank_rel,0.8783880472183228,0.7627398395470094,0.44976121187210083,116,649500,False,False
ele-fashion,43,s44_lowrank_rel_multi,0.8768538236618042,0.7471504594865902,0.42557135224342346,93,653852,False,False
ele-fashion,44,s44_lowrank_global,0.8798199892044067,0.769563320639709,0.5198796391487122,165,605724,False,False
ele-fashion,44,s44_lowrank_rel,0.8798199892044067,0.7717137110676603,0.4849511682987213,146,649500,False,False
ele-fashion,44,s44_lowrank_rel_multi,0.8786948919296265,0.7671663386998699,0.47499656677246094,140,653852,False,False
Reddit-S,42,s44_lowrank_global,0.9594212174415588,0.9191418745061876,0.20832623541355133,59,738852,False,False
Reddit-S,42,s44_lowrank_rel,0.9594212174415588,0.91369667344069,0.165928915143013,37,782628,False,False
Reddit-S,42,s44_lowrank_rel_multi,0.9606794714927673,0.9186754539541464,0.2217535525560379,83,786980,False,False
Reddit-S,43,s44_lowrank_global,0.9613085985183716,0.9221770020051929,0.23248060047626495,87,738852,False,False
Reddit-S,43,s44_lowrank_rel,0.9600503444671631,0.9180642516108712,0.23194949328899384,78,782628,False,False
Reddit-S,43,s44_lowrank_rel_multi,0.9603648781776428,0.9239487275627422,0.2256525456905365,72,786980,False,False
Reddit-S,44,s44_lowrank_global,0.9594212174415588,0.9179548227643158,0.16617511212825775,40,738852,False,False
Reddit-S,44,s44_lowrank_rel,0.9609940052032471,0.9230145325951948,0.2415228933095932,89,782628,False,False
Reddit-S,44,s44_lowrank_rel_multi,0.9625668525695801,0.9229528058345806,0.17756730318069458,43,786980,False,False
