dataset,variant,run_id,seed,modality,order,mean_node_l2_contribution,normalized_contribution
Movies,mob_gpr_plain,0,42,text,0,3.92790150642395,0.41492537907353705
Movies,mob_gpr_plain,0,42,text,1,2.008803129196167,0.21220068744154108
Movies,mob_gpr_plain,0,42,text,2,1.8546864986419678,0.19592051818331135
Movies,mob_gpr_plain,0,42,text,3,1.6751339435577393,0.1769534153015049
Movies,mob_gpr_plain,0,42,visual,0,4.149437427520752,0.3603896307607069
Movies,mob_gpr_plain,0,42,visual,1,2.685199022293091,0.2332166470917047
Movies,mob_gpr_plain,0,42,visual,2,2.4518227577209473,0.2129473003943331
Movies,mob_gpr_plain,0,42,visual,3,2.227294445037842,0.1934464217531684
Movies,mob_gpr_plain,1,43,text,0,3.8455731868743896,0.41063242333098654
Movies,mob_gpr_plain,1,43,text,1,1.9978415966033936,0.21333062624962995
Movies,mob_gpr_plain,1,43,text,2,1.8492070436477661,0.19745934680572094
Movies,mob_gpr_plain,1,43,text,3,1.672379493713379,0.17857760361355576
Movies,mob_gpr_plain,1,43,visual,0,4.078266143798828,0.3572851912531081
Movies,mob_gpr_plain,1,43,visual,1,2.6632509231567383,0.23331976920680567
Movies,mob_gpr_plain,1,43,visual,2,2.4438467025756836,0.21409839518460355
Movies,mob_gpr_plain,1,43,visual,3,2.2292323112487793,0.1952966443553951
Movies,mob_gpr_plain,2,44,text,0,3.809717893600464,0.40324148402645166
Movies,mob_gpr_plain,2,44,text,1,2.039585590362549,0.21588095056547327
Movies,mob_gpr_plain,2,44,text,2,1.892465591430664,0.20030896115415314
Movies,mob_gpr_plain,2,44,text,3,1.7059639692306519,0.18056860425381607
Movies,mob_gpr_plain,2,44,visual,0,4.044076442718506,0.3536629270785753
Movies,mob_gpr_plain,2,44,visual,1,2.6750407218933105,0.2339378953784592
Movies,mob_gpr_plain,2,44,visual,2,2.459651470184326,0.21510165568328246
Movies,mob_gpr_plain,2,44,visual,3,2.2560641765594482,0.19729752185959562
Movies,mob_gpr_residual,0,42,text,0,3.7995657920837402,0.4127436068161035
Movies,mob_gpr_residual,0,42,text,1,1.878614068031311,0.20407225158995934
Movies,mob_gpr_residual,0,42,text,2,1.784017562866211,0.19379631353003982
Movies,mob_gpr_residual,0,42,text,3,1.7434346675872803,0.1893878280637887
Movies,mob_gpr_residual,0,42,visual,0,3.026369571685791,0.3461411696760422
Movies,mob_gpr_residual,0,42,visual,1,2.132986307144165,0.24396041453939044
Movies,mob_gpr_residual,0,42,visual,2,1.91278874874115,0.21877530788932212
Movies,mob_gpr_residual,0,42,visual,3,1.6710209846496582,0.19112310789513087
Movies,mob_gpr_residual,1,43,text,0,3.6993207931518555,0.42430791707353727
Movies,mob_gpr_residual,1,43,text,1,1.7243181467056274,0.19777734403438996
Movies,mob_gpr_residual,1,43,text,2,1.6708048582077026,0.19163943027996697
Movies,mob_gpr_residual,1,43,text,3,1.6240378618240356,0.18627530861199112
Movies,mob_gpr_residual,1,43,visual,0,3.034487247467041,0.3530542714240421
Movies,mob_gpr_residual,1,43,visual,1,2.0588278770446777,0.23953897869376728
Movies,mob_gpr_residual,1,43,visual,2,1.8656648397445679,0.217064988909506
Movies,mob_gpr_residual,1,43,visual,3,1.6359797716140747,0.19034176097256822
Movies,mob_gpr_residual,2,44,text,0,3.9705653190612793,0.46423071157681506
Movies,mob_gpr_residual,2,44,text,1,1.5855469703674316,0.18537904281754902
Movies,mob_gpr_residual,2,44,text,2,1.518439531326294,0.17753297262985837
Movies,mob_gpr_residual,2,44,text,3,1.4784482717514038,0.17285727297566064
Movies,mob_gpr_residual,2,44,visual,0,3.284184694290161,0.394624128330705
Movies,mob_gpr_residual,2,44,visual,1,1.8856815099716187,0.22658147803794998
Movies,mob_gpr_residual,2,44,visual,2,1.6863123178482056,0.2026254886581555
Movies,mob_gpr_residual,2,44,visual,3,1.466132402420044,0.17616890497306936
Toys,mob_gpr_plain,0,42,text,0,3.4328041076660156,0.31652504087850647
Toys,mob_gpr_plain,0,42,text,1,2.5742735862731934,0.23736339930028355
Toys,mob_gpr_plain,0,42,text,2,2.4714903831481934,0.22788617410758702
Toys,mob_gpr_plain,0,42,text,3,2.3667163848876953,0.2182253857135307
Toys,mob_gpr_plain,0,42,visual,0,3.2757880687713623,0.3023180905403352
Toys,mob_gpr_plain,0,42,visual,1,2.600029706954956,0.23995325700346212
Toys,mob_gpr_plain,0,42,visual,2,2.522000789642334,0.23275207280178412
Toys,mob_gpr_plain,0,42,visual,3,2.437748908996582,0.22497657965432627
Toys,mob_gpr_plain,1,43,text,0,3.4229531288146973,0.31814608853473203
Toys,mob_gpr_plain,1,43,text,1,2.550676107406616,0.2370723746870041
Toys,mob_gpr_plain,1,43,text,2,2.445606231689453,0.2273066639909242
Toys,mob_gpr_plain,1,43,text,3,2.339825391769409,0.21747487278724673
Toys,mob_gpr_plain,1,43,visual,0,3.3068230152130127,0.30370317039762673
Toys,mob_gpr_plain,1,43,visual,1,2.6104836463928223,0.23975040576206566
Toys,mob_gpr_plain,1,43,visual,2,2.5288617610931396,0.23225413964038202
Toys,mob_gpr_plain,1,43,visual,3,2.4421703815460205,0.22429228419983374
Toys,mob_gpr_plain,2,44,text,0,3.7698123455047607,0.3356697283129584
Toys,mob_gpr_plain,2,44,text,1,2.6283023357391357,0.23402797012267237
Toys,mob_gpr_plain,2,44,text,2,2.4850637912750244,0.2212737959363777
Toys,mob_gpr_plain,2,44,text,3,2.3475403785705566,0.2090285056279025
Toys,mob_gpr_plain,2,44,visual,0,3.4087557792663574,0.31235824944633966
Toys,mob_gpr_plain,2,44,visual,1,2.596104621887207,0.23789169643792055
Toys,mob_gpr_plain,2,44,visual,2,2.5016229152679443,0.22923395079835254
Toys,mob_gpr_plain,2,44,visual,3,2.4064853191375732,0.22051610331729557
Toys,mob_gpr_residual,0,42,text,0,2.911219596862793,0.3168283855715176
Toys,mob_gpr_residual,0,42,text,1,2.058678388595581,0.2240462213749147
Toys,mob_gpr_residual,0,42,text,2,2.1363205909729004,0.23249603177668995
Toys,mob_gpr_residual,0,42,text,3,2.082413911819458,0.22662936127676891
Toys,mob_gpr_residual,0,42,visual,0,2.4624924659729004,0.2647199307123411
Toys,mob_gpr_residual,0,42,visual,1,2.193578004837036,0.23581140875619075
Toys,mob_gpr_residual,0,42,visual,2,2.368865489959717,0.25465495510510666
Toys,mob_gpr_residual,0,42,visual,3,2.2773196697235107,0.24481370542625397
Toys,mob_gpr_residual,1,43,text,0,2.9379072189331055,0.3301128791342379
Toys,mob_gpr_residual,1,43,text,1,1.9100003242492676,0.21461389322370233
Toys,mob_gpr_residual,1,43,text,2,2.054638385772705,0.23086589962274584
Toys,mob_gpr_residual,1,43,text,3,1.9971590042114258,0.2244073280192015
Toys,mob_gpr_residual,1,43,visual,0,2.4882609844207764,0.26639424990941446
Toys,mob_gpr_residual,1,43,visual,1,2.1753528118133545,0.23289417155984224
Toys,mob_gpr_residual,1,43,visual,2,2.3862533569335938,0.25547327112960505
Toys,mob_gpr_residual,1,43,visual,3,2.2906534671783447,0.24523830740103114
Toys,mob_gpr_residual,2,44,text,0,2.82919979095459,0.30999427191615625
Toys,mob_gpr_residual,2,44,text,1,2.040555238723755,0.22358280866387273
Toys,mob_gpr_residual,2,44,text,2,2.1577699184417725,0.23642597350972205
Toys,mob_gpr_residual,2,44,text,3,2.0990946292877197,0.22999694591013942
Toys,mob_gpr_residual,2,44,visual,0,2.402500867843628,0.26483495284946157
Toys,mob_gpr_residual,2,44,visual,1,2.0881617069244385,0.23018439435226848
Toys,mob_gpr_residual,2,44,visual,2,2.337285041809082,0.2576460146708878
Toys,mob_gpr_residual,2,44,visual,3,2.243743419647217,0.24733463812727188
Grocery,mob_gpr_plain,0,42,text,0,4.149211883544922,0.38329193057450717
Grocery,mob_gpr_plain,0,42,text,1,2.4322562217712402,0.22468464109817063
Grocery,mob_gpr_plain,0,42,text,2,2.2702736854553223,0.20972117314173572
Grocery,mob_gpr_plain,0,42,text,3,1.9734584093093872,0.18230225518549412
Grocery,mob_gpr_plain,0,42,visual,0,3.7345147132873535,0.36027571574011186
Grocery,mob_gpr_plain,0,42,visual,1,2.364144802093506,0.22807353192558308
Grocery,mob_gpr_plain,0,42,visual,2,2.225338935852051,0.21468266680698084
Grocery,mob_gpr_plain,0,42,visual,3,2.041714668273926,0.19696808552722772
Grocery,mob_gpr_plain,1,43,text,0,3.744112730026245,0.3626164709320084
Grocery,mob_gpr_plain,1,43,text,1,2.3670198917388916,0.22924534106167388
Grocery,mob_gpr_plain,1,43,text,2,2.223468065261841,0.2153423791408165
Grocery,mob_gpr_plain,1,43,text,3,1.9906686544418335,0.19279580886540437
Grocery,mob_gpr_plain,1,43,visual,0,3.4880263805389404,0.34435693782281734
Grocery,mob_gpr_plain,1,43,visual,1,2.3507728576660156,0.23208108381846151
Grocery,mob_gpr_plain,1,43,visual,2,2.226792812347412,0.21984109934034762
Grocery,mob_gpr_plain,1,43,visual,3,2.063509464263916,0.2037208790182748
Grocery,mob_gpr_plain,2,44,text,0,4.026757717132568,0.37716302778006056
Grocery,mob_gpr_plain,2,44,text,1,2.400996685028076,0.22488742631874234
Grocery,mob_gpr_plain,2,44,text,2,2.269188165664673,0.21254168720491542
Grocery,mob_gpr_plain,2,44,text,3,1.9794955253601074,0.185407858696188
Grocery,mob_gpr_plain,2,44,visual,0,3.6307950019836426,0.35379914564958337
Grocery,mob_gpr_plain,2,44,visual,1,2.36027455329895,0.2299945659282316
Grocery,mob_gpr_plain,2,44,visual,2,2.223452568054199,0.2166620860004951
Grocery,mob_gpr_plain,2,44,visual,3,2.047783613204956,0.1995442024215925
Grocery,mob_gpr_residual,0,42,text,0,3.386242628097534,0.41076972715069715
Grocery,mob_gpr_residual,0,42,text,1,1.8693408966064453,0.22676126148765505
Grocery,mob_gpr_residual,0,42,text,2,1.5930898189544678,0.19325049682755094
Grocery,mob_gpr_residual,0,42,text,3,1.3949785232543945,0.16921851453397554
Grocery,mob_gpr_residual,0,42,visual,0,2.398646593093872,0.29996088537335514
Grocery,mob_gpr_residual,0,42,visual,1,1.8914886713027954,0.23653864564760133
Grocery,mob_gpr_residual,0,42,visual,2,1.9349838495254517,0.24197790135400846
Grocery,mob_gpr_residual,0,42,visual,3,1.7714121341705322,0.22152256762491004
Grocery,mob_gpr_residual,1,43,text,0,3.4676501750946045,0.434481389519105
Grocery,mob_gpr_residual,1,43,text,1,1.7502261400222778,0.21929567484955212
Grocery,mob_gpr_residual,1,43,text,2,1.4744236469268799,0.18473882961367055
Grocery,mob_gpr_residual,1,43,text,3,1.2888247966766357,0.16148410601754704
Grocery,mob_gpr_residual,1,43,visual,0,2.3944287300109863,0.30537621219159067
Grocery,mob_gpr_residual,1,43,visual,1,1.8067286014556885,0.23042320276879433
Grocery,mob_gpr_residual,1,43,visual,2,1.8962807655334473,0.24184434064475874
Grocery,mob_gpr_residual,1,43,visual,3,1.7434762716293335,0.2223562443947287
Grocery,mob_gpr_residual,2,44,text,0,3.441648006439209,0.4207376754884704
Grocery,mob_gpr_residual,2,44,text,1,1.796082854270935,0.21956914933682897
Grocery,mob_gpr_residual,2,44,text,2,1.5577399730682373,0.1904319948053872
Grocery,mob_gpr_residual,2,44,text,3,1.3845620155334473,0.16926118036919113
Grocery,mob_gpr_residual,2,44,visual,0,2.3170220851898193,0.29798892252597553
Grocery,mob_gpr_residual,2,44,visual,1,1.8386656045913696,0.2364681743432184
Grocery,mob_gpr_residual,2,44,visual,2,1.8841058015823364,0.24231217359866655
Grocery,mob_gpr_residual,2,44,visual,3,1.7357374429702759,0.22323072953201087
ele-fashion,mob_gpr_plain,0,42,text,0,4.728912830352783,0.45556112149648526
ele-fashion,mob_gpr_plain,0,42,text,1,1.8734049797058105,0.18047498530612813
ele-fashion,mob_gpr_plain,0,42,text,2,2.2554759979248047,0.2172819022012666
ele-fashion,mob_gpr_plain,0,42,text,3,1.5226197242736816,0.14668199099602364
ele-fashion,mob_gpr_plain,0,42,visual,0,4.558341979980469,0.46352883226844954
ele-fashion,mob_gpr_plain,0,42,visual,1,1.783685326576233,0.181379453361196
ele-fashion,mob_gpr_plain,0,42,visual,2,2.021967649459839,0.20560991420891958
ele-fashion,mob_gpr_plain,0,42,visual,3,1.4700038433074951,0.14948180016133314
ele-fashion,mob_gpr_plain,1,43,text,0,4.755363464355469,0.45618640126782684
ele-fashion,mob_gpr_plain,1,43,text,1,1.8995084762573242,0.18222159934919077
ele-fashion,mob_gpr_plain,1,43,text,2,2.257876396179199,0.21660016429893744
ele-fashion,mob_gpr_plain,1,43,text,3,1.5114191770553589,0.144991835083949
ele-fashion,mob_gpr_plain,1,43,visual,0,4.717894077301025,0.46633773765386005
ele-fashion,mob_gpr_plain,1,43,visual,1,1.7780417203903198,0.17574959076133873
ele-fashion,mob_gpr_plain,1,43,visual,2,2.1341075897216797,0.21094473275459263
ele-fashion,mob_gpr_plain,1,43,visual,3,1.4868605136871338,0.14696793883010975
ele-fashion,mob_gpr_plain,2,44,text,0,4.763669013977051,0.45818207810238737
ele-fashion,mob_gpr_plain,2,44,text,1,1.8520777225494385,0.17813765340014168
ele-fashion,mob_gpr_plain,2,44,text,2,2.278747320175171,0.219175845249675
ele-fashion,mob_gpr_plain,2,44,text,3,1.5023967027664185,0.14450442324769977
ele-fashion,mob_gpr_plain,2,44,visual,0,4.647894382476807,0.46887517008121227
ele-fashion,mob_gpr_plain,2,44,visual,1,1.7488617897033691,0.17642351603065765
ele-fashion,mob_gpr_plain,2,44,visual,2,2.0820178985595703,0.2100319878135953
ele-fashion,mob_gpr_plain,2,44,visual,3,1.4340869188308716,0.14466932607443386
ele-fashion,mob_gpr_residual,0,42,text,0,3.741427183151245,0.4745231226743255
ele-fashion,mob_gpr_residual,0,42,text,1,1.3275446891784668,0.16837175242526095
ele-fashion,mob_gpr_residual,0,42,text,2,1.4857999086380005,0.1884431736346933
ele-fashion,mob_gpr_residual,0,42,text,3,1.3298327922821045,0.16866195126559344
ele-fashion,mob_gpr_residual,0,42,visual,0,3.6921300888061523,0.47797566854216894
ele-fashion,mob_gpr_residual,0,42,visual,1,1.3479936122894287,0.17450851744851426
ele-fashion,mob_gpr_residual,0,42,visual,2,1.4115675687789917,0.18273867283959777
ele-fashion,mob_gpr_residual,0,42,visual,3,1.272823452949524,0.16477714116958955
ele-fashion,mob_gpr_residual,1,43,text,0,3.696096658706665,0.4683723246483922
ele-fashion,mob_gpr_residual,1,43,text,1,1.3536291122436523,0.171532963706406
ele-fashion,mob_gpr_residual,1,43,text,2,1.4932304620742798,0.18922335840704244
ele-fashion,mob_gpr_residual,1,43,text,3,1.3484081029891968,0.17087135323803265
ele-fashion,mob_gpr_residual,1,43,visual,0,3.6093900203704834,0.468890490275649
ele-fashion,mob_gpr_residual,1,43,visual,1,1.3829615116119385,0.17965847346846545
ele-fashion,mob_gpr_residual,1,43,visual,2,1.4200102090835571,0.18447141466448458
ele-fashion,mob_gpr_residual,1,43,visual,3,1.2853631973266602,0.16697962159127105
ele-fashion,mob_gpr_residual,2,44,text,0,3.7534732818603516,0.498271170951466
ele-fashion,mob_gpr_residual,2,44,text,1,1.1734310388565063,0.15577221785152431
ele-fashion,mob_gpr_residual,2,44,text,2,1.3784105777740479,0.18298312018327428
ele-fashion,mob_gpr_residual,2,44,text,3,1.2276781797409058,0.16297349101360262
ele-fashion,mob_gpr_residual,2,44,visual,0,3.7850661277770996,0.516371740394207
ele-fashion,mob_gpr_residual,2,44,visual,1,1.1565638780593872,0.1577824224015166
ele-fashion,mob_gpr_residual,2,44,visual,2,1.2590347528457642,0.17176185160219828
ele-fashion,mob_gpr_residual,2,44,visual,3,1.1294538974761963,0.15408398560194167
Reddit-S,mob_gpr_plain,0,42,text,0,3.329451560974121,0.28538357831932565
Reddit-S,mob_gpr_plain,0,42,text,1,2.7790443897247314,0.23820548751754458
Reddit-S,mob_gpr_plain,0,42,text,2,2.7790443897247314,0.23820548751754458
Reddit-S,mob_gpr_plain,0,42,text,3,2.7790439128875732,0.23820544664549945
Reddit-S,mob_gpr_plain,0,42,visual,0,3.6398582458496094,0.26674907695967737
Reddit-S,mob_gpr_plain,0,42,visual,1,3.3351314067840576,0.24441699764360428
Reddit-S,mob_gpr_plain,0,42,visual,2,3.3351311683654785,0.24441698017096342
Reddit-S,mob_gpr_plain,0,42,visual,3,3.3351306915283203,0.2444169452256817
Reddit-S,mob_gpr_plain,1,43,text,0,3.3581061363220215,0.28761375230965386
Reddit-S,mob_gpr_plain,1,43,text,1,2.772548198699951,0.23746211659672117
Reddit-S,mob_gpr_plain,1,43,text,2,2.772547721862793,0.23746207575675995
Reddit-S,mob_gpr_plain,1,43,text,3,2.772547483444214,0.23746205533677936
Reddit-S,mob_gpr_plain,1,43,visual,0,3.671762228012085,0.26787697425825213
Reddit-S,mob_gpr_plain,1,43,visual,1,3.345045328140259,0.24404102597461697
Reddit-S,mob_gpr_plain,1,43,visual,2,3.345045328140259,0.24404102597461697
Reddit-S,mob_gpr_plain,1,43,visual,3,3.3450446128845215,0.244040973792441
Reddit-S,mob_gpr_plain,2,44,text,0,3.4039852619171143,0.2903766876804215
Reddit-S,mob_gpr_plain,2,44,text,1,2.7728896141052246,0.23654112444477535
Reddit-S,mob_gpr_plain,2,44,text,2,2.7728893756866455,0.23654110410649773
Reddit-S,mob_gpr_plain,2,44,text,3,2.7728891372680664,0.2365410837682201
Reddit-S,mob_gpr_plain,2,44,visual,0,3.6705281734466553,0.26915639313940193
Reddit-S,mob_gpr_plain,2,44,visual,1,3.3222100734710693,0.243614553103186
Reddit-S,mob_gpr_plain,2,44,visual,2,3.3222098350524902,0.2436145356201749
Reddit-S,mob_gpr_plain,2,44,visual,3,3.322209596633911,0.2436145181371638
Reddit-S,mob_gpr_residual,0,42,text,0,3.4582009315490723,0.39113021934560593
Reddit-S,mob_gpr_residual,0,42,text,1,1.7944527864456177,0.2029566025399842
Reddit-S,mob_gpr_residual,0,42,text,2,1.7944526672363281,0.20295658905714836
Reddit-S,mob_gpr_residual,0,42,text,3,1.7944526672363281,0.20295658905714836
Reddit-S,mob_gpr_residual,0,42,visual,0,3.4295928478240967,0.34001113014719253
Reddit-S,mob_gpr_residual,0,42,visual,1,2.219038486480713,0.21999631358781074
Reddit-S,mob_gpr_residual,0,42,visual,2,2.219038248062134,0.21999628995090276
Reddit-S,mob_gpr_residual,0,42,visual,3,2.2190380096435547,0.2199962663139948
Reddit-S,mob_gpr_residual,1,43,text,0,2.748497247695923,0.29372594963238036
Reddit-S,mob_gpr_residual,1,43,text,1,2.2029519081115723,0.23542470044202246
Reddit-S,mob_gpr_residual,1,43,text,2,2.2029519081115723,0.23542470044202246
Reddit-S,mob_gpr_residual,1,43,text,3,2.202951431274414,0.23542464948346783
Reddit-S,mob_gpr_residual,1,43,visual,0,3.0377814769744873,0.2791563764454683
Reddit-S,mob_gpr_residual,1,43,visual,1,2.6147420406341553,0.2402812443671999
Reddit-S,mob_gpr_residual,1,43,visual,2,2.614741563796997,0.24028120054833593
Reddit-S,mob_gpr_residual,1,43,visual,3,2.614741325378418,0.24028117863890397
Reddit-S,mob_gpr_residual,2,44,text,0,3.4562230110168457,0.39452732794612716
Reddit-S,mob_gpr_residual,2,44,text,1,1.768064022064209,0.20182423762564172
Reddit-S,mob_gpr_residual,2,44,text,2,1.7680639028549194,0.20182422401791955
Reddit-S,mob_gpr_residual,2,44,text,3,1.7680637836456299,0.20182421041019738
Reddit-S,mob_gpr_residual,2,44,visual,0,3.438244104385376,0.34556527738522275
Reddit-S,mob_gpr_residual,2,44,visual,1,2.170459747314453,0.21814493150080064
Reddit-S,mob_gpr_residual,2,44,visual,2,2.170459508895874,0.21814490753822557
Reddit-S,mob_gpr_residual,2,44,visual,3,2.170459270477295,0.2181448835756505
