dataset,variant,run_id,seed,order,modality_perturbation,val_acc,val_macro_f1,delta_val_acc,delta_val_macro_f1,interpretation
Movies,mob_gpr_plain,0,42,baseline,none,0.5713857412338257,0.4898937317884239,0.0,0.0,FROZEN_SENSITIVITY
Movies,mob_gpr_plain,0,42,0,text,0.5458908081054688,0.4734355039980455,-0.025494933128356934,-0.016458227790378366,FROZEN_SENSITIVITY
Movies,mob_gpr_plain,0,42,0,visual,0.5581883788108826,0.44753955520948424,-0.013197362422943115,-0.04235417657893964,FROZEN_SENSITIVITY
Movies,mob_gpr_plain,0,42,0,both,0.5560888051986694,0.45838194223006495,-0.01529693603515625,-0.03151178955835893,FROZEN_SENSITIVITY
Movies,mob_gpr_plain,0,42,1,text,0.5641871690750122,0.4862417324796084,-0.0071985721588134766,-0.00365199930881549,FROZEN_SENSITIVITY
Movies,mob_gpr_plain,0,42,1,visual,0.5686862468719482,0.4795710623739039,-0.0026994943618774414,-0.01032266941451998,FROZEN_SENSITIVITY
Movies,mob_gpr_plain,0,42,1,both,0.564487099647522,0.4811223018242132,-0.006898641586303711,-0.008771429964210653,FROZEN_SENSITIVITY
Movies,mob_gpr_plain,0,42,2,text,0.5662867426872253,0.4859231419783421,-0.005098998546600342,-0.003970589810081804,FROZEN_SENSITIVITY
Movies,mob_gpr_plain,0,42,2,visual,0.5665866732597351,0.47555240571373913,-0.004799067974090576,-0.014341326074684746,FROZEN_SENSITIVITY
Movies,mob_gpr_plain,0,42,2,both,0.5683863162994385,0.4852635853157836,-0.002999424934387207,-0.004630146472640262,FROZEN_SENSITIVITY
Movies,mob_gpr_plain,0,42,3,text,0.5680863857269287,0.49040819303257344,-0.0032993555068969727,0.0005144612441495555,FROZEN_SENSITIVITY
Movies,mob_gpr_plain,0,42,3,visual,0.5674865245819092,0.48304250999008025,-0.003899216651916504,-0.006851221798343632,FROZEN_SENSITIVITY
Movies,mob_gpr_plain,0,42,3,both,0.5674865245819092,0.4856287869969448,-0.003899216651916504,-0.004264944791479097,FROZEN_SENSITIVITY
Movies,mob_gpr_plain,1,43,baseline,none,0.5794841051101685,0.5035494827589271,0.0,0.0,FROZEN_SENSITIVITY
Movies,mob_gpr_plain,1,43,0,text,0.5503899455070496,0.47901899027078876,-0.029094159603118896,-0.024530492488138322,FROZEN_SENSITIVITY
Movies,mob_gpr_plain,1,43,0,visual,0.5704858899116516,0.47142180542572215,-0.008998215198516846,-0.03212767733320493,FROZEN_SENSITIVITY
Movies,mob_gpr_plain,1,43,0,both,0.5587882399559021,0.4660751933612913,-0.020695865154266357,-0.03747428939763581,FROZEN_SENSITIVITY
Movies,mob_gpr_plain,1,43,1,text,0.5701859593391418,0.49899549214642597,-0.009298145771026611,-0.004553990612501113,FROZEN_SENSITIVITY
Movies,mob_gpr_plain,1,43,1,visual,0.5758848190307617,0.4973815868563258,-0.0035992860794067383,-0.006167895902601306,FROZEN_SENSITIVITY
Movies,mob_gpr_plain,1,43,1,both,0.5725854635238647,0.4919869084562919,-0.006898641586303711,-0.011562574302635187,FROZEN_SENSITIVITY
Movies,mob_gpr_plain,1,43,2,text,0.5725854635238647,0.5035208491241614,-0.006898641586303711,-2.863363476568459e-05,FROZEN_SENSITIVITY
Movies,mob_gpr_plain,1,43,2,visual,0.5764846801757812,0.5000757269495105,-0.002999424934387207,-0.0034737558094165566,FROZEN_SENSITIVITY
Movies,mob_gpr_plain,1,43,2,both,0.5713857412338257,0.4978637995898735,-0.008098363876342773,-0.005685683169053601,FROZEN_SENSITIVITY
Movies,mob_gpr_plain,1,43,3,text,0.5749850273132324,0.5037757752607247,-0.004499077796936035,0.00022629250179762028,FROZEN_SENSITIVITY
Movies,mob_gpr_plain,1,43,3,visual,0.5743851065635681,0.4994379224971294,-0.005098998546600342,-0.004111560261797653,FROZEN_SENSITIVITY
Movies,mob_gpr_plain,1,43,3,both,0.5710858106613159,0.496815724274958,-0.008398294448852539,-0.006733758483969066,FROZEN_SENSITIVITY
Movies,mob_gpr_plain,2,44,baseline,none,0.5806838870048523,0.491695750494642,0.0,0.0,FROZEN_SENSITIVITY
Movies,mob_gpr_plain,2,44,0,text,0.5530893802642822,0.4627492368872175,-0.02759450674057007,-0.028946513607424507,FROZEN_SENSITIVITY
Movies,mob_gpr_plain,2,44,0,visual,0.5614876747131348,0.4463491034628878,-0.01919621229171753,-0.04534664703175417,FROZEN_SENSITIVITY
Movies,mob_gpr_plain,2,44,0,both,0.5554888844490051,0.4476911550270777,-0.025195002555847168,-0.0440045954675643,FROZEN_SENSITIVITY
Movies,mob_gpr_plain,2,44,1,text,0.5728853940963745,0.48773748262564726,-0.007798492908477783,-0.003958267868994725,FROZEN_SENSITIVITY
Movies,mob_gpr_plain,2,44,1,visual,0.5725854635238647,0.47270194821086103,-0.008098423480987549,-0.018993802283780947,FROZEN_SENSITIVITY
Movies,mob_gpr_plain,2,44,1,both,0.5740851759910583,0.47652124813921937,-0.006598711013793945,-0.015174502355422614,FROZEN_SENSITIVITY
Movies,mob_gpr_plain,2,44,2,text,0.5773845314979553,0.49218284137712953,-0.0032993555068969727,0.00048709088248755084,FROZEN_SENSITIVITY
Movies,mob_gpr_plain,2,44,2,visual,0.5746850371360779,0.47031575306900075,-0.005998849868774414,-0.02137999742564123,FROZEN_SENSITIVITY
Movies,mob_gpr_plain,2,44,2,both,0.5749850273132324,0.48247497188692573,-0.005698859691619873,-0.009220778607716251,FROZEN_SENSITIVITY
Movies,mob_gpr_plain,2,44,3,text,0.5773845314979553,0.49324208931467856,-0.0032993555068969727,0.0015463388200365746,FROZEN_SENSITIVITY
Movies,mob_gpr_plain,2,44,3,visual,0.5749850273132324,0.4749668689830305,-0.005698859691619873,-0.016728881511611504,FROZEN_SENSITIVITY
Movies,mob_gpr_plain,2,44,3,both,0.5749850273132324,0.4840107861320656,-0.005698859691619873,-0.007684964362576374,FROZEN_SENSITIVITY
Movies,mob_gpr_residual,0,42,baseline,none,0.5806838870048523,0.5156975925635745,0.0,0.0,FROZEN_SENSITIVITY
Movies,mob_gpr_residual,0,42,0,text,0.5719856023788452,0.5056206684307132,-0.00869828462600708,-0.01007692413286132,FROZEN_SENSITIVITY
Movies,mob_gpr_residual,0,42,0,visual,0.5743851065635681,0.49641110268386557,-0.00629878044128418,-0.019286489879708935,FROZEN_SENSITIVITY
Movies,mob_gpr_residual,0,42,0,both,0.5623875260353088,0.4822646988106019,-0.018296360969543457,-0.03343289375297259,FROZEN_SENSITIVITY
Movies,mob_gpr_residual,0,42,1,text,0.5809838175773621,0.5113620042793461,0.0002999305725097656,-0.00433558828422842,FROZEN_SENSITIVITY
Movies,mob_gpr_residual,0,42,1,visual,0.5728853940963745,0.502944686387557,-0.007798492908477783,-0.012752906176017542,FROZEN_SENSITIVITY
Movies,mob_gpr_residual,0,42,1,both,0.5752849578857422,0.5020163120422574,-0.005398929119110107,-0.013681280521317118,FROZEN_SENSITIVITY
Movies,mob_gpr_residual,0,42,2,text,0.5797840356826782,0.5105514072866864,-0.0008998513221740723,-0.005146185276888149,FROZEN_SENSITIVITY
Movies,mob_gpr_residual,0,42,2,visual,0.573185384273529,0.5047622505210506,-0.007498502731323242,-0.010935342042523888,FROZEN_SENSITIVITY
Movies,mob_gpr_residual,0,42,2,both,0.5728853940963745,0.5040749228883641,-0.007798492908477783,-0.011622669675210417,FROZEN_SENSITIVITY
Movies,mob_gpr_residual,0,42,3,text,0.5806838870048523,0.5152169544347809,0.0,-0.0004806381287936201,FROZEN_SENSITIVITY
Movies,mob_gpr_residual,0,42,3,visual,0.572285532951355,0.5052366063255445,-0.008398354053497314,-0.010460986238030046,FROZEN_SENSITIVITY
Movies,mob_gpr_residual,0,42,3,both,0.5740851759910583,0.5044942352141618,-0.006598711013793945,-0.01120335734941269,FROZEN_SENSITIVITY
Movies,mob_gpr_residual,1,43,baseline,none,0.5770846009254456,0.4930438561548892,0.0,0.0,FROZEN_SENSITIVITY
Movies,mob_gpr_residual,1,43,0,text,0.5704858899116516,0.48497981494433606,-0.006598711013793945,-0.008064041210553152,FROZEN_SENSITIVITY
Movies,mob_gpr_residual,1,43,0,visual,0.5695860981941223,0.478802656093254,-0.007498502731323242,-0.014241200061635206,FROZEN_SENSITIVITY
Movies,mob_gpr_residual,1,43,0,both,0.5614876747131348,0.46601919027108696,-0.015596926212310791,-0.027024665883802257,FROZEN_SENSITIVITY
Movies,mob_gpr_residual,1,43,1,text,0.5773845314979553,0.48822642520503756,0.0002999305725097656,-0.004817430949851653,FROZEN_SENSITIVITY
Movies,mob_gpr_residual,1,43,1,visual,0.573185384273529,0.48624886660477473,-0.003899216651916504,-0.006794989550114483,FROZEN_SENSITIVITY
Movies,mob_gpr_residual,1,43,1,both,0.5734853148460388,0.48773879104514356,-0.0035992860794067383,-0.005305065109745655,FROZEN_SENSITIVITY
Movies,mob_gpr_residual,1,43,2,text,0.5770846009254456,0.4877339507251565,0.0,-0.0053099054297326975,FROZEN_SENSITIVITY
Movies,mob_gpr_residual,1,43,2,visual,0.5716856718063354,0.481451225590657,-0.005398929119110107,-0.01159263056423221,FROZEN_SENSITIVITY
Movies,mob_gpr_residual,1,43,2,both,0.572285532951355,0.4805915000288655,-0.004799067974090576,-0.01245235612602369,FROZEN_SENSITIVITY
Movies,mob_gpr_residual,1,43,3,text,0.5770846009254456,0.48863866481904356,0.0,-0.00440519133584566,FROZEN_SENSITIVITY
Movies,mob_gpr_residual,1,43,3,visual,0.5716856718063354,0.4768730261013017,-0.005398929119110107,-0.016170830053587493,FROZEN_SENSITIVITY
Movies,mob_gpr_residual,1,43,3,both,0.573185384273529,0.48312717407750616,-0.003899216651916504,-0.009916682077383054,FROZEN_SENSITIVITY
Movies,mob_gpr_residual,2,44,baseline,none,0.5701859593391418,0.488981201806419,0.0,0.0,FROZEN_SENSITIVITY
Movies,mob_gpr_residual,2,44,0,text,0.564487099647522,0.48218564582987133,-0.005698859691619873,-0.006795555976547685,FROZEN_SENSITIVITY
Movies,mob_gpr_residual,2,44,0,visual,0.5719856023788452,0.4930747277752521,0.0017996430397033691,0.004093525968833056,FROZEN_SENSITIVITY
Movies,mob_gpr_residual,2,44,0,both,0.5608878135681152,0.4775161385613608,-0.009298145771026611,-0.011465063245058194,FROZEN_SENSITIVITY
Movies,mob_gpr_residual,2,44,1,text,0.5650869607925415,0.4768955731346966,-0.005098998546600342,-0.012085628671722415,FROZEN_SENSITIVITY
Movies,mob_gpr_residual,2,44,1,visual,0.5617876648902893,0.47870850139600957,-0.008398294448852539,-0.010272700410409452,FROZEN_SENSITIVITY
Movies,mob_gpr_residual,2,44,1,both,0.5602879524230957,0.47486049661565904,-0.009898006916046143,-0.014120705190759975,FROZEN_SENSITIVITY
Movies,mob_gpr_residual,2,44,2,text,0.565386950969696,0.47916723789847093,-0.004799008369445801,-0.009813963907948087,FROZEN_SENSITIVITY
Movies,mob_gpr_residual,2,44,2,visual,0.5617876648902893,0.4793173223264057,-0.008398294448852539,-0.009663879480013293,FROZEN_SENSITIVITY
Movies,mob_gpr_residual,2,44,2,both,0.5569885969161987,0.47344536948835536,-0.013197362422943115,-0.015535832318063658,FROZEN_SENSITIVITY
Movies,mob_gpr_residual,2,44,3,text,0.5650869607925415,0.48005836958732717,-0.005098998546600342,-0.008922832219091847,FROZEN_SENSITIVITY
Movies,mob_gpr_residual,2,44,3,visual,0.5620875954627991,0.47681984447177117,-0.008098363876342773,-0.012161357334647849,FROZEN_SENSITIVITY
Movies,mob_gpr_residual,2,44,3,both,0.5587882399559021,0.474815616345767,-0.011397719383239746,-0.014165585460651997,FROZEN_SENSITIVITY
Toys,mob_gpr_plain,0,42,baseline,none,0.8074414134025574,0.7775665459583958,0.0,0.0,FROZEN_SENSITIVITY
Toys,mob_gpr_plain,0,42,0,text,0.8004348874092102,0.7683256543202375,-0.007006525993347168,-0.009240891638158333,FROZEN_SENSITIVITY
Toys,mob_gpr_plain,0,42,0,visual,0.8018845319747925,0.7724621908908468,-0.005556881427764893,-0.005104355067549027,FROZEN_SENSITIVITY
Toys,mob_gpr_plain,0,42,0,both,0.801159679889679,0.7671163023865546,-0.006281733512878418,-0.010450243571841211,FROZEN_SENSITIVITY
Toys,mob_gpr_plain,0,42,1,text,0.8040589690208435,0.7740579895779124,-0.003382444381713867,-0.0035085563804834186,FROZEN_SENSITIVITY
Toys,mob_gpr_plain,0,42,1,visual,0.8047837615013123,0.774860009762605,-0.002657651901245117,-0.002706536195790754,FROZEN_SENSITIVITY
Toys,mob_gpr_plain,0,42,1,both,0.8057501912117004,0.7758537434910703,-0.0016912221908569336,-0.0017128024673255249,FROZEN_SENSITIVITY
Toys,mob_gpr_plain,0,42,2,text,0.8064749836921692,0.7756281830268111,-0.0009664297103881836,-0.0019383629315846695,FROZEN_SENSITIVITY
Toys,mob_gpr_plain,0,42,2,visual,0.8050253391265869,0.7750473820195009,-0.002416074275970459,-0.0025191639388949527,FROZEN_SENSITIVITY
Toys,mob_gpr_plain,0,42,2,both,0.8023677468299866,0.7733017988479418,-0.005073666572570801,-0.0042647471104539925,FROZEN_SENSITIVITY
Toys,mob_gpr_plain,0,42,3,text,0.8059917688369751,0.7751270491516954,-0.0014496445655822754,-0.002439496806700414,FROZEN_SENSITIVITY
Toys,mob_gpr_plain,0,42,3,visual,0.8064749836921692,0.777707249798999,-0.0009664297103881836,0.00014070384060316243,FROZEN_SENSITIVITY
Toys,mob_gpr_plain,0,42,3,both,0.8018845319747925,0.7746920806614841,-0.005556881427764893,-0.00287446529691171,FROZEN_SENSITIVITY
Toys,mob_gpr_plain,1,43,baseline,none,0.8064749836921692,0.781893740217901,0.0,0.0,FROZEN_SENSITIVITY
Toys,mob_gpr_plain,1,43,0,text,0.7956027984619141,0.7688233708988944,-0.010872185230255127,-0.013070369319006625,FROZEN_SENSITIVITY
Toys,mob_gpr_plain,1,43,0,visual,0.8035757541656494,0.7784188555631966,-0.0028992295265197754,-0.0034748846547044687,FROZEN_SENSITIVITY
Toys,mob_gpr_plain,1,43,0,both,0.8018845319747925,0.7739440416167745,-0.004590451717376709,-0.007949698601126487,FROZEN_SENSITIVITY
Toys,mob_gpr_plain,1,43,1,text,0.799468457698822,0.7719479170007462,-0.007006525993347168,-0.00994582321715487,FROZEN_SENSITIVITY
Toys,mob_gpr_plain,1,43,1,visual,0.8035757541656494,0.7788397673589044,-0.0028992295265197754,-0.0030539728589966675,FROZEN_SENSITIVITY
Toys,mob_gpr_plain,1,43,1,both,0.8064749836921692,0.7805426323753922,0.0,-0.001351107842508803,FROZEN_SENSITIVITY
Toys,mob_gpr_plain,1,43,2,text,0.7992268800735474,0.7727477129260593,-0.007248103618621826,-0.009146027291841774,FROZEN_SENSITIVITY
Toys,mob_gpr_plain,1,43,2,visual,0.8023677468299866,0.7758170835393129,-0.004107236862182617,-0.006076656678588144,FROZEN_SENSITIVITY
Toys,mob_gpr_plain,1,43,2,both,0.8009181022644043,0.7762078934668548,-0.005556881427764893,-0.00568584675104622,FROZEN_SENSITIVITY
Toys,mob_gpr_plain,1,43,3,text,0.8004348874092102,0.7732147433579414,-0.006040096282958984,-0.008678996859959653,FROZEN_SENSITIVITY
Toys,mob_gpr_plain,1,43,3,visual,0.8001933097839355,0.772872908824279,-0.006281673908233643,-0.009020831393622086,FROZEN_SENSITIVITY
Toys,mob_gpr_plain,1,43,3,both,0.7977772355079651,0.7729734469171334,-0.008697748184204102,-0.008920293300767601,FROZEN_SENSITIVITY
Toys,mob_gpr_plain,2,44,baseline,none,0.8043005466461182,0.7776722479242628,0.0,0.0,FROZEN_SENSITIVITY
Toys,mob_gpr_plain,2,44,0,text,0.793428361415863,0.7635303214353867,-0.010872185230255127,-0.014141926488876133,FROZEN_SENSITIVITY
Toys,mob_gpr_plain,2,44,0,visual,0.8026093244552612,0.7756824573236912,-0.0016912221908569336,-0.0019897906005715837,FROZEN_SENSITIVITY
Toys,mob_gpr_plain,2,44,0,both,0.7941531538963318,0.7619425440214248,-0.010147392749786377,-0.01572970390283801,FROZEN_SENSITIVITY
Toys,mob_gpr_plain,2,44,1,text,0.7997100949287415,0.7722366894464445,-0.004590451717376709,-0.005435558477818292,FROZEN_SENSITIVITY
Toys,mob_gpr_plain,2,44,1,visual,0.8018845319747925,0.7771921324225181,-0.0024160146713256836,-0.00048011550174476003,FROZEN_SENSITIVITY
Toys,mob_gpr_plain,2,44,1,both,0.8045421838760376,0.7782162292992303,0.0002416372299194336,0.0005439813749674727,FROZEN_SENSITIVITY
Toys,mob_gpr_plain,2,44,2,text,0.7987436652183533,0.7733306002488756,-0.005556881427764893,-0.00434164767538725,FROZEN_SENSITIVITY
Toys,mob_gpr_plain,2,44,2,visual,0.7987436652183533,0.7748304171306484,-0.005556881427764893,-0.0028418307936144416,FROZEN_SENSITIVITY
Toys,mob_gpr_plain,2,44,2,both,0.7980188727378845,0.7750330164598482,-0.006281673908233643,-0.002639231464414582,FROZEN_SENSITIVITY
Toys,mob_gpr_plain,2,44,3,text,0.7987436652183533,0.7728645021561394,-0.005556881427764893,-0.004807745768123373,FROZEN_SENSITIVITY
Toys,mob_gpr_plain,2,44,3,visual,0.7968108057975769,0.7729958552739624,-0.00748974084854126,-0.004676392650300398,FROZEN_SENSITIVITY
Toys,mob_gpr_plain,2,44,3,both,0.7946363687515259,0.771705340137758,-0.009664177894592285,-0.0059669077865047715,FROZEN_SENSITIVITY
Toys,mob_gpr_residual,0,42,baseline,none,0.8023677468299866,0.7722793746485687,0.0,0.0,FROZEN_SENSITIVITY
Toys,mob_gpr_residual,0,42,0,text,0.7977772355079651,0.7659644548676624,-0.004590511322021484,-0.0063149197809062585,FROZEN_SENSITIVITY
Toys,mob_gpr_residual,0,42,0,visual,0.8014013171195984,0.7703721248331594,-0.0009664297103881836,-0.0019072498154092399,FROZEN_SENSITIVITY
Toys,mob_gpr_residual,0,42,0,both,0.7977772355079651,0.7639886260148854,-0.004590511322021484,-0.008290748633683287,FROZEN_SENSITIVITY
Toys,mob_gpr_residual,0,42,1,text,0.8001933097839355,0.7698143116645685,-0.0021744370460510254,-0.002465062984000177,FROZEN_SENSITIVITY
Toys,mob_gpr_residual,0,42,1,visual,0.801642894744873,0.7707863160115759,-0.0007248520851135254,-0.0014930586369927834,FROZEN_SENSITIVITY
Toys,mob_gpr_residual,0,42,1,both,0.8014013171195984,0.7705411762998531,-0.0009664297103881836,-0.0017381983487155805,FROZEN_SENSITIVITY
Toys,mob_gpr_residual,0,42,2,text,0.8021261096000671,0.772340686617412,-0.0002416372299194336,6.131196884329171e-05,FROZEN_SENSITIVITY
Toys,mob_gpr_residual,0,42,2,visual,0.7968108057975769,0.7654518829320337,-0.005556941032409668,-0.006827491716534961,FROZEN_SENSITIVITY
Toys,mob_gpr_residual,0,42,2,both,0.7948780059814453,0.7628700616249906,-0.00748974084854126,-0.009409313023578059,FROZEN_SENSITIVITY
Toys,mob_gpr_residual,0,42,3,text,0.8006764650344849,0.7709980893221497,-0.001691281795501709,-0.0012812853264189128,FROZEN_SENSITIVITY
Toys,mob_gpr_residual,0,42,3,visual,0.7960860133171082,0.7642098924876048,-0.006281733512878418,-0.008069482160963815,FROZEN_SENSITIVITY
Toys,mob_gpr_residual,0,42,3,both,0.7919787168502808,0.760864087013502,-0.01038902997970581,-0.011415287635066607,FROZEN_SENSITIVITY
Toys,mob_gpr_residual,1,43,baseline,none,0.8079246282577515,0.7801369654815491,0.0,0.0,FROZEN_SENSITIVITY
Toys,mob_gpr_residual,1,43,0,text,0.801159679889679,0.7711368779943446,-0.00676494836807251,-0.009000087487204489,FROZEN_SENSITIVITY
Toys,mob_gpr_residual,1,43,0,visual,0.8052669763565063,0.7767765951382813,-0.002657651901245117,-0.003360370343267749,FROZEN_SENSITIVITY
Toys,mob_gpr_residual,1,43,0,both,0.7997100949287415,0.7692253833219755,-0.00821453332901001,-0.010911582159573552,FROZEN_SENSITIVITY
Toys,mob_gpr_residual,1,43,1,text,0.8071998357772827,0.7797114655197648,-0.00072479248046875,-0.0004254999617843147,FROZEN_SENSITIVITY
Toys,mob_gpr_residual,1,43,1,visual,0.8084078431129456,0.7829525993145048,0.0004832148551940918,0.0028156338329556885,FROZEN_SENSITIVITY
Toys,mob_gpr_residual,1,43,1,both,0.8081662058830261,0.7821308521523274,0.0002415776252746582,0.0019938866707782665,FROZEN_SENSITIVITY
Toys,mob_gpr_residual,1,43,2,text,0.8064749836921692,0.7792722787810898,-0.0014496445655822754,-0.0008646867004592496,FROZEN_SENSITIVITY
Toys,mob_gpr_residual,1,43,2,visual,0.805508553981781,0.7776033810006696,-0.002416074275970459,-0.0025335844808794805,FROZEN_SENSITIVITY
Toys,mob_gpr_residual,1,43,2,both,0.8043005466461182,0.7764173497780654,-0.0036240816116333008,-0.0037196157034836697,FROZEN_SENSITIVITY
Toys,mob_gpr_residual,1,43,3,text,0.8052669763565063,0.7780751915313087,-0.002657651901245117,-0.002061773950240431,FROZEN_SENSITIVITY
Toys,mob_gpr_residual,1,43,3,visual,0.8040589690208435,0.7761551092257746,-0.003865659236907959,-0.0039818562557745185,FROZEN_SENSITIVITY
Toys,mob_gpr_residual,1,43,3,both,0.801159679889679,0.7733643178873997,-0.00676494836807251,-0.006772647594149417,FROZEN_SENSITIVITY
Toys,mob_gpr_residual,2,44,baseline,none,0.8064749836921692,0.7787896134768583,0.0,0.0,FROZEN_SENSITIVITY
Toys,mob_gpr_residual,2,44,0,text,0.7987436652183533,0.7695302907029851,-0.007731318473815918,-0.009259322773873202,FROZEN_SENSITIVITY
Toys,mob_gpr_residual,2,44,0,visual,0.8057501912117004,0.7783743154246616,-0.00072479248046875,-0.0004152980521966443,FROZEN_SENSITIVITY
Toys,mob_gpr_residual,2,44,0,both,0.7989852428436279,0.7683096119517162,-0.00748974084854126,-0.010480001525142058,FROZEN_SENSITIVITY
Toys,mob_gpr_residual,2,44,1,text,0.8062334060668945,0.7784572167057829,-0.0002415776252746582,-0.0003323967710753273,FROZEN_SENSITIVITY
Toys,mob_gpr_residual,2,44,1,visual,0.805508553981781,0.7767194935051345,-0.0009664297103881836,-0.002070119971723794,FROZEN_SENSITIVITY
Toys,mob_gpr_residual,2,44,1,both,0.8062334060668945,0.7769603688129648,-0.0002415776252746582,-0.0018292446638934479,FROZEN_SENSITIVITY
Toys,mob_gpr_residual,2,44,2,text,0.8064749836921692,0.7783851867721416,0.0,-0.00040442670471663167,FROZEN_SENSITIVITY
Toys,mob_gpr_residual,2,44,2,visual,0.801159679889679,0.7724025204278627,-0.005315303802490234,-0.00638709304899554,FROZEN_SENSITIVITY
Toys,mob_gpr_residual,2,44,2,both,0.799468457698822,0.7712803982261063,-0.007006525993347168,-0.007509215250751988,FROZEN_SENSITIVITY
Toys,mob_gpr_residual,2,44,3,text,0.8052669763565063,0.778725148557681,-0.0012080073356628418,-6.446491917722064e-05,FROZEN_SENSITIVITY
Toys,mob_gpr_residual,2,44,3,visual,0.7982604503631592,0.7698918519806741,-0.00821453332901001,-0.008897761496184153,FROZEN_SENSITIVITY
Toys,mob_gpr_residual,2,44,3,both,0.7970524430274963,0.7694254631352804,-0.009422540664672852,-0.009364150341577893,FROZEN_SENSITIVITY
Grocery,mob_gpr_plain,0,42,baseline,none,0.8304538726806641,0.7647863443218605,0.0,0.0,FROZEN_SENSITIVITY
Grocery,mob_gpr_plain,0,42,0,text,0.8152269124984741,0.7437414764460485,-0.015226960182189941,-0.021044867875812057,FROZEN_SENSITIVITY
Grocery,mob_gpr_plain,0,42,0,visual,0.8196192979812622,0.7600774720412758,-0.010834574699401855,-0.004708872280584697,FROZEN_SENSITIVITY
Grocery,mob_gpr_plain,0,42,0,both,0.8155197501182556,0.7435159322725353,-0.014934122562408447,-0.021270412049325227,FROZEN_SENSITIVITY
Grocery,mob_gpr_plain,0,42,1,text,0.8278184533119202,0.765394331650121,-0.0026354193687438965,0.0006079873282605064,FROZEN_SENSITIVITY
Grocery,mob_gpr_plain,0,42,1,visual,0.8278184533119202,0.7639585514055846,-0.0026354193687438965,-0.0008277929162759934,FROZEN_SENSITIVITY
Grocery,mob_gpr_plain,0,42,1,both,0.8281112909317017,0.764107954949068,-0.0023425817489624023,-0.0006783893727925205,FROZEN_SENSITIVITY
Grocery,mob_gpr_plain,0,42,2,text,0.826061487197876,0.7644511830913516,-0.004392385482788086,-0.000335161230508918,FROZEN_SENSITIVITY
Grocery,mob_gpr_plain,0,42,2,visual,0.8298682570457458,0.7669887505453541,-0.0005856156349182129,0.002202406223493547,FROZEN_SENSITIVITY
Grocery,mob_gpr_plain,0,42,2,both,0.8237189054489136,0.7581553455013644,-0.006734967231750488,-0.0066309988204961146,FROZEN_SENSITIVITY
Grocery,mob_gpr_plain,0,42,3,text,0.826061487197876,0.7637137610898985,-0.004392385482788086,-0.001072583231962021,FROZEN_SENSITIVITY
Grocery,mob_gpr_plain,0,42,3,visual,0.8286969065666199,0.7648242542425456,-0.0017569661140441895,3.790992068508636e-05,FROZEN_SENSITIVITY
Grocery,mob_gpr_plain,0,42,3,both,0.8245973587036133,0.7597959586506079,-0.005856513977050781,-0.004990385671252651,FROZEN_SENSITIVITY
Grocery,mob_gpr_plain,1,43,baseline,none,0.8281112909317017,0.7411578675391085,0.0,0.0,FROZEN_SENSITIVITY
Grocery,mob_gpr_plain,1,43,0,text,0.8137627840042114,0.7291376301123499,-0.014348506927490234,-0.012020237426758618,FROZEN_SENSITIVITY
Grocery,mob_gpr_plain,1,43,0,visual,0.8251830339431763,0.7421916876662439,-0.0029282569885253906,0.0010338201271353764,FROZEN_SENSITIVITY
Grocery,mob_gpr_plain,1,43,0,both,0.8202049732208252,0.7231024627209746,-0.007906317710876465,-0.018055404818133947,FROZEN_SENSITIVITY
Grocery,mob_gpr_plain,1,43,1,text,0.8254758715629578,0.7437462941029868,-0.0026354193687438965,0.0025884265638782544,FROZEN_SENSITIVITY
Grocery,mob_gpr_plain,1,43,1,visual,0.8286969065666199,0.7463357604111764,0.0005856156349182129,0.005177892872067935,FROZEN_SENSITIVITY
Grocery,mob_gpr_plain,1,43,1,both,0.8248901963233948,0.7353740880983232,-0.0032210946083068848,-0.0057837794407853416,FROZEN_SENSITIVITY
Grocery,mob_gpr_plain,1,43,2,text,0.8251830339431763,0.7453858916015129,-0.0029282569885253906,0.004228024062404412,FROZEN_SENSITIVITY
Grocery,mob_gpr_plain,1,43,2,visual,0.8245973587036133,0.7433430077286121,-0.003513932228088379,0.002185140189503554,FROZEN_SENSITIVITY
Grocery,mob_gpr_plain,1,43,2,both,0.8210834264755249,0.7330846238832659,-0.007027864456176758,-0.00807324365584261,FROZEN_SENSITIVITY
Grocery,mob_gpr_plain,1,43,3,text,0.8263543248176575,0.7460699693663462,-0.0017569661140441895,0.004912101827237669,FROZEN_SENSITIVITY
Grocery,mob_gpr_plain,1,43,3,visual,0.8251830339431763,0.7415261447542326,-0.0029282569885253906,0.00036827721512411316,FROZEN_SENSITIVITY
Grocery,mob_gpr_plain,1,43,3,both,0.8207906484603882,0.7327462042171903,-0.0073206424713134766,-0.008411663321918228,FROZEN_SENSITIVITY
Grocery,mob_gpr_plain,2,44,baseline,none,0.8313323855400085,0.7624625444868108,0.0,0.0,FROZEN_SENSITIVITY
Grocery,mob_gpr_plain,2,44,0,text,0.8093703985214233,0.727693872633692,-0.021961987018585205,-0.03476867185311883,FROZEN_SENSITIVITY
Grocery,mob_gpr_plain,2,44,0,visual,0.8333821296691895,0.7612911173069942,0.002049744129180908,-0.0011714271798166642,FROZEN_SENSITIVITY
Grocery,mob_gpr_plain,2,44,0,both,0.8213762640953064,0.7336864673420205,-0.009956121444702148,-0.028776077144790357,FROZEN_SENSITIVITY
Grocery,mob_gpr_plain,2,44,1,text,0.8289897441864014,0.759698903132694,-0.0023426413536071777,-0.002763641354116886,FROZEN_SENSITIVITY
Grocery,mob_gpr_plain,2,44,1,visual,0.8301610350608826,0.7588152445094245,-0.0011713504791259766,-0.0036472999773863313,FROZEN_SENSITIVITY
Grocery,mob_gpr_plain,2,44,1,both,0.8272327780723572,0.7581184293408132,-0.004099607467651367,-0.00434411514599764,FROZEN_SENSITIVITY
Grocery,mob_gpr_plain,2,44,2,text,0.8257686495780945,0.7538033093798575,-0.0055637359619140625,-0.008659235106953322,FROZEN_SENSITIVITY
Grocery,mob_gpr_plain,2,44,2,visual,0.8286969065666199,0.7587926734786861,-0.002635478973388672,-0.00366987100812477,FROZEN_SENSITIVITY
Grocery,mob_gpr_plain,2,44,2,both,0.8222547769546509,0.7564180024701125,-0.009077608585357666,-0.006044542016698351,FROZEN_SENSITIVITY
Grocery,mob_gpr_plain,2,44,3,text,0.8284041285514832,0.7572659110484483,-0.0029282569885253906,-0.005196633438362519,FROZEN_SENSITIVITY
Grocery,mob_gpr_plain,2,44,3,visual,0.8278184533119202,0.7572793661184588,-0.003513932228088379,-0.005183178368352026,FROZEN_SENSITIVITY
Grocery,mob_gpr_plain,2,44,3,both,0.8219619393348694,0.7539342455925879,-0.00937044620513916,-0.008528298894222908,FROZEN_SENSITIVITY
Grocery,mob_gpr_residual,0,42,baseline,none,0.8401171565055847,0.7854764217534722,0.0,0.0,FROZEN_SENSITIVITY
Grocery,mob_gpr_residual,0,42,0,text,0.8301610350608826,0.7608073011755409,-0.009956121444702148,-0.024669120577931358,FROZEN_SENSITIVITY
Grocery,mob_gpr_residual,0,42,0,visual,0.837481677532196,0.7717884812572976,-0.002635478973388672,-0.013687940496174611,FROZEN_SENSITIVITY
Grocery,mob_gpr_residual,0,42,0,both,0.8254758715629578,0.7560963385021852,-0.014641284942626953,-0.029380083251287048,FROZEN_SENSITIVITY
Grocery,mob_gpr_residual,0,42,1,text,0.8407027721405029,0.78794153069225,0.0005856156349182129,0.002465108938777827,FROZEN_SENSITIVITY
Grocery,mob_gpr_residual,0,42,1,visual,0.8363103866577148,0.7808928346771642,-0.003806769847869873,-0.0045835870763080155,FROZEN_SENSITIVITY
Grocery,mob_gpr_residual,0,42,1,both,0.8366032242774963,0.7795937754871097,-0.003513932228088379,-0.005882646266362479,FROZEN_SENSITIVITY
Grocery,mob_gpr_residual,0,42,2,text,0.838067352771759,0.7838690268785073,-0.0020498037338256836,-0.0016073948749648626,FROZEN_SENSITIVITY
Grocery,mob_gpr_residual,0,42,2,visual,0.833089292049408,0.7818707798750972,-0.007027864456176758,-0.0036056418783749766,FROZEN_SENSITIVITY
Grocery,mob_gpr_residual,0,42,2,both,0.8319180011749268,0.7792246723267595,-0.008199155330657959,-0.006251749426712694,FROZEN_SENSITIVITY
Grocery,mob_gpr_residual,0,42,3,text,0.8398243188858032,0.7868402443722954,-0.00029283761978149414,0.001363822618823174,FROZEN_SENSITIVITY
Grocery,mob_gpr_residual,0,42,3,visual,0.8325036764144897,0.777834113680384,-0.007613480091094971,-0.007642308073088189,FROZEN_SENSITIVITY
Grocery,mob_gpr_residual,0,42,3,both,0.8316251635551453,0.7773223831722356,-0.008491992950439453,-0.008154038581236644,FROZEN_SENSITIVITY
Grocery,mob_gpr_residual,1,43,baseline,none,0.8398243188858032,0.7814305939691192,0.0,0.0,FROZEN_SENSITIVITY
Grocery,mob_gpr_residual,1,43,0,text,0.8348462581634521,0.77687757851299,-0.004978060722351074,-0.004553015456129184,FROZEN_SENSITIVITY
Grocery,mob_gpr_residual,1,43,0,visual,0.8368960618972778,0.7735615197494436,-0.0029282569885253906,-0.007869074219675531,FROZEN_SENSITIVITY
Grocery,mob_gpr_residual,1,43,0,both,0.8301610350608826,0.7579283659564819,-0.009663283824920654,-0.02350222801263724,FROZEN_SENSITIVITY
Grocery,mob_gpr_residual,1,43,1,text,0.8383601903915405,0.7787229595859615,-0.0014641284942626953,-0.0027076343831576866,FROZEN_SENSITIVITY
Grocery,mob_gpr_residual,1,43,1,visual,0.8371888995170593,0.7772183983448496,-0.0026354193687438965,-0.004212195624269555,FROZEN_SENSITIVITY
Grocery,mob_gpr_residual,1,43,1,both,0.8363103866577148,0.7778955162818172,-0.003513932228088379,-0.0035350776873019907,FROZEN_SENSITIVITY
Grocery,mob_gpr_residual,1,43,2,text,0.8395314812660217,0.7816787955974829,-0.00029283761978149414,0.00024820162836369786,FROZEN_SENSITIVITY
Grocery,mob_gpr_residual,1,43,2,visual,0.837481677532196,0.7816745507901945,-0.0023426413536071777,0.00024395682107536398,FROZEN_SENSITIVITY
Grocery,mob_gpr_residual,1,43,2,both,0.8345534205436707,0.7797520626181313,-0.005270898342132568,-0.001678531350987833,FROZEN_SENSITIVITY
Grocery,mob_gpr_residual,1,43,3,text,0.8389458060264587,0.780649380474343,-0.0008785128593444824,-0.0007812134947762228,FROZEN_SENSITIVITY
Grocery,mob_gpr_residual,1,43,3,visual,0.8363103866577148,0.7768588915559597,-0.003513932228088379,-0.004571702413159517,FROZEN_SENSITIVITY
Grocery,mob_gpr_residual,1,43,3,both,0.8351390957832336,0.7796162509776223,-0.00468522310256958,-0.0018143429914968534,FROZEN_SENSITIVITY
Grocery,mob_gpr_residual,2,44,baseline,none,0.8339678049087524,0.7787183098298798,0.0,0.0,FROZEN_SENSITIVITY
Grocery,mob_gpr_residual,2,44,0,text,0.8254758715629578,0.7652798054594097,-0.008491933345794678,-0.013438504370470117,FROZEN_SENSITIVITY
Grocery,mob_gpr_residual,2,44,0,visual,0.8322108387947083,0.7676129967791315,-0.0017569661140441895,-0.011105313050748244,FROZEN_SENSITIVITY
Grocery,mob_gpr_residual,2,44,0,both,0.8222547769546509,0.7470200306003123,-0.011713027954101562,-0.03169827922956747,FROZEN_SENSITIVITY
Grocery,mob_gpr_residual,2,44,1,text,0.833089292049408,0.776957190117932,-0.0008785128593444824,-0.0017611197119478117,FROZEN_SENSITIVITY
Grocery,mob_gpr_residual,2,44,1,visual,0.8325036764144897,0.7769523857735777,-0.0014641284942626953,-0.0017659240563020484,FROZEN_SENSITIVITY
Grocery,mob_gpr_residual,2,44,1,both,0.8319180011749268,0.7781659651254327,-0.0020498037338256836,-0.0005523447044470942,FROZEN_SENSITIVITY
Grocery,mob_gpr_residual,2,44,2,text,0.8322108387947083,0.7735627112131895,-0.0017569661140441895,-0.005155598616690238,FROZEN_SENSITIVITY
Grocery,mob_gpr_residual,2,44,2,visual,0.8301610350608826,0.7747120541625018,-0.003806769847869873,-0.004006255667378,FROZEN_SENSITIVITY
Grocery,mob_gpr_residual,2,44,2,both,0.8278184533119202,0.7717931807033993,-0.006149351596832275,-0.006925129126480467,FROZEN_SENSITIVITY
Grocery,mob_gpr_residual,2,44,3,text,0.8327965140342712,0.7740112654622809,-0.0011712908744812012,-0.004707044367598834,FROZEN_SENSITIVITY
Grocery,mob_gpr_residual,2,44,3,visual,0.8289897441864014,0.7733319884304879,-0.004978060722351074,-0.00538632139939188,FROZEN_SENSITIVITY
Grocery,mob_gpr_residual,2,44,3,both,0.826647162437439,0.7707602039265005,-0.0073206424713134766,-0.007958105903379309,FROZEN_SENSITIVITY
ele-fashion,mob_gpr_plain,0,42,baseline,none,0.8806382417678833,0.7669995443782291,0.0,0.0,FROZEN_SENSITIVITY
ele-fashion,mob_gpr_plain,0,42,0,text,0.8573182225227356,0.7167230124291596,-0.023320019245147705,-0.05027653194906956,FROZEN_SENSITIVITY
ele-fashion,mob_gpr_plain,0,42,0,visual,0.8765469789505005,0.7455252262660369,-0.0040912628173828125,-0.021474318112192248,FROZEN_SENSITIVITY
ele-fashion,mob_gpr_plain,0,42,0,both,0.8541474938392639,0.7002337316425206,-0.026490747928619385,-0.06676581273570859,FROZEN_SENSITIVITY
ele-fashion,mob_gpr_plain,0,42,1,text,0.8792062997817993,0.7632686364397063,-0.0014319419860839844,-0.0037309079385228205,FROZEN_SENSITIVITY
ele-fashion,mob_gpr_plain,0,42,1,visual,0.8808428049087524,0.7657955785448948,0.00020456314086914062,-0.001203965833334375,FROZEN_SENSITIVITY
ele-fashion,mob_gpr_plain,0,42,1,both,0.8805359601974487,0.76325714342956,-0.00010228157043457031,-0.003742400948669178,FROZEN_SENSITIVITY
ele-fashion,mob_gpr_plain,0,42,2,text,0.878797173500061,0.7649186784047246,-0.0018410682678222656,-0.002080865973504542,FROZEN_SENSITIVITY
ele-fashion,mob_gpr_plain,0,42,2,visual,0.8799222707748413,0.764012394480968,-0.0007159709930419922,-0.002987149897261121,FROZEN_SENSITIVITY
ele-fashion,mob_gpr_plain,0,42,2,both,0.8806382417678833,0.7683368814209401,0.0,0.0013373370427109954,FROZEN_SENSITIVITY
ele-fashion,mob_gpr_plain,0,42,3,text,0.879513144493103,0.7663913709438378,-0.0011250972747802734,-0.0006081734343913459,FROZEN_SENSITIVITY
ele-fashion,mob_gpr_plain,0,42,3,visual,0.880229115486145,0.7659851237875007,-0.00040912628173828125,-0.0010144205907284265,FROZEN_SENSITIVITY
ele-fashion,mob_gpr_plain,0,42,3,both,0.8810473680496216,0.7689833872873418,0.00040912628173828125,0.0019838429091126875,FROZEN_SENSITIVITY
ele-fashion,mob_gpr_plain,1,43,baseline,none,0.8792062997817993,0.7602279418637372,0.0,0.0,FROZEN_SENSITIVITY
ele-fashion,mob_gpr_plain,1,43,0,text,0.8597729206085205,0.720510861724291,-0.01943337917327881,-0.03971708013944619,FROZEN_SENSITIVITY
ele-fashion,mob_gpr_plain,1,43,0,visual,0.8743991255760193,0.751339329842213,-0.004807174205780029,-0.008888612021524245,FROZEN_SENSITIVITY
ele-fashion,mob_gpr_plain,1,43,0,both,0.8546589016914368,0.7092121481728789,-0.02454739809036255,-0.05101579369085829,FROZEN_SENSITIVITY
ele-fashion,mob_gpr_plain,1,43,1,text,0.8793085813522339,0.7567051655486087,0.00010228157043457031,-0.0035227763151285396,FROZEN_SENSITIVITY
ele-fashion,mob_gpr_plain,1,43,1,visual,0.8796154260635376,0.7636526837511106,0.00040912628173828125,0.003424741887373406,FROZEN_SENSITIVITY
ele-fashion,mob_gpr_plain,1,43,1,both,0.8803313970565796,0.7576100755156697,0.0011250972747802734,-0.002617866348067488,FROZEN_SENSITIVITY
ele-fashion,mob_gpr_plain,1,43,2,text,0.8781834840774536,0.7558409643655062,-0.0010228157043457031,-0.004386977498231026,FROZEN_SENSITIVITY
ele-fashion,mob_gpr_plain,1,43,2,visual,0.8784903287887573,0.7620697355099743,-0.0007159709930419922,0.0018417936462370443,FROZEN_SENSITIVITY
ele-fashion,mob_gpr_plain,1,43,2,both,0.8783880472183228,0.7593236323248156,-0.0008182525634765625,-0.0009043095389216216,FROZEN_SENSITIVITY
ele-fashion,mob_gpr_plain,1,43,3,text,0.8788994550704956,0.7575759697309816,-0.00030684471130371094,-0.0026519721327555867,FROZEN_SENSITIVITY
ele-fashion,mob_gpr_plain,1,43,3,visual,0.8793085813522339,0.7634396157462188,0.00010228157043457031,0.0032116738824815583,FROZEN_SENSITIVITY
ele-fashion,mob_gpr_plain,1,43,3,both,0.8783880472183228,0.7594069149707284,-0.0008182525634765625,-0.0008210268930087805,FROZEN_SENSITIVITY
ele-fashion,mob_gpr_plain,2,44,baseline,none,0.8793085813522339,0.7641274840765754,0.0,0.0,FROZEN_SENSITIVITY
ele-fashion,mob_gpr_plain,2,44,0,text,0.8616139888763428,0.736482912128233,-0.017694592475891113,-0.027644571948342356,FROZEN_SENSITIVITY
ele-fashion,mob_gpr_plain,2,44,0,visual,0.8749105334281921,0.7476735084438064,-0.004398047924041748,-0.016453975632768958,FROZEN_SENSITIVITY
ele-fashion,mob_gpr_plain,2,44,0,both,0.8571136593818665,0.7180080486441635,-0.02219492197036743,-0.046119435432411926,FROZEN_SENSITIVITY
ele-fashion,mob_gpr_plain,2,44,1,text,0.8799222707748413,0.7655387278142267,0.0006136894226074219,0.0014112437376513354,FROZEN_SENSITIVITY
ele-fashion,mob_gpr_plain,2,44,1,visual,0.8808428049087524,0.7640138290075438,0.0015342235565185547,-0.00011365506903160405,FROZEN_SENSITIVITY
ele-fashion,mob_gpr_plain,2,44,1,both,0.8806382417678833,0.7654376175464388,0.001329660415649414,0.001310133469863417,FROZEN_SENSITIVITY
ele-fashion,mob_gpr_plain,2,44,2,text,0.8790017366409302,0.7678941467589303,-0.00030684471130371094,0.0037666626823549265,FROZEN_SENSITIVITY
ele-fashion,mob_gpr_plain,2,44,2,visual,0.8784903287887573,0.7622572310007882,-0.0008182525634765625,-0.0018702530757871427,FROZEN_SENSITIVITY
ele-fashion,mob_gpr_plain,2,44,2,both,0.8782857656478882,0.7616274399261918,-0.0010228157043457031,-0.002500044150383629,FROZEN_SENSITIVITY
ele-fashion,mob_gpr_plain,2,44,3,text,0.8794108629226685,0.7681408452229991,0.00010228157043457031,0.0040133611464236996,FROZEN_SENSITIVITY
ele-fashion,mob_gpr_plain,2,44,3,visual,0.8794108629226685,0.7644285342126694,0.00010228157043457031,0.00030105013609404985,FROZEN_SENSITIVITY
ele-fashion,mob_gpr_plain,2,44,3,both,0.8781834840774536,0.7637222677508458,-0.0011250972747802734,-0.00040521632572954047,FROZEN_SENSITIVITY
ele-fashion,mob_gpr_residual,0,42,baseline,none,0.8801268339157104,0.7716368920474149,0.0,0.0,FROZEN_SENSITIVITY
ele-fashion,mob_gpr_residual,0,42,0,text,0.8622276782989502,0.7282752006727972,-0.017899155616760254,-0.04336169137461776,FROZEN_SENSITIVITY
ele-fashion,mob_gpr_residual,0,42,0,visual,0.8766492605209351,0.7565650742212988,-0.0034775733947753906,-0.015071817826116107,FROZEN_SENSITIVITY
ele-fashion,mob_gpr_residual,0,42,0,both,0.8537383675575256,0.7142393382763442,-0.026388466358184814,-0.0573975537710707,FROZEN_SENSITIVITY
ele-fashion,mob_gpr_residual,0,42,1,text,0.8797177076339722,0.7695795173653326,-0.00040912628173828125,-0.0020573746820823358,FROZEN_SENSITIVITY
ele-fashion,mob_gpr_residual,0,42,1,visual,0.8793085813522339,0.7695333799586854,-0.0008182525634765625,-0.002103512088729498,FROZEN_SENSITIVITY
ele-fashion,mob_gpr_residual,0,42,1,both,0.8791040182113647,0.7668404685181589,-0.0010228157043457031,-0.004796423529256022,FROZEN_SENSITIVITY
ele-fashion,mob_gpr_residual,0,42,2,text,0.878797173500061,0.772432669496067,-0.001329660415649414,0.000795777448652113,FROZEN_SENSITIVITY
ele-fashion,mob_gpr_residual,0,42,2,visual,0.879513144493103,0.7717003885882814,-0.0006136894226074219,6.349654086645895e-05,FROZEN_SENSITIVITY
ele-fashion,mob_gpr_residual,0,42,2,both,0.8770583868026733,0.7718271049017553,-0.0030684471130371094,0.00019021285434039914,FROZEN_SENSITIVITY
ele-fashion,mob_gpr_residual,0,42,3,text,0.8785926103591919,0.7717279402864589,-0.0015342235565185547,9.104823904393378e-05,FROZEN_SENSITIVITY
ele-fashion,mob_gpr_residual,0,42,3,visual,0.8792062997817993,0.7687961666197425,-0.0009205341339111328,-0.0028407254276724414,FROZEN_SENSITIVITY
ele-fashion,mob_gpr_residual,0,42,3,both,0.8769561052322388,0.771615571716901,-0.0031707286834716797,-2.1320330513940888e-05,FROZEN_SENSITIVITY
ele-fashion,mob_gpr_residual,1,43,baseline,none,0.878797173500061,0.753507459936165,0.0,0.0,FROZEN_SENSITIVITY
ele-fashion,mob_gpr_residual,1,43,0,text,0.8629436492919922,0.7162815577835705,-0.015853524208068848,-0.03722590215259447,FROZEN_SENSITIVITY
ele-fashion,mob_gpr_residual,1,43,0,visual,0.8750127553939819,0.7422896983412773,-0.0037844181060791016,-0.011217761594887632,FROZEN_SENSITIVITY
ele-fashion,mob_gpr_residual,1,43,0,both,0.8524087071418762,0.6944345887082408,-0.026388466358184814,-0.05907287122792415,FROZEN_SENSITIVITY
ele-fashion,mob_gpr_residual,1,43,1,text,0.8794108629226685,0.7540327087326572,0.0006136894226074219,0.0005252487964921837,FROZEN_SENSITIVITY
ele-fashion,mob_gpr_residual,1,43,1,visual,0.878797173500061,0.753704136322141,0.0,0.00019667638597598014,FROZEN_SENSITIVITY
ele-fashion,mob_gpr_residual,1,43,1,both,0.8788994550704956,0.752798895462929,0.00010228157043457031,-0.000708564473235973,FROZEN_SENSITIVITY
ele-fashion,mob_gpr_residual,1,43,2,text,0.8778766393661499,0.7517377733105711,-0.0009205341339111328,-0.001769686625593847,FROZEN_SENSITIVITY
ele-fashion,mob_gpr_residual,1,43,2,visual,0.8784903287887573,0.7536814832654621,-0.00030684471130371094,0.00017402332929716824,FROZEN_SENSITIVITY
ele-fashion,mob_gpr_residual,1,43,2,both,0.8775697946548462,0.7547218806497508,-0.0012273788452148438,0.0012144207135857954,FROZEN_SENSITIVITY
ele-fashion,mob_gpr_residual,1,43,3,text,0.8776720762252808,0.7521314249259278,-0.0011250972747802734,-0.0013760350102371977,FROZEN_SENSITIVITY
ele-fashion,mob_gpr_residual,1,43,3,visual,0.8785926103591919,0.7536540620190291,-0.00020456314086914062,0.00014660208286410015,FROZEN_SENSITIVITY
ele-fashion,mob_gpr_residual,1,43,3,both,0.8769561052322388,0.7513135460487658,-0.0018410682678222656,-0.0021939138873992015,FROZEN_SENSITIVITY
ele-fashion,mob_gpr_residual,2,44,baseline,none,0.8822747468948364,0.7615588429274389,0.0,0.0,FROZEN_SENSITIVITY
ele-fashion,mob_gpr_residual,2,44,0,text,0.8639664649963379,0.7280252568236637,-0.018308281898498535,-0.033533586103775215,FROZEN_SENSITIVITY
ele-fashion,mob_gpr_residual,2,44,0,visual,0.8779789209365845,0.7545719124568973,-0.004295825958251953,-0.0069869304705416635,FROZEN_SENSITIVITY
ele-fashion,mob_gpr_residual,2,44,0,both,0.8515904545783997,0.7009516030099903,-0.030684292316436768,-0.06060723991744865,FROZEN_SENSITIVITY
ele-fashion,mob_gpr_residual,2,44,1,text,0.8817633390426636,0.7591974414081673,-0.0005114078521728516,-0.0023614015192716664,FROZEN_SENSITIVITY
ele-fashion,mob_gpr_residual,2,44,1,visual,0.8822747468948364,0.7615829169529286,0.0,2.4074025489650985e-05,FROZEN_SENSITIVITY
ele-fashion,mob_gpr_residual,2,44,1,both,0.8812519311904907,0.758112493026109,-0.0010228157043457031,-0.0034463499013299703,FROZEN_SENSITIVITY
ele-fashion,mob_gpr_residual,2,44,2,text,0.882377028465271,0.7648150245274379,0.00010228157043457031,0.003256181599998964,FROZEN_SENSITIVITY
ele-fashion,mob_gpr_residual,2,44,2,visual,0.8822747468948364,0.7607544326969667,0.0,-0.0008044102304721745,FROZEN_SENSITIVITY
ele-fashion,mob_gpr_residual,2,44,2,both,0.8821724653244019,0.7634674264532211,-0.00010228157043457031,0.0019085835257821593,FROZEN_SENSITIVITY
ele-fashion,mob_gpr_residual,2,44,3,text,0.8813542127609253,0.7627269611163939,-0.0009205341339111328,0.001168118188955014,FROZEN_SENSITIVITY
ele-fashion,mob_gpr_residual,2,44,3,visual,0.8819679021835327,0.7606351857400124,-0.00030684471130371094,-0.0009236571874264854,FROZEN_SENSITIVITY
ele-fashion,mob_gpr_residual,2,44,3,both,0.8812519311904907,0.7624324356006837,-0.0010228157043457031,0.0008735926732448274,FROZEN_SENSITIVITY
Reddit-S,mob_gpr_plain,0,42,baseline,none,0.9594212174415588,0.9183805469517662,0.0,0.0,FROZEN_SENSITIVITY
Reddit-S,mob_gpr_plain,0,42,0,text,0.9578483700752258,0.9181590690115952,-0.0015728473663330078,-0.00022147794017102207,FROZEN_SENSITIVITY
Reddit-S,mob_gpr_plain,0,42,0,visual,0.9512425065040588,0.9080918690155796,-0.0081787109375,-0.010288677936186597,FROZEN_SENSITIVITY
Reddit-S,mob_gpr_plain,0,42,0,both,0.9480968713760376,0.9084467907941175,-0.01132434606552124,-0.009933756157648688,FROZEN_SENSITIVITY
Reddit-S,mob_gpr_plain,0,42,1,text,0.9587920904159546,0.9184026363410099,-0.000629127025604248,2.2089389243751256e-05,FROZEN_SENSITIVITY
Reddit-S,mob_gpr_plain,0,42,1,visual,0.9578483700752258,0.9165971680681446,-0.0015728473663330078,-0.001783378883621567,FROZEN_SENSITIVITY
Reddit-S,mob_gpr_plain,0,42,1,both,0.9581629633903503,0.9178597004732332,-0.001258254051208496,-0.0005208464785330102,FROZEN_SENSITIVITY
Reddit-S,mob_gpr_plain,0,42,2,text,0.9587920904159546,0.9184026363410099,-0.000629127025604248,2.2089389243751256e-05,FROZEN_SENSITIVITY
Reddit-S,mob_gpr_plain,0,42,2,visual,0.9578483700752258,0.9165971680681446,-0.0015728473663330078,-0.001783378883621567,FROZEN_SENSITIVITY
Reddit-S,mob_gpr_plain,0,42,2,both,0.9581629633903503,0.9178597004732332,-0.001258254051208496,-0.0005208464785330102,FROZEN_SENSITIVITY
Reddit-S,mob_gpr_plain,0,42,3,text,0.9587920904159546,0.9184026363410099,-0.000629127025604248,2.2089389243751256e-05,FROZEN_SENSITIVITY
Reddit-S,mob_gpr_plain,0,42,3,visual,0.9578483700752258,0.9165971680681446,-0.0015728473663330078,-0.001783378883621567,FROZEN_SENSITIVITY
Reddit-S,mob_gpr_plain,0,42,3,both,0.9581629633903503,0.9178597004732332,-0.001258254051208496,-0.0005208464785330102,FROZEN_SENSITIVITY
Reddit-S,mob_gpr_plain,1,43,baseline,none,0.9600503444671631,0.9251848452859429,0.0,0.0,FROZEN_SENSITIVITY
Reddit-S,mob_gpr_plain,1,43,0,text,0.9587920904159546,0.9227129760111972,-0.001258254051208496,-0.0024718692747457416,FROZEN_SENSITIVITY
Reddit-S,mob_gpr_plain,1,43,0,visual,0.9499842524528503,0.9144777171411725,-0.010066092014312744,-0.010707128144770373,FROZEN_SENSITIVITY
Reddit-S,mob_gpr_plain,1,43,0,both,0.9480968713760376,0.913878583507558,-0.011953473091125488,-0.011306261778384896,FROZEN_SENSITIVITY
Reddit-S,mob_gpr_plain,1,43,1,text,0.9591066241264343,0.9226351047766865,-0.0009437203407287598,-0.002549740509256382,FROZEN_SENSITIVITY
Reddit-S,mob_gpr_plain,1,43,1,visual,0.9559609889984131,0.9186687037237302,-0.00408935546875,-0.006516141562212696,FROZEN_SENSITIVITY
Reddit-S,mob_gpr_plain,1,43,1,both,0.9606794714927673,0.9252023422368231,0.000629127025604248,1.7496950880158124e-05,FROZEN_SENSITIVITY
Reddit-S,mob_gpr_plain,1,43,2,text,0.9591066241264343,0.9226351047766865,-0.0009437203407287598,-0.002549740509256382,FROZEN_SENSITIVITY
Reddit-S,mob_gpr_plain,1,43,2,visual,0.9559609889984131,0.9186687037237302,-0.00408935546875,-0.006516141562212696,FROZEN_SENSITIVITY
Reddit-S,mob_gpr_plain,1,43,2,both,0.9606794714927673,0.9252023422368231,0.000629127025604248,1.7496950880158124e-05,FROZEN_SENSITIVITY
Reddit-S,mob_gpr_plain,1,43,3,text,0.9591066241264343,0.9226351047766865,-0.0009437203407287598,-0.002549740509256382,FROZEN_SENSITIVITY
Reddit-S,mob_gpr_plain,1,43,3,visual,0.9559609889984131,0.9186687037237302,-0.00408935546875,-0.006516141562212696,FROZEN_SENSITIVITY
Reddit-S,mob_gpr_plain,1,43,3,both,0.9606794714927673,0.9252023422368231,0.000629127025604248,1.7496950880158124e-05,FROZEN_SENSITIVITY
Reddit-S,mob_gpr_plain,2,44,baseline,none,0.9616231322288513,0.9308011974631473,0.0,0.0,FROZEN_SENSITIVITY
Reddit-S,mob_gpr_plain,2,44,0,text,0.9587920904159546,0.9267674919084229,-0.0028310418128967285,-0.004033705554724376,FROZEN_SENSITIVITY
Reddit-S,mob_gpr_plain,2,44,0,visual,0.9506133794784546,0.9140646907436214,-0.011009752750396729,-0.016736506719525868,FROZEN_SENSITIVITY
Reddit-S,mob_gpr_plain,2,44,0,both,0.9484114646911621,0.913971561525142,-0.013211667537689209,-0.01682963593800524,FROZEN_SENSITIVITY
Reddit-S,mob_gpr_plain,2,44,1,text,0.9594212174415588,0.9237242056975317,-0.0022019147872924805,-0.007076991765615603,FROZEN_SENSITIVITY
Reddit-S,mob_gpr_plain,2,44,1,visual,0.9575338363647461,0.9251892114376934,-0.004089295864105225,-0.0056119860254538745,FROZEN_SENSITIVITY
Reddit-S,mob_gpr_plain,2,44,1,both,0.9594212174415588,0.9266399217025398,-0.0022019147872924805,-0.00416127576060743,FROZEN_SENSITIVITY
Reddit-S,mob_gpr_plain,2,44,2,text,0.9594212174415588,0.9237242056975317,-0.0022019147872924805,-0.007076991765615603,FROZEN_SENSITIVITY
Reddit-S,mob_gpr_plain,2,44,2,visual,0.9575338363647461,0.9251892114376934,-0.004089295864105225,-0.0056119860254538745,FROZEN_SENSITIVITY
Reddit-S,mob_gpr_plain,2,44,2,both,0.9594212174415588,0.9266399217025398,-0.0022019147872924805,-0.00416127576060743,FROZEN_SENSITIVITY
Reddit-S,mob_gpr_plain,2,44,3,text,0.9594212174415588,0.9237242056975317,-0.0022019147872924805,-0.007076991765615603,FROZEN_SENSITIVITY
Reddit-S,mob_gpr_plain,2,44,3,visual,0.9575338363647461,0.9251892114376934,-0.004089295864105225,-0.0056119860254538745,FROZEN_SENSITIVITY
Reddit-S,mob_gpr_plain,2,44,3,both,0.9594212174415588,0.9266399217025398,-0.0022019147872924805,-0.00416127576060743,FROZEN_SENSITIVITY
Reddit-S,mob_gpr_residual,0,42,baseline,none,0.9628813862800598,0.9312116351736079,0.0,0.0,FROZEN_SENSITIVITY
Reddit-S,mob_gpr_residual,0,42,0,text,0.9591066241264343,0.9275625007442827,-0.0037747621536254883,-0.0036491344293252403,FROZEN_SENSITIVITY
Reddit-S,mob_gpr_residual,0,42,0,visual,0.9518716335296631,0.91862992345186,-0.011009752750396729,-0.012581711721747935,FROZEN_SENSITIVITY
Reddit-S,mob_gpr_residual,0,42,0,both,0.9465240836143494,0.9135616766531088,-0.01635730266571045,-0.01764995852049911,FROZEN_SENSITIVITY
Reddit-S,mob_gpr_residual,0,42,1,text,0.9622522592544556,0.9312759585828927,-0.000629127025604248,6.432340928475e-05,FROZEN_SENSITIVITY
Reddit-S,mob_gpr_residual,0,42,1,visual,0.9638251066207886,0.9329449158654575,0.0009437203407287598,0.0017332806918495258,FROZEN_SENSITIVITY
Reddit-S,mob_gpr_residual,0,42,1,both,0.9638251066207886,0.9340572012504431,0.0009437203407287598,0.002845566076835171,FROZEN_SENSITIVITY
Reddit-S,mob_gpr_residual,0,42,2,text,0.9622522592544556,0.9312759585828927,-0.000629127025604248,6.432340928475e-05,FROZEN_SENSITIVITY
Reddit-S,mob_gpr_residual,0,42,2,visual,0.9638251066207886,0.9329449158654575,0.0009437203407287598,0.0017332806918495258,FROZEN_SENSITIVITY
Reddit-S,mob_gpr_residual,0,42,2,both,0.9638251066207886,0.9340572012504431,0.0009437203407287598,0.002845566076835171,FROZEN_SENSITIVITY
Reddit-S,mob_gpr_residual,0,42,3,text,0.9622522592544556,0.9312759585828927,-0.000629127025604248,6.432340928475e-05,FROZEN_SENSITIVITY
Reddit-S,mob_gpr_residual,0,42,3,visual,0.9638251066207886,0.9329449158654575,0.0009437203407287598,0.0017332806918495258,FROZEN_SENSITIVITY
Reddit-S,mob_gpr_residual,0,42,3,both,0.9638251066207886,0.9340572012504431,0.0009437203407287598,0.002845566076835171,FROZEN_SENSITIVITY
Reddit-S,mob_gpr_residual,1,43,baseline,none,0.9606794714927673,0.9208734263286582,0.0,0.0,FROZEN_SENSITIVITY
Reddit-S,mob_gpr_residual,1,43,0,text,0.9594212174415588,0.921674641313864,-0.001258254051208496,0.0008012149852058004,FROZEN_SENSITIVITY
Reddit-S,mob_gpr_residual,1,43,0,visual,0.9518716335296631,0.9123366388966643,-0.008807837963104248,-0.00853678743199393,FROZEN_SENSITIVITY
Reddit-S,mob_gpr_residual,1,43,0,both,0.9487259984016418,0.9105120455660474,-0.011953473091125488,-0.010361380762610839,FROZEN_SENSITIVITY
Reddit-S,mob_gpr_residual,1,43,1,text,0.9606794714927673,0.9206966587370047,0.0,-0.00017676759165352607,FROZEN_SENSITIVITY
Reddit-S,mob_gpr_residual,1,43,1,visual,0.9616231322288513,0.9221358793572149,0.0009436607360839844,0.0012624530285566538,FROZEN_SENSITIVITY
Reddit-S,mob_gpr_residual,1,43,1,both,0.9619377255439758,0.9225471779302252,0.001258254051208496,0.0016737516015670195,FROZEN_SENSITIVITY
Reddit-S,mob_gpr_residual,1,43,2,text,0.9606794714927673,0.9206966587370047,0.0,-0.00017676759165352607,FROZEN_SENSITIVITY
Reddit-S,mob_gpr_residual,1,43,2,visual,0.9616231322288513,0.9221358793572149,0.0009436607360839844,0.0012624530285566538,FROZEN_SENSITIVITY
Reddit-S,mob_gpr_residual,1,43,2,both,0.9619377255439758,0.9225471779302252,0.001258254051208496,0.0016737516015670195,FROZEN_SENSITIVITY
Reddit-S,mob_gpr_residual,1,43,3,text,0.9606794714927673,0.9206966587370047,0.0,-0.00017676759165352607,FROZEN_SENSITIVITY
Reddit-S,mob_gpr_residual,1,43,3,visual,0.9616231322288513,0.9221358793572149,0.0009436607360839844,0.0012624530285566538,FROZEN_SENSITIVITY
Reddit-S,mob_gpr_residual,1,43,3,both,0.9619377255439758,0.9225471779302252,0.001258254051208496,0.0016737516015670195,FROZEN_SENSITIVITY
Reddit-S,mob_gpr_residual,2,44,baseline,none,0.9625668525695801,0.932568552322231,0.0,0.0,FROZEN_SENSITIVITY
Reddit-S,mob_gpr_residual,2,44,0,text,0.9587920904159546,0.9271003922727991,-0.0037747621536254883,-0.005468160049431958,FROZEN_SENSITIVITY
Reddit-S,mob_gpr_residual,2,44,0,visual,0.9499842524528503,0.915545945450627,-0.012582600116729736,-0.017022606871604062,FROZEN_SENSITIVITY
Reddit-S,mob_gpr_residual,2,44,0,both,0.9449512362480164,0.909561637714759,-0.01761561632156372,-0.023006914607472062,FROZEN_SENSITIVITY
Reddit-S,mob_gpr_residual,2,44,1,text,0.9613085985183716,0.9290391432325625,-0.001258254051208496,-0.003529409089668478,FROZEN_SENSITIVITY
Reddit-S,mob_gpr_residual,2,44,1,visual,0.9635105133056641,0.930540573707501,0.0009436607360839844,-0.0020279786147300305,FROZEN_SENSITIVITY
Reddit-S,mob_gpr_residual,2,44,1,both,0.9635105133056641,0.928656585755918,0.0009436607360839844,-0.0039119665663129854,FROZEN_SENSITIVITY
Reddit-S,mob_gpr_residual,2,44,2,text,0.9613085985183716,0.9290391432325625,-0.001258254051208496,-0.003529409089668478,FROZEN_SENSITIVITY
Reddit-S,mob_gpr_residual,2,44,2,visual,0.9635105133056641,0.930540573707501,0.0009436607360839844,-0.0020279786147300305,FROZEN_SENSITIVITY
Reddit-S,mob_gpr_residual,2,44,2,both,0.9635105133056641,0.928656585755918,0.0009436607360839844,-0.0039119665663129854,FROZEN_SENSITIVITY
Reddit-S,mob_gpr_residual,2,44,3,text,0.9613085985183716,0.9290391432325625,-0.001258254051208496,-0.003529409089668478,FROZEN_SENSITIVITY
Reddit-S,mob_gpr_residual,2,44,3,visual,0.9635105133056641,0.930540573707501,0.0009436607360839844,-0.0020279786147300305,FROZEN_SENSITIVITY
Reddit-S,mob_gpr_residual,2,44,3,both,0.9635105133056641,0.928656585755918,0.0009436607360839844,-0.0039119665663129854,FROZEN_SENSITIVITY
