dataset,variant,run_id,seed,modality,order_k,order_q,mean_nodewise_cosine
Movies,mob_gpr_plain,0,42,text,0,0,1.0
Movies,mob_gpr_plain,0,42,text,0,1,0.8462967276573181
Movies,mob_gpr_plain,0,42,text,0,2,0.8327703475952148
Movies,mob_gpr_plain,0,42,text,0,3,0.800204336643219
Movies,mob_gpr_plain,0,42,text,1,0,0.8462967276573181
Movies,mob_gpr_plain,0,42,text,1,1,1.0
Movies,mob_gpr_plain,0,42,text,1,2,0.9805852770805359
Movies,mob_gpr_plain,0,42,text,1,3,0.9660937786102295
Movies,mob_gpr_plain,0,42,text,2,0,0.8327703475952148
Movies,mob_gpr_plain,0,42,text,2,1,0.9805852770805359
Movies,mob_gpr_plain,0,42,text,2,2,1.0
Movies,mob_gpr_plain,0,42,text,2,3,0.9953979849815369
Movies,mob_gpr_plain,0,42,text,3,0,0.800204336643219
Movies,mob_gpr_plain,0,42,text,3,1,0.9660937786102295
Movies,mob_gpr_plain,0,42,text,3,2,0.9953979849815369
Movies,mob_gpr_plain,0,42,text,3,3,1.0
Movies,mob_gpr_plain,0,42,visual,0,0,1.0
Movies,mob_gpr_plain,0,42,visual,0,1,0.8468244671821594
Movies,mob_gpr_plain,0,42,visual,0,2,0.8330492377281189
Movies,mob_gpr_plain,0,42,visual,0,3,0.7999300360679626
Movies,mob_gpr_plain,0,42,visual,1,0,0.8468244671821594
Movies,mob_gpr_plain,0,42,visual,1,1,1.0
Movies,mob_gpr_plain,0,42,visual,1,2,0.9804003238677979
Movies,mob_gpr_plain,0,42,visual,1,3,0.9652997851371765
Movies,mob_gpr_plain,0,42,visual,2,0,0.8330492377281189
Movies,mob_gpr_plain,0,42,visual,2,1,0.9804003238677979
Movies,mob_gpr_plain,0,42,visual,2,2,1.0
Movies,mob_gpr_plain,0,42,visual,2,3,0.9952654838562012
Movies,mob_gpr_plain,0,42,visual,3,0,0.7999300360679626
Movies,mob_gpr_plain,0,42,visual,3,1,0.9652997851371765
Movies,mob_gpr_plain,0,42,visual,3,2,0.9952654838562012
Movies,mob_gpr_plain,0,42,visual,3,3,1.0
Movies,mob_gpr_plain,1,43,text,0,0,1.0
Movies,mob_gpr_plain,1,43,text,0,1,0.8483672142028809
Movies,mob_gpr_plain,1,43,text,0,2,0.8352628350257874
Movies,mob_gpr_plain,1,43,text,0,3,0.8030875325202942
Movies,mob_gpr_plain,1,43,text,1,0,0.8483672142028809
Movies,mob_gpr_plain,1,43,text,1,1,1.0
Movies,mob_gpr_plain,1,43,text,1,2,0.9806573390960693
Movies,mob_gpr_plain,1,43,text,1,3,0.9664471745491028
Movies,mob_gpr_plain,1,43,text,2,0,0.8352628350257874
Movies,mob_gpr_plain,1,43,text,2,1,0.9806573390960693
Movies,mob_gpr_plain,1,43,text,2,2,1.0
Movies,mob_gpr_plain,1,43,text,2,3,0.995457112789154
Movies,mob_gpr_plain,1,43,text,3,0,0.8030875325202942
Movies,mob_gpr_plain,1,43,text,3,1,0.9664471745491028
Movies,mob_gpr_plain,1,43,text,3,2,0.995457112789154
Movies,mob_gpr_plain,1,43,text,3,3,1.0
Movies,mob_gpr_plain,1,43,visual,0,0,1.0
Movies,mob_gpr_plain,1,43,visual,0,1,0.8504332900047302
Movies,mob_gpr_plain,1,43,visual,0,2,0.8367176651954651
Movies,mob_gpr_plain,1,43,visual,0,3,0.804254949092865
Movies,mob_gpr_plain,1,43,visual,1,0,0.8504332900047302
Movies,mob_gpr_plain,1,43,visual,1,1,1.0
Movies,mob_gpr_plain,1,43,visual,1,2,0.980878472328186
Movies,mob_gpr_plain,1,43,visual,1,3,0.9660336375236511
Movies,mob_gpr_plain,1,43,visual,2,0,0.8367176651954651
Movies,mob_gpr_plain,1,43,visual,2,1,0.980878472328186
Movies,mob_gpr_plain,1,43,visual,2,2,1.0
Movies,mob_gpr_plain,1,43,visual,2,3,0.9953624606132507
Movies,mob_gpr_plain,1,43,visual,3,0,0.804254949092865
Movies,mob_gpr_plain,1,43,visual,3,1,0.9660336375236511
Movies,mob_gpr_plain,1,43,visual,3,2,0.9953624606132507
Movies,mob_gpr_plain,1,43,visual,3,3,1.0
Movies,mob_gpr_plain,2,44,text,0,0,1.0
Movies,mob_gpr_plain,2,44,text,0,1,0.8496681451797485
Movies,mob_gpr_plain,2,44,text,0,2,0.8363437652587891
Movies,mob_gpr_plain,2,44,text,0,3,0.8043904900550842
Movies,mob_gpr_plain,2,44,text,1,0,0.8496681451797485
Movies,mob_gpr_plain,2,44,text,1,1,1.0
Movies,mob_gpr_plain,2,44,text,1,2,0.9809194207191467
Movies,mob_gpr_plain,2,44,text,1,3,0.9667360186576843
Movies,mob_gpr_plain,2,44,text,2,0,0.8363437652587891
Movies,mob_gpr_plain,2,44,text,2,1,0.9809194207191467
Movies,mob_gpr_plain,2,44,text,2,2,1.0
Movies,mob_gpr_plain,2,44,text,2,3,0.9954928755760193
Movies,mob_gpr_plain,2,44,text,3,0,0.8043904900550842
Movies,mob_gpr_plain,2,44,text,3,1,0.9667360186576843
Movies,mob_gpr_plain,2,44,text,3,2,0.9954928755760193
Movies,mob_gpr_plain,2,44,text,3,3,1.0
Movies,mob_gpr_plain,2,44,visual,0,0,1.0
Movies,mob_gpr_plain,2,44,visual,0,1,0.8503147959709167
Movies,mob_gpr_plain,2,44,visual,0,2,0.8365838527679443
Movies,mob_gpr_plain,2,44,visual,0,3,0.8040763735771179
Movies,mob_gpr_plain,2,44,visual,1,0,0.8503147959709167
Movies,mob_gpr_plain,2,44,visual,1,1,1.0
Movies,mob_gpr_plain,2,44,visual,1,2,0.9808151125907898
Movies,mob_gpr_plain,2,44,visual,1,3,0.9659087657928467
Movies,mob_gpr_plain,2,44,visual,2,0,0.8365838527679443
Movies,mob_gpr_plain,2,44,visual,2,1,0.9808151125907898
Movies,mob_gpr_plain,2,44,visual,2,2,1.0
Movies,mob_gpr_plain,2,44,visual,2,3,0.9953463077545166
Movies,mob_gpr_plain,2,44,visual,3,0,0.8040763735771179
Movies,mob_gpr_plain,2,44,visual,3,1,0.9659087657928467
Movies,mob_gpr_plain,2,44,visual,3,2,0.9953463077545166
Movies,mob_gpr_plain,2,44,visual,3,3,1.0
Movies,mob_gpr_residual,0,42,text,0,0,1.0
Movies,mob_gpr_residual,0,42,text,0,1,0.932736873626709
Movies,mob_gpr_residual,0,42,text,0,2,0.925648033618927
Movies,mob_gpr_residual,0,42,text,0,3,0.9123306274414062
Movies,mob_gpr_residual,0,42,text,1,0,0.932736873626709
Movies,mob_gpr_residual,0,42,text,1,1,1.0
Movies,mob_gpr_residual,0,42,text,1,2,0.9928271174430847
Movies,mob_gpr_residual,0,42,text,1,3,0.9872274398803711
Movies,mob_gpr_residual,0,42,text,2,0,0.925648033618927
Movies,mob_gpr_residual,0,42,text,2,1,0.9928271174430847
Movies,mob_gpr_residual,0,42,text,2,2,1.0
Movies,mob_gpr_residual,0,42,text,2,3,0.9983575344085693
Movies,mob_gpr_residual,0,42,text,3,0,0.9123306274414062
Movies,mob_gpr_residual,0,42,text,3,1,0.9872274398803711
Movies,mob_gpr_residual,0,42,text,3,2,0.9983575344085693
Movies,mob_gpr_residual,0,42,text,3,3,1.0
Movies,mob_gpr_residual,0,42,visual,0,0,1.0
Movies,mob_gpr_residual,0,42,visual,0,1,0.8586179614067078
Movies,mob_gpr_residual,0,42,visual,0,2,0.8452168703079224
Movies,mob_gpr_residual,0,42,visual,0,3,0.8146497011184692
Movies,mob_gpr_residual,0,42,visual,1,0,0.8586179614067078
Movies,mob_gpr_residual,0,42,visual,1,1,1.0
Movies,mob_gpr_residual,0,42,visual,1,2,0.9822002053260803
Movies,mob_gpr_residual,0,42,visual,1,3,0.9682488441467285
Movies,mob_gpr_residual,0,42,visual,2,0,0.8452168703079224
Movies,mob_gpr_residual,0,42,visual,2,1,0.9822002053260803
Movies,mob_gpr_residual,0,42,visual,2,2,1.0
Movies,mob_gpr_residual,0,42,visual,2,3,0.9956866502761841
Movies,mob_gpr_residual,0,42,visual,3,0,0.8146497011184692
Movies,mob_gpr_residual,0,42,visual,3,1,0.9682488441467285
Movies,mob_gpr_residual,0,42,visual,3,2,0.9956866502761841
Movies,mob_gpr_residual,0,42,visual,3,3,1.0
Movies,mob_gpr_residual,1,43,text,0,0,1.0
Movies,mob_gpr_residual,1,43,text,0,1,0.9160615801811218
Movies,mob_gpr_residual,1,43,text,0,2,0.9074074625968933
Movies,mob_gpr_residual,1,43,text,0,3,0.8905431628227234
Movies,mob_gpr_residual,1,43,text,1,0,0.9160615801811218
Movies,mob_gpr_residual,1,43,text,1,1,1.0
Movies,mob_gpr_residual,1,43,text,1,2,0.9906635880470276
Movies,mob_gpr_residual,1,43,text,1,3,0.9834820628166199
Movies,mob_gpr_residual,1,43,text,2,0,0.9074074625968933
Movies,mob_gpr_residual,1,43,text,2,1,0.9906635880470276
Movies,mob_gpr_residual,1,43,text,2,2,1.0
Movies,mob_gpr_residual,1,43,text,2,3,0.9978587031364441
Movies,mob_gpr_residual,1,43,text,3,0,0.8905431628227234
Movies,mob_gpr_residual,1,43,text,3,1,0.9834820628166199
Movies,mob_gpr_residual,1,43,text,3,2,0.9978587031364441
Movies,mob_gpr_residual,1,43,text,3,3,1.0
Movies,mob_gpr_residual,1,43,visual,0,0,1.0
Movies,mob_gpr_residual,1,43,visual,0,1,0.8561712503433228
Movies,mob_gpr_residual,1,43,visual,0,2,0.8426342010498047
Movies,mob_gpr_residual,1,43,visual,0,3,0.8114819526672363
Movies,mob_gpr_residual,1,43,visual,1,0,0.8561712503433228
Movies,mob_gpr_residual,1,43,visual,1,1,1.0
Movies,mob_gpr_residual,1,43,visual,1,2,0.9818492531776428
Movies,mob_gpr_residual,1,43,visual,1,3,0.967613160610199
Movies,mob_gpr_residual,1,43,visual,2,0,0.8426342010498047
Movies,mob_gpr_residual,1,43,visual,2,1,0.9818492531776428
Movies,mob_gpr_residual,1,43,visual,2,2,1.0
Movies,mob_gpr_residual,1,43,visual,2,3,0.9955926537513733
Movies,mob_gpr_residual,1,43,visual,3,0,0.8114819526672363
Movies,mob_gpr_residual,1,43,visual,3,1,0.967613160610199
Movies,mob_gpr_residual,1,43,visual,3,2,0.9955926537513733
Movies,mob_gpr_residual,1,43,visual,3,3,1.0
Movies,mob_gpr_residual,2,44,text,0,0,1.0
Movies,mob_gpr_residual,2,44,text,0,1,0.9037256240844727
Movies,mob_gpr_residual,2,44,text,0,2,0.8936864733695984
Movies,mob_gpr_residual,2,44,text,0,3,0.874289333820343
Movies,mob_gpr_residual,2,44,text,1,0,0.9037256240844727
Movies,mob_gpr_residual,2,44,text,1,1,1.0
Movies,mob_gpr_residual,2,44,text,1,2,0.9892676472663879
Movies,mob_gpr_residual,2,44,text,1,3,0.9808995723724365
Movies,mob_gpr_residual,2,44,text,2,0,0.8936864733695984
Movies,mob_gpr_residual,2,44,text,2,1,0.9892676472663879
Movies,mob_gpr_residual,2,44,text,2,2,1.0
Movies,mob_gpr_residual,2,44,text,2,3,0.9975032806396484
Movies,mob_gpr_residual,2,44,text,3,0,0.874289333820343
Movies,mob_gpr_residual,2,44,text,3,1,0.9808995723724365
Movies,mob_gpr_residual,2,44,text,3,2,0.9975032806396484
Movies,mob_gpr_residual,2,44,text,3,3,1.0
Movies,mob_gpr_residual,2,44,visual,0,0,1.0
Movies,mob_gpr_residual,2,44,visual,0,1,0.8514937162399292
Movies,mob_gpr_residual,2,44,visual,0,2,0.837848424911499
Movies,mob_gpr_residual,2,44,visual,0,3,0.8059404492378235
Movies,mob_gpr_residual,2,44,visual,1,0,0.8514937162399292
Movies,mob_gpr_residual,2,44,visual,1,1,1.0
Movies,mob_gpr_residual,2,44,visual,1,2,0.9812788367271423
Movies,mob_gpr_residual,2,44,visual,1,3,0.9667301177978516
Movies,mob_gpr_residual,2,44,visual,2,0,0.837848424911499
Movies,mob_gpr_residual,2,44,visual,2,1,0.9812788367271423
Movies,mob_gpr_residual,2,44,visual,2,2,1.0
Movies,mob_gpr_residual,2,44,visual,2,3,0.9954835772514343
Movies,mob_gpr_residual,2,44,visual,3,0,0.8059404492378235
Movies,mob_gpr_residual,2,44,visual,3,1,0.9667301177978516
Movies,mob_gpr_residual,2,44,visual,3,2,0.9954835772514343
Movies,mob_gpr_residual,2,44,visual,3,3,1.0
Toys,mob_gpr_plain,0,42,text,0,0,1.0
Toys,mob_gpr_plain,0,42,text,0,1,0.8987059593200684
Toys,mob_gpr_plain,0,42,text,0,2,0.8886474370956421
Toys,mob_gpr_plain,0,42,text,0,3,0.8610217571258545
Toys,mob_gpr_plain,0,42,text,1,0,0.8987059593200684
Toys,mob_gpr_plain,0,42,text,1,1,1.0
Toys,mob_gpr_plain,0,42,text,1,2,0.9842782616615295
Toys,mob_gpr_plain,0,42,text,1,3,0.9733373522758484
Toys,mob_gpr_plain,0,42,text,2,0,0.8886474370956421
Toys,mob_gpr_plain,0,42,text,2,1,0.9842782616615295
Toys,mob_gpr_plain,0,42,text,2,2,1.0
Toys,mob_gpr_plain,0,42,text,2,3,0.9961177110671997
Toys,mob_gpr_plain,0,42,text,3,0,0.8610217571258545
Toys,mob_gpr_plain,0,42,text,3,1,0.9733373522758484
Toys,mob_gpr_plain,0,42,text,3,2,0.9961177110671997
Toys,mob_gpr_plain,0,42,text,3,3,1.0
Toys,mob_gpr_plain,0,42,visual,0,0,1.0
Toys,mob_gpr_plain,0,42,visual,0,1,0.9056969285011292
Toys,mob_gpr_plain,0,42,visual,0,2,0.8957657814025879
Toys,mob_gpr_plain,0,42,visual,0,3,0.8704560995101929
Toys,mob_gpr_plain,0,42,visual,1,0,0.9056969285011292
Toys,mob_gpr_plain,0,42,visual,1,1,1.0
Toys,mob_gpr_plain,0,42,visual,1,2,0.9856287837028503
Toys,mob_gpr_plain,0,42,visual,1,3,0.9754603505134583
Toys,mob_gpr_plain,0,42,visual,2,0,0.8957657814025879
Toys,mob_gpr_plain,0,42,visual,2,1,0.9856287837028503
Toys,mob_gpr_plain,0,42,visual,2,2,1.0
Toys,mob_gpr_plain,0,42,visual,2,3,0.9964723587036133
Toys,mob_gpr_plain,0,42,visual,3,0,0.8704560995101929
Toys,mob_gpr_plain,0,42,visual,3,1,0.9754603505134583
Toys,mob_gpr_plain,0,42,visual,3,2,0.9964723587036133
Toys,mob_gpr_plain,0,42,visual,3,3,1.0
Toys,mob_gpr_plain,1,43,text,0,0,1.0
Toys,mob_gpr_plain,1,43,text,0,1,0.8970507383346558
Toys,mob_gpr_plain,1,43,text,0,2,0.8870058059692383
Toys,mob_gpr_plain,1,43,text,0,3,0.8589736819267273
Toys,mob_gpr_plain,1,43,text,1,0,0.8970507383346558
Toys,mob_gpr_plain,1,43,text,1,1,1.0
Toys,mob_gpr_plain,1,43,text,1,2,0.98405921459198
Toys,mob_gpr_plain,1,43,text,1,3,0.9730309247970581
Toys,mob_gpr_plain,1,43,text,2,0,0.8870058059692383
Toys,mob_gpr_plain,1,43,text,2,1,0.98405921459198
Toys,mob_gpr_plain,1,43,text,2,2,1.0
Toys,mob_gpr_plain,1,43,text,2,3,0.9960586428642273
Toys,mob_gpr_plain,1,43,text,3,0,0.8589736819267273
Toys,mob_gpr_plain,1,43,text,3,1,0.9730309247970581
Toys,mob_gpr_plain,1,43,text,3,2,0.9960586428642273
Toys,mob_gpr_plain,1,43,text,3,3,1.0
Toys,mob_gpr_plain,1,43,visual,0,0,1.0
Toys,mob_gpr_plain,1,43,visual,0,1,0.902625560760498
Toys,mob_gpr_plain,1,43,visual,0,2,0.8926443457603455
Toys,mob_gpr_plain,1,43,visual,0,3,0.8665383458137512
Toys,mob_gpr_plain,1,43,visual,1,0,0.902625560760498
Toys,mob_gpr_plain,1,43,visual,1,1,1.0
Toys,mob_gpr_plain,1,43,visual,1,2,0.9851067066192627
Toys,mob_gpr_plain,1,43,visual,1,3,0.9746613502502441
Toys,mob_gpr_plain,1,43,visual,2,0,0.8926443457603455
Toys,mob_gpr_plain,1,43,visual,2,1,0.9851067066192627
Toys,mob_gpr_plain,1,43,visual,2,2,1.0
Toys,mob_gpr_plain,1,43,visual,2,3,0.9963411688804626
Toys,mob_gpr_plain,1,43,visual,3,0,0.8665383458137512
Toys,mob_gpr_plain,1,43,visual,3,1,0.9746613502502441
Toys,mob_gpr_plain,1,43,visual,3,2,0.9963411688804626
Toys,mob_gpr_plain,1,43,visual,3,3,1.0
Toys,mob_gpr_plain,2,44,text,0,0,1.0
Toys,mob_gpr_plain,2,44,text,0,1,0.8879474997520447
Toys,mob_gpr_plain,2,44,text,0,2,0.8774430155754089
Toys,mob_gpr_plain,2,44,text,0,3,0.8469474911689758
Toys,mob_gpr_plain,2,44,text,1,0,0.8879474997520447
Toys,mob_gpr_plain,2,44,text,1,1,1.0
Toys,mob_gpr_plain,2,44,text,1,2,0.9824538230895996
Toys,mob_gpr_plain,2,44,text,1,3,0.9704508185386658
Toys,mob_gpr_plain,2,44,text,2,0,0.8774430155754089
Toys,mob_gpr_plain,2,44,text,2,1,0.9824538230895996
Toys,mob_gpr_plain,2,44,text,2,2,1.0
Toys,mob_gpr_plain,2,44,text,2,3,0.9956706166267395
Toys,mob_gpr_plain,2,44,text,3,0,0.8469474911689758
Toys,mob_gpr_plain,2,44,text,3,1,0.9704508185386658
Toys,mob_gpr_plain,2,44,text,3,2,0.9956706166267395
Toys,mob_gpr_plain,2,44,text,3,3,1.0
Toys,mob_gpr_plain,2,44,visual,0,0,1.0
Toys,mob_gpr_plain,2,44,visual,0,1,0.8930468559265137
Toys,mob_gpr_plain,2,44,visual,0,2,0.8827914595603943
Toys,mob_gpr_plain,2,44,visual,0,3,0.8543245196342468
Toys,mob_gpr_plain,2,44,visual,1,0,0.8930468559265137
Toys,mob_gpr_plain,2,44,visual,1,1,1.0
Toys,mob_gpr_plain,2,44,visual,1,2,0.9835703372955322
Toys,mob_gpr_plain,2,44,visual,1,3,0.9722486138343811
Toys,mob_gpr_plain,2,44,visual,2,0,0.8827914595603943
Toys,mob_gpr_plain,2,44,visual,2,1,0.9835703372955322
Toys,mob_gpr_plain,2,44,visual,2,2,1.0
Toys,mob_gpr_plain,2,44,visual,2,3,0.9959805011749268
Toys,mob_gpr_plain,2,44,visual,3,0,0.8543245196342468
Toys,mob_gpr_plain,2,44,visual,3,1,0.9722486138343811
Toys,mob_gpr_plain,2,44,visual,3,2,0.9959805011749268
Toys,mob_gpr_plain,2,44,visual,3,3,1.0
Toys,mob_gpr_residual,0,42,text,0,0,1.0
Toys,mob_gpr_residual,0,42,text,0,1,0.9009866118431091
Toys,mob_gpr_residual,0,42,text,0,2,0.891497015953064
Toys,mob_gpr_residual,0,42,text,0,3,0.8650566339492798
Toys,mob_gpr_residual,0,42,text,1,0,0.9009866118431091
Toys,mob_gpr_residual,0,42,text,1,1,1.0
Toys,mob_gpr_residual,0,42,text,1,2,0.9848299026489258
Toys,mob_gpr_residual,0,42,text,1,3,0.9746983647346497
Toys,mob_gpr_residual,0,42,text,2,0,0.891497015953064
Toys,mob_gpr_residual,0,42,text,2,1,0.9848299026489258
Toys,mob_gpr_residual,0,42,text,2,2,1.0
Toys,mob_gpr_residual,0,42,text,2,3,0.996353805065155
Toys,mob_gpr_residual,0,42,text,3,0,0.8650566339492798
Toys,mob_gpr_residual,0,42,text,3,1,0.9746983647346497
Toys,mob_gpr_residual,0,42,text,3,2,0.996353805065155
Toys,mob_gpr_residual,0,42,text,3,3,1.0
Toys,mob_gpr_residual,0,42,visual,0,0,1.0
Toys,mob_gpr_residual,0,42,visual,0,1,0.8960607051849365
Toys,mob_gpr_residual,0,42,visual,0,2,0.8861978650093079
Toys,mob_gpr_residual,0,42,visual,0,3,0.8587400317192078
Toys,mob_gpr_residual,0,42,visual,1,0,0.8960607051849365
Toys,mob_gpr_residual,0,42,visual,1,1,1.0
Toys,mob_gpr_residual,0,42,visual,1,2,0.9841688871383667
Toys,mob_gpr_residual,0,42,visual,1,3,0.9733288288116455
Toys,mob_gpr_residual,0,42,visual,2,0,0.8861978650093079
Toys,mob_gpr_residual,0,42,visual,2,1,0.9841688871383667
Toys,mob_gpr_residual,0,42,visual,2,2,1.0
Toys,mob_gpr_residual,0,42,visual,2,3,0.9961684942245483
Toys,mob_gpr_residual,0,42,visual,3,0,0.8587400317192078
Toys,mob_gpr_residual,0,42,visual,3,1,0.9733288288116455
Toys,mob_gpr_residual,0,42,visual,3,2,0.9961684942245483
Toys,mob_gpr_residual,0,42,visual,3,3,1.0
Toys,mob_gpr_residual,1,43,text,0,0,1.0
Toys,mob_gpr_residual,1,43,text,0,1,0.901502251625061
Toys,mob_gpr_residual,1,43,text,0,2,0.892082154750824
Toys,mob_gpr_residual,1,43,text,0,3,0.8658667802810669
Toys,mob_gpr_residual,1,43,text,1,0,0.901502251625061
Toys,mob_gpr_residual,1,43,text,1,1,1.0
Toys,mob_gpr_residual,1,43,text,1,2,0.9849825501441956
Toys,mob_gpr_residual,1,43,text,1,3,0.9749118089675903
Toys,mob_gpr_residual,1,43,text,2,0,0.892082154750824
Toys,mob_gpr_residual,1,43,text,2,1,0.9849825501441956
Toys,mob_gpr_residual,1,43,text,2,2,1.0
Toys,mob_gpr_residual,1,43,text,2,3,0.9963915944099426
Toys,mob_gpr_residual,1,43,text,3,0,0.8658667802810669
Toys,mob_gpr_residual,1,43,text,3,1,0.9749118089675903
Toys,mob_gpr_residual,1,43,text,3,2,0.9963915944099426
Toys,mob_gpr_residual,1,43,text,3,3,1.0
Toys,mob_gpr_residual,1,43,visual,0,0,1.0
Toys,mob_gpr_residual,1,43,visual,0,1,0.8933103680610657
Toys,mob_gpr_residual,1,43,visual,0,2,0.8833101987838745
Toys,mob_gpr_residual,1,43,visual,0,3,0.8551082015037537
Toys,mob_gpr_residual,1,43,visual,1,0,0.8933103680610657
Toys,mob_gpr_residual,1,43,visual,1,1,1.0
Toys,mob_gpr_residual,1,43,visual,1,2,0.9837371110916138
Toys,mob_gpr_residual,1,43,visual,1,3,0.9726237654685974
Toys,mob_gpr_residual,1,43,visual,2,0,0.8833101987838745
Toys,mob_gpr_residual,1,43,visual,2,1,0.9837371110916138
Toys,mob_gpr_residual,1,43,visual,2,2,1.0
Toys,mob_gpr_residual,1,43,visual,2,3,0.9960567355155945
Toys,mob_gpr_residual,1,43,visual,3,0,0.8551082015037537
Toys,mob_gpr_residual,1,43,visual,3,1,0.9726237654685974
Toys,mob_gpr_residual,1,43,visual,3,2,0.9960567355155945
Toys,mob_gpr_residual,1,43,visual,3,3,1.0
Toys,mob_gpr_residual,2,44,text,0,0,1.0
Toys,mob_gpr_residual,2,44,text,0,1,0.9032757878303528
Toys,mob_gpr_residual,2,44,text,0,2,0.8939347863197327
Toys,mob_gpr_residual,2,44,text,0,3,0.8681706786155701
Toys,mob_gpr_residual,2,44,text,1,0,0.9032757878303528
Toys,mob_gpr_residual,2,44,text,1,1,1.0
Toys,mob_gpr_residual,2,44,text,1,2,0.9852603077888489
Toys,mob_gpr_residual,2,44,text,1,3,0.9753482341766357
Toys,mob_gpr_residual,2,44,text,2,0,0.8939347863197327
Toys,mob_gpr_residual,2,44,text,2,1,0.9852603077888489
Toys,mob_gpr_residual,2,44,text,2,2,1.0
Toys,mob_gpr_residual,2,44,text,2,3,0.9964606761932373
Toys,mob_gpr_residual,2,44,text,3,0,0.8681706786155701
Toys,mob_gpr_residual,2,44,text,3,1,0.9753482341766357
Toys,mob_gpr_residual,2,44,text,3,2,0.9964606761932373
Toys,mob_gpr_residual,2,44,text,3,3,1.0
Toys,mob_gpr_residual,2,44,visual,0,0,1.0
Toys,mob_gpr_residual,2,44,visual,0,1,0.892924964427948
Toys,mob_gpr_residual,2,44,visual,0,2,0.8830599188804626
Toys,mob_gpr_residual,2,44,visual,0,3,0.8548107147216797
Toys,mob_gpr_residual,2,44,visual,1,0,0.892924964427948
Toys,mob_gpr_residual,2,44,visual,1,1,1.0
Toys,mob_gpr_residual,2,44,visual,1,2,0.9836640357971191
Toys,mob_gpr_residual,2,44,visual,1,3,0.9725490212440491
Toys,mob_gpr_residual,2,44,visual,2,0,0.8830599188804626
Toys,mob_gpr_residual,2,44,visual,2,1,0.9836640357971191
Toys,mob_gpr_residual,2,44,visual,2,2,1.0
Toys,mob_gpr_residual,2,44,visual,2,3,0.99604731798172
Toys,mob_gpr_residual,2,44,visual,3,0,0.8548107147216797
Toys,mob_gpr_residual,2,44,visual,3,1,0.9725490212440491
Toys,mob_gpr_residual,2,44,visual,3,2,0.99604731798172
Toys,mob_gpr_residual,2,44,visual,3,3,1.0
Grocery,mob_gpr_plain,0,42,text,0,0,1.0
Grocery,mob_gpr_plain,0,42,text,0,1,0.8824215531349182
Grocery,mob_gpr_plain,0,42,text,0,2,0.8555504679679871
Grocery,mob_gpr_plain,0,42,text,0,3,0.8186604380607605
Grocery,mob_gpr_plain,0,42,text,1,0,0.8824215531349182
Grocery,mob_gpr_plain,0,42,text,1,1,1.0
Grocery,mob_gpr_plain,0,42,text,1,2,0.9733774065971375
Grocery,mob_gpr_plain,0,42,text,1,3,0.9537863731384277
Grocery,mob_gpr_plain,0,42,text,2,0,0.8555504679679871
Grocery,mob_gpr_plain,0,42,text,2,1,0.9733774065971375
Grocery,mob_gpr_plain,0,42,text,2,2,1.0
Grocery,mob_gpr_plain,0,42,text,2,3,0.9944291114807129
Grocery,mob_gpr_plain,0,42,text,3,0,0.8186604380607605
Grocery,mob_gpr_plain,0,42,text,3,1,0.9537863731384277
Grocery,mob_gpr_plain,0,42,text,3,2,0.9944291114807129
Grocery,mob_gpr_plain,0,42,text,3,3,1.0
Grocery,mob_gpr_plain,0,42,visual,0,0,1.0
Grocery,mob_gpr_plain,0,42,visual,0,1,0.8692097067832947
Grocery,mob_gpr_plain,0,42,visual,0,2,0.8414027094841003
Grocery,mob_gpr_plain,0,42,visual,0,3,0.802098274230957
Grocery,mob_gpr_plain,0,42,visual,1,0,0.8692097067832947
Grocery,mob_gpr_plain,0,42,visual,1,1,1.0
Grocery,mob_gpr_plain,0,42,visual,1,2,0.9711053371429443
Grocery,mob_gpr_plain,0,42,visual,1,3,0.9502777457237244
Grocery,mob_gpr_plain,0,42,visual,2,0,0.8414027094841003
Grocery,mob_gpr_plain,0,42,visual,2,1,0.9711053371429443
Grocery,mob_gpr_plain,0,42,visual,2,2,1.0
Grocery,mob_gpr_plain,0,42,visual,2,3,0.9941102266311646
Grocery,mob_gpr_plain,0,42,visual,3,0,0.802098274230957
Grocery,mob_gpr_plain,0,42,visual,3,1,0.9502777457237244
Grocery,mob_gpr_plain,0,42,visual,3,2,0.9941102266311646
Grocery,mob_gpr_plain,0,42,visual,3,3,1.0
Grocery,mob_gpr_plain,1,43,text,0,0,1.0
Grocery,mob_gpr_plain,1,43,text,0,1,0.8879129886627197
Grocery,mob_gpr_plain,1,43,text,0,2,0.8613705039024353
Grocery,mob_gpr_plain,1,43,text,0,3,0.8258293271064758
Grocery,mob_gpr_plain,1,43,text,1,0,0.8879129886627197
Grocery,mob_gpr_plain,1,43,text,1,1,1.0
Grocery,mob_gpr_plain,1,43,text,1,2,0.9744897484779358
Grocery,mob_gpr_plain,1,43,text,1,3,0.955499529838562
Grocery,mob_gpr_plain,1,43,text,2,0,0.8613705039024353
Grocery,mob_gpr_plain,1,43,text,2,1,0.9744897484779358
Grocery,mob_gpr_plain,1,43,text,2,2,1.0
Grocery,mob_gpr_plain,1,43,text,2,3,0.9946509599685669
Grocery,mob_gpr_plain,1,43,text,3,0,0.8258293271064758
Grocery,mob_gpr_plain,1,43,text,3,1,0.955499529838562
Grocery,mob_gpr_plain,1,43,text,3,2,0.9946509599685669
Grocery,mob_gpr_plain,1,43,text,3,3,1.0
Grocery,mob_gpr_plain,1,43,visual,0,0,1.0
Grocery,mob_gpr_plain,1,43,visual,0,1,0.8789207935333252
Grocery,mob_gpr_plain,1,43,visual,0,2,0.851918637752533
Grocery,mob_gpr_plain,1,43,visual,0,3,0.8149542808532715
Grocery,mob_gpr_plain,1,43,visual,1,0,0.8789207935333252
Grocery,mob_gpr_plain,1,43,visual,1,1,1.0
Grocery,mob_gpr_plain,1,43,visual,1,2,0.9729005098342896
Grocery,mob_gpr_plain,1,43,visual,1,3,0.953240692615509
Grocery,mob_gpr_plain,1,43,visual,2,0,0.851918637752533
Grocery,mob_gpr_plain,1,43,visual,2,1,0.9729005098342896
Grocery,mob_gpr_plain,1,43,visual,2,2,1.0
Grocery,mob_gpr_plain,1,43,visual,2,3,0.9944875836372375
Grocery,mob_gpr_plain,1,43,visual,3,0,0.8149542808532715
Grocery,mob_gpr_plain,1,43,visual,3,1,0.953240692615509
Grocery,mob_gpr_plain,1,43,visual,3,2,0.9944875836372375
Grocery,mob_gpr_plain,1,43,visual,3,3,1.0
Grocery,mob_gpr_plain,2,44,text,0,0,1.0
Grocery,mob_gpr_plain,2,44,text,0,1,0.8846818804740906
Grocery,mob_gpr_plain,2,44,text,0,2,0.8579093217849731
Grocery,mob_gpr_plain,2,44,text,0,3,0.8215144872665405
Grocery,mob_gpr_plain,2,44,text,1,0,0.8846818804740906
Grocery,mob_gpr_plain,2,44,text,1,1,1.0
Grocery,mob_gpr_plain,2,44,text,1,2,0.9737935662269592
Grocery,mob_gpr_plain,2,44,text,1,3,0.9543966054916382
Grocery,mob_gpr_plain,2,44,text,2,0,0.8579093217849731
Grocery,mob_gpr_plain,2,44,text,2,1,0.9737935662269592
Grocery,mob_gpr_plain,2,44,text,2,2,1.0
Grocery,mob_gpr_plain,2,44,text,2,3,0.9945062398910522
Grocery,mob_gpr_plain,2,44,text,3,0,0.8215144872665405
Grocery,mob_gpr_plain,2,44,text,3,1,0.9543966054916382
Grocery,mob_gpr_plain,2,44,text,3,2,0.9945062398910522
Grocery,mob_gpr_plain,2,44,text,3,3,1.0
Grocery,mob_gpr_plain,2,44,visual,0,0,1.0
Grocery,mob_gpr_plain,2,44,visual,0,1,0.8724420070648193
Grocery,mob_gpr_plain,2,44,visual,0,2,0.844637930393219
Grocery,mob_gpr_plain,2,44,visual,0,3,0.8059736490249634
Grocery,mob_gpr_plain,2,44,visual,1,0,0.8724420070648193
Grocery,mob_gpr_plain,2,44,visual,1,1,1.0
Grocery,mob_gpr_plain,2,44,visual,1,2,0.9716675877571106
Grocery,mob_gpr_plain,2,44,visual,1,3,0.9511198401451111
Grocery,mob_gpr_plain,2,44,visual,2,0,0.844637930393219
Grocery,mob_gpr_plain,2,44,visual,2,1,0.9716675877571106
Grocery,mob_gpr_plain,2,44,visual,2,2,1.0
Grocery,mob_gpr_plain,2,44,visual,2,3,0.9942017197608948
Grocery,mob_gpr_plain,2,44,visual,3,0,0.8059736490249634
Grocery,mob_gpr_plain,2,44,visual,3,1,0.9511198401451111
Grocery,mob_gpr_plain,2,44,visual,3,2,0.9942017197608948
Grocery,mob_gpr_plain,2,44,visual,3,3,1.0
Grocery,mob_gpr_residual,0,42,text,0,0,1.0
Grocery,mob_gpr_residual,0,42,text,0,1,0.8935937881469727
Grocery,mob_gpr_residual,0,42,text,0,2,0.8693135380744934
Grocery,mob_gpr_residual,0,42,text,0,3,0.8371041417121887
Grocery,mob_gpr_residual,0,42,text,1,0,0.8935937881469727
Grocery,mob_gpr_residual,0,42,text,1,1,1.0
Grocery,mob_gpr_residual,0,42,text,1,2,0.9768494367599487
Grocery,mob_gpr_residual,0,42,text,1,3,0.9600260257720947
Grocery,mob_gpr_residual,0,42,text,2,0,0.8693135380744934
Grocery,mob_gpr_residual,0,42,text,2,1,0.9768494367599487
Grocery,mob_gpr_residual,0,42,text,2,2,1.0
Grocery,mob_gpr_residual,0,42,text,2,3,0.9953378438949585
Grocery,mob_gpr_residual,0,42,text,3,0,0.8371041417121887
Grocery,mob_gpr_residual,0,42,text,3,1,0.9600260257720947
Grocery,mob_gpr_residual,0,42,text,3,2,0.9953378438949585
Grocery,mob_gpr_residual,0,42,text,3,3,1.0
Grocery,mob_gpr_residual,0,42,visual,0,0,1.0
Grocery,mob_gpr_residual,0,42,visual,0,1,0.8731075525283813
Grocery,mob_gpr_residual,0,42,visual,0,2,0.8466154932975769
Grocery,mob_gpr_residual,0,42,visual,0,3,0.8095716834068298
Grocery,mob_gpr_residual,0,42,visual,1,0,0.8731075525283813
Grocery,mob_gpr_residual,0,42,visual,1,1,1.0
Grocery,mob_gpr_residual,0,42,visual,1,2,0.9725814461708069
Grocery,mob_gpr_residual,0,42,visual,1,3,0.9530497193336487
Grocery,mob_gpr_residual,0,42,visual,2,0,0.8466154932975769
Grocery,mob_gpr_residual,0,42,visual,2,1,0.9725814461708069
Grocery,mob_gpr_residual,0,42,visual,2,2,1.0
Grocery,mob_gpr_residual,0,42,visual,2,3,0.994519054889679
Grocery,mob_gpr_residual,0,42,visual,3,0,0.8095716834068298
Grocery,mob_gpr_residual,0,42,visual,3,1,0.9530497193336487
Grocery,mob_gpr_residual,0,42,visual,3,2,0.994519054889679
Grocery,mob_gpr_residual,0,42,visual,3,3,1.0
Grocery,mob_gpr_residual,1,43,text,0,0,1.0
Grocery,mob_gpr_residual,1,43,text,0,1,0.8876194357872009
Grocery,mob_gpr_residual,1,43,text,0,2,0.861994206905365
Grocery,mob_gpr_residual,1,43,text,0,3,0.8276182413101196
Grocery,mob_gpr_residual,1,43,text,1,0,0.8876194357872009
Grocery,mob_gpr_residual,1,43,text,1,1,1.0
Grocery,mob_gpr_residual,1,43,text,1,2,0.9751842021942139
Grocery,mob_gpr_residual,1,43,text,1,3,0.957104504108429
Grocery,mob_gpr_residual,1,43,text,2,0,0.861994206905365
Grocery,mob_gpr_residual,1,43,text,2,1,0.9751842021942139
Grocery,mob_gpr_residual,1,43,text,2,2,1.0
Grocery,mob_gpr_residual,1,43,text,2,3,0.9949560165405273
Grocery,mob_gpr_residual,1,43,text,3,0,0.8276182413101196
Grocery,mob_gpr_residual,1,43,text,3,1,0.957104504108429
Grocery,mob_gpr_residual,1,43,text,3,2,0.9949560165405273
Grocery,mob_gpr_residual,1,43,text,3,3,1.0
Grocery,mob_gpr_residual,1,43,visual,0,0,1.0
Grocery,mob_gpr_residual,1,43,visual,0,1,0.8710616230964661
Grocery,mob_gpr_residual,1,43,visual,0,2,0.8445119857788086
Grocery,mob_gpr_residual,1,43,visual,0,3,0.806990921497345
Grocery,mob_gpr_residual,1,43,visual,1,0,0.8710616230964661
Grocery,mob_gpr_residual,1,43,visual,1,1,1.0
Grocery,mob_gpr_residual,1,43,visual,1,2,0.9722766876220703
Grocery,mob_gpr_residual,1,43,visual,1,3,0.9525108337402344
Grocery,mob_gpr_residual,1,43,visual,2,0,0.8445119857788086
Grocery,mob_gpr_residual,1,43,visual,2,1,0.9722766876220703
Grocery,mob_gpr_residual,1,43,visual,2,2,1.0
Grocery,mob_gpr_residual,1,43,visual,2,3,0.9944252371788025
Grocery,mob_gpr_residual,1,43,visual,3,0,0.806990921497345
Grocery,mob_gpr_residual,1,43,visual,3,1,0.9525108337402344
Grocery,mob_gpr_residual,1,43,visual,3,2,0.9944252371788025
Grocery,mob_gpr_residual,1,43,visual,3,3,1.0
Grocery,mob_gpr_residual,2,44,text,0,0,1.0
Grocery,mob_gpr_residual,2,44,text,0,1,0.8960573673248291
Grocery,mob_gpr_residual,2,44,text,0,2,0.8722193241119385
Grocery,mob_gpr_residual,2,44,text,0,3,0.8408288359642029
Grocery,mob_gpr_residual,2,44,text,1,0,0.8960573673248291
Grocery,mob_gpr_residual,2,44,text,1,1,1.0
Grocery,mob_gpr_residual,2,44,text,1,2,0.977454423904419
Grocery,mob_gpr_residual,2,44,text,1,3,0.9611098766326904
Grocery,mob_gpr_residual,2,44,text,2,0,0.8722193241119385
Grocery,mob_gpr_residual,2,44,text,2,1,0.977454423904419
Grocery,mob_gpr_residual,2,44,text,2,2,1.0
Grocery,mob_gpr_residual,2,44,text,2,3,0.9954789280891418
Grocery,mob_gpr_residual,2,44,text,3,0,0.8408288359642029
Grocery,mob_gpr_residual,2,44,text,3,1,0.9611098766326904
Grocery,mob_gpr_residual,2,44,text,3,2,0.9954789280891418
Grocery,mob_gpr_residual,2,44,text,3,3,1.0
Grocery,mob_gpr_residual,2,44,visual,0,0,1.0
Grocery,mob_gpr_residual,2,44,visual,0,1,0.8750483393669128
Grocery,mob_gpr_residual,2,44,visual,0,2,0.8491427302360535
Grocery,mob_gpr_residual,2,44,visual,0,3,0.8129341006278992
Grocery,mob_gpr_residual,2,44,visual,1,0,0.8750483393669128
Grocery,mob_gpr_residual,2,44,visual,1,1,1.0
Grocery,mob_gpr_residual,2,44,visual,1,2,0.9731360077857971
Grocery,mob_gpr_residual,2,44,visual,1,3,0.9540117979049683
Grocery,mob_gpr_residual,2,44,visual,2,0,0.8491427302360535
Grocery,mob_gpr_residual,2,44,visual,2,1,0.9731360077857971
Grocery,mob_gpr_residual,2,44,visual,2,2,1.0
Grocery,mob_gpr_residual,2,44,visual,2,3,0.9946238398551941
Grocery,mob_gpr_residual,2,44,visual,3,0,0.8129341006278992
Grocery,mob_gpr_residual,2,44,visual,3,1,0.9540117979049683
Grocery,mob_gpr_residual,2,44,visual,3,2,0.9946238398551941
Grocery,mob_gpr_residual,2,44,visual,3,3,1.0
ele-fashion,mob_gpr_plain,0,42,text,0,0,1.0
ele-fashion,mob_gpr_plain,0,42,text,0,1,0.9550758004188538
ele-fashion,mob_gpr_plain,0,42,text,0,2,0.9203728437423706
ele-fashion,mob_gpr_plain,0,42,text,0,3,0.892272412776947
ele-fashion,mob_gpr_plain,0,42,text,1,0,0.9550758004188538
ele-fashion,mob_gpr_plain,0,42,text,1,1,1.0
ele-fashion,mob_gpr_plain,0,42,text,1,2,0.9708486199378967
ele-fashion,mob_gpr_plain,0,42,text,1,3,0.9554248452186584
ele-fashion,mob_gpr_plain,0,42,text,2,0,0.9203728437423706
ele-fashion,mob_gpr_plain,0,42,text,2,1,0.9708486199378967
ele-fashion,mob_gpr_plain,0,42,text,2,2,1.0
ele-fashion,mob_gpr_plain,0,42,text,2,3,0.9960871338844299
ele-fashion,mob_gpr_plain,0,42,text,3,0,0.892272412776947
ele-fashion,mob_gpr_plain,0,42,text,3,1,0.9554248452186584
ele-fashion,mob_gpr_plain,0,42,text,3,2,0.9960871338844299
ele-fashion,mob_gpr_plain,0,42,text,3,3,1.0
ele-fashion,mob_gpr_plain,0,42,visual,0,0,1.0
ele-fashion,mob_gpr_plain,0,42,visual,0,1,0.9338135719299316
ele-fashion,mob_gpr_plain,0,42,visual,0,2,0.8947787284851074
ele-fashion,mob_gpr_plain,0,42,visual,0,3,0.8603583574295044
ele-fashion,mob_gpr_plain,0,42,visual,1,0,0.9338135719299316
ele-fashion,mob_gpr_plain,0,42,visual,1,1,1.0
ele-fashion,mob_gpr_plain,0,42,visual,1,2,0.9650778770446777
ele-fashion,mob_gpr_plain,0,42,visual,1,3,0.9470041394233704
ele-fashion,mob_gpr_plain,0,42,visual,2,0,0.8947787284851074
ele-fashion,mob_gpr_plain,0,42,visual,2,1,0.9650778770446777
ele-fashion,mob_gpr_plain,0,42,visual,2,2,1.0
ele-fashion,mob_gpr_plain,0,42,visual,2,3,0.9952356219291687
ele-fashion,mob_gpr_plain,0,42,visual,3,0,0.8603583574295044
ele-fashion,mob_gpr_plain,0,42,visual,3,1,0.9470041394233704
ele-fashion,mob_gpr_plain,0,42,visual,3,2,0.9952356219291687
ele-fashion,mob_gpr_plain,0,42,visual,3,3,1.0
ele-fashion,mob_gpr_plain,1,43,text,0,0,1.0
ele-fashion,mob_gpr_plain,1,43,text,0,1,0.9543748497962952
ele-fashion,mob_gpr_plain,1,43,text,0,2,0.9192026257514954
ele-fashion,mob_gpr_plain,1,43,text,0,3,0.8906193971633911
ele-fashion,mob_gpr_plain,1,43,text,1,0,0.9543748497962952
ele-fashion,mob_gpr_plain,1,43,text,1,1,1.0
ele-fashion,mob_gpr_plain,1,43,text,1,2,0.9703223705291748
ele-fashion,mob_gpr_plain,1,43,text,1,3,0.9546539783477783
ele-fashion,mob_gpr_plain,1,43,text,2,0,0.9192026257514954
ele-fashion,mob_gpr_plain,1,43,text,2,1,0.9703223705291748
ele-fashion,mob_gpr_plain,1,43,text,2,2,1.0
ele-fashion,mob_gpr_plain,1,43,text,2,3,0.9960081577301025
ele-fashion,mob_gpr_plain,1,43,text,3,0,0.8906193971633911
ele-fashion,mob_gpr_plain,1,43,text,3,1,0.9546539783477783
ele-fashion,mob_gpr_plain,1,43,text,3,2,0.9960081577301025
ele-fashion,mob_gpr_plain,1,43,text,3,3,1.0
ele-fashion,mob_gpr_plain,1,43,visual,0,0,1.0
ele-fashion,mob_gpr_plain,1,43,visual,0,1,0.9328739047050476
ele-fashion,mob_gpr_plain,1,43,visual,0,2,0.8933664560317993
ele-fashion,mob_gpr_plain,1,43,visual,0,3,0.8585107922554016
ele-fashion,mob_gpr_plain,1,43,visual,1,0,0.9328739047050476
ele-fashion,mob_gpr_plain,1,43,visual,1,1,1.0
ele-fashion,mob_gpr_plain,1,43,visual,1,2,0.9646267294883728
ele-fashion,mob_gpr_plain,1,43,visual,1,3,0.9463040232658386
ele-fashion,mob_gpr_plain,1,43,visual,2,0,0.8933664560317993
ele-fashion,mob_gpr_plain,1,43,visual,2,1,0.9646267294883728
ele-fashion,mob_gpr_plain,1,43,visual,2,2,1.0
ele-fashion,mob_gpr_plain,1,43,visual,2,3,0.9951707720756531
ele-fashion,mob_gpr_plain,1,43,visual,3,0,0.8585107922554016
ele-fashion,mob_gpr_plain,1,43,visual,3,1,0.9463040232658386
ele-fashion,mob_gpr_plain,1,43,visual,3,2,0.9951707720756531
ele-fashion,mob_gpr_plain,1,43,visual,3,3,1.0
ele-fashion,mob_gpr_plain,2,44,text,0,0,1.0
ele-fashion,mob_gpr_plain,2,44,text,0,1,0.9544677138328552
ele-fashion,mob_gpr_plain,2,44,text,0,2,0.9200737476348877
ele-fashion,mob_gpr_plain,2,44,text,0,3,0.8920060396194458
ele-fashion,mob_gpr_plain,2,44,text,1,0,0.9544677138328552
ele-fashion,mob_gpr_plain,2,44,text,1,1,1.0
ele-fashion,mob_gpr_plain,2,44,text,1,2,0.9710063338279724
ele-fashion,mob_gpr_plain,2,44,text,1,3,0.9556854963302612
ele-fashion,mob_gpr_plain,2,44,text,2,0,0.9200737476348877
ele-fashion,mob_gpr_plain,2,44,text,2,1,0.9710063338279724
ele-fashion,mob_gpr_plain,2,44,text,2,2,1.0
ele-fashion,mob_gpr_plain,2,44,text,2,3,0.9960841536521912
ele-fashion,mob_gpr_plain,2,44,text,3,0,0.8920060396194458
ele-fashion,mob_gpr_plain,2,44,text,3,1,0.9556854963302612
ele-fashion,mob_gpr_plain,2,44,text,3,2,0.9960841536521912
ele-fashion,mob_gpr_plain,2,44,text,3,3,1.0
ele-fashion,mob_gpr_plain,2,44,visual,0,0,1.0
ele-fashion,mob_gpr_plain,2,44,visual,0,1,0.9318099021911621
ele-fashion,mob_gpr_plain,2,44,visual,0,2,0.8928609490394592
ele-fashion,mob_gpr_plain,2,44,visual,0,3,0.8579434156417847
ele-fashion,mob_gpr_plain,2,44,visual,1,0,0.9318099021911621
ele-fashion,mob_gpr_plain,2,44,visual,1,1,1.0
ele-fashion,mob_gpr_plain,2,44,visual,1,2,0.9647536873817444
ele-fashion,mob_gpr_plain,2,44,visual,1,3,0.9465292692184448
ele-fashion,mob_gpr_plain,2,44,visual,2,0,0.8928609490394592
ele-fashion,mob_gpr_plain,2,44,visual,2,1,0.9647536873817444
ele-fashion,mob_gpr_plain,2,44,visual,2,2,1.0
ele-fashion,mob_gpr_plain,2,44,visual,2,3,0.9951484799385071
ele-fashion,mob_gpr_plain,2,44,visual,3,0,0.8579434156417847
ele-fashion,mob_gpr_plain,2,44,visual,3,1,0.9465292692184448
ele-fashion,mob_gpr_plain,2,44,visual,3,2,0.9951484799385071
ele-fashion,mob_gpr_plain,2,44,visual,3,3,1.0
ele-fashion,mob_gpr_residual,0,42,text,0,0,1.0
ele-fashion,mob_gpr_residual,0,42,text,0,1,0.9581257700920105
ele-fashion,mob_gpr_residual,0,42,text,0,2,0.9265788197517395
ele-fashion,mob_gpr_residual,0,42,text,0,3,0.9008933305740356
ele-fashion,mob_gpr_residual,0,42,text,1,0,0.9581257700920105
ele-fashion,mob_gpr_residual,0,42,text,1,1,1.0
ele-fashion,mob_gpr_residual,0,42,text,1,2,0.9735649228096008
ele-fashion,mob_gpr_residual,0,42,text,1,3,0.9596450328826904
ele-fashion,mob_gpr_residual,0,42,text,2,0,0.9265788197517395
ele-fashion,mob_gpr_residual,0,42,text,2,1,0.9735649228096008
ele-fashion,mob_gpr_residual,0,42,text,2,2,1.0
ele-fashion,mob_gpr_residual,0,42,text,2,3,0.9964390993118286
ele-fashion,mob_gpr_residual,0,42,text,3,0,0.9008933305740356
ele-fashion,mob_gpr_residual,0,42,text,3,1,0.9596450328826904
ele-fashion,mob_gpr_residual,0,42,text,3,2,0.9964390993118286
ele-fashion,mob_gpr_residual,0,42,text,3,3,1.0
ele-fashion,mob_gpr_residual,0,42,visual,0,0,1.0
ele-fashion,mob_gpr_residual,0,42,visual,0,1,0.9397028684616089
ele-fashion,mob_gpr_residual,0,42,visual,0,2,0.9038098454475403
ele-fashion,mob_gpr_residual,0,42,visual,0,3,0.8730347752571106
ele-fashion,mob_gpr_residual,0,42,visual,1,0,0.9397028684616089
ele-fashion,mob_gpr_residual,0,42,visual,1,1,1.0
ele-fashion,mob_gpr_residual,0,42,visual,1,2,0.9687538146972656
ele-fashion,mob_gpr_residual,0,42,visual,1,3,0.9526738524436951
ele-fashion,mob_gpr_residual,0,42,visual,2,0,0.9038098454475403
ele-fashion,mob_gpr_residual,0,42,visual,2,1,0.9687538146972656
ele-fashion,mob_gpr_residual,0,42,visual,2,2,1.0
ele-fashion,mob_gpr_residual,0,42,visual,2,3,0.9958561658859253
ele-fashion,mob_gpr_residual,0,42,visual,3,0,0.8730347752571106
ele-fashion,mob_gpr_residual,0,42,visual,3,1,0.9526738524436951
ele-fashion,mob_gpr_residual,0,42,visual,3,2,0.9958561658859253
ele-fashion,mob_gpr_residual,0,42,visual,3,3,1.0
ele-fashion,mob_gpr_residual,1,43,text,0,0,1.0
ele-fashion,mob_gpr_residual,1,43,text,0,1,0.9579840302467346
ele-fashion,mob_gpr_residual,1,43,text,0,2,0.926146388053894
ele-fashion,mob_gpr_residual,1,43,text,0,3,0.9002969861030579
ele-fashion,mob_gpr_residual,1,43,text,1,0,0.9579840302467346
ele-fashion,mob_gpr_residual,1,43,text,1,1,1.0
ele-fashion,mob_gpr_residual,1,43,text,1,2,0.9733617901802063
ele-fashion,mob_gpr_residual,1,43,text,1,3,0.9593443870544434
ele-fashion,mob_gpr_residual,1,43,text,2,0,0.926146388053894
ele-fashion,mob_gpr_residual,1,43,text,2,1,0.9733617901802063
ele-fashion,mob_gpr_residual,1,43,text,2,2,1.0
ele-fashion,mob_gpr_residual,1,43,text,2,3,0.9964181184768677
ele-fashion,mob_gpr_residual,1,43,text,3,0,0.9002969861030579
ele-fashion,mob_gpr_residual,1,43,text,3,1,0.9593443870544434
ele-fashion,mob_gpr_residual,1,43,text,3,2,0.9964181184768677
ele-fashion,mob_gpr_residual,1,43,text,3,3,1.0
ele-fashion,mob_gpr_residual,1,43,visual,0,0,1.0
ele-fashion,mob_gpr_residual,1,43,visual,0,1,0.9415186643600464
ele-fashion,mob_gpr_residual,1,43,visual,0,2,0.9070909023284912
ele-fashion,mob_gpr_residual,1,43,visual,0,3,0.8774693012237549
ele-fashion,mob_gpr_residual,1,43,visual,1,0,0.9415186643600464
ele-fashion,mob_gpr_residual,1,43,visual,1,1,1.0
ele-fashion,mob_gpr_residual,1,43,visual,1,2,0.9700790643692017
ele-fashion,mob_gpr_residual,1,43,visual,1,3,0.9546273946762085
ele-fashion,mob_gpr_residual,1,43,visual,2,0,0.9070909023284912
ele-fashion,mob_gpr_residual,1,43,visual,2,1,0.9700790643692017
ele-fashion,mob_gpr_residual,1,43,visual,2,2,1.0
ele-fashion,mob_gpr_residual,1,43,visual,2,3,0.9960266947746277
ele-fashion,mob_gpr_residual,1,43,visual,3,0,0.8774693012237549
ele-fashion,mob_gpr_residual,1,43,visual,3,1,0.9546273946762085
ele-fashion,mob_gpr_residual,1,43,visual,3,2,0.9960266947746277
ele-fashion,mob_gpr_residual,1,43,visual,3,3,1.0
ele-fashion,mob_gpr_residual,2,44,text,0,0,1.0
ele-fashion,mob_gpr_residual,2,44,text,0,1,0.9574217796325684
ele-fashion,mob_gpr_residual,2,44,text,0,2,0.9245269298553467
ele-fashion,mob_gpr_residual,2,44,text,0,3,0.8980560302734375
ele-fashion,mob_gpr_residual,2,44,text,1,0,0.9574217796325684
ele-fashion,mob_gpr_residual,2,44,text,1,1,1.0
ele-fashion,mob_gpr_residual,2,44,text,1,2,0.9725743532180786
ele-fashion,mob_gpr_residual,2,44,text,1,3,0.9581801295280457
ele-fashion,mob_gpr_residual,2,44,text,2,0,0.9245269298553467
ele-fashion,mob_gpr_residual,2,44,text,2,1,0.9725743532180786
ele-fashion,mob_gpr_residual,2,44,text,2,2,1.0
ele-fashion,mob_gpr_residual,2,44,text,2,3,0.996345043182373
ele-fashion,mob_gpr_residual,2,44,text,3,0,0.8980560302734375
ele-fashion,mob_gpr_residual,2,44,text,3,1,0.9581801295280457
ele-fashion,mob_gpr_residual,2,44,text,3,2,0.996345043182373
ele-fashion,mob_gpr_residual,2,44,text,3,3,1.0
ele-fashion,mob_gpr_residual,2,44,visual,0,0,1.0
ele-fashion,mob_gpr_residual,2,44,visual,0,1,0.9376733899116516
ele-fashion,mob_gpr_residual,2,44,visual,0,2,0.9016535878181458
ele-fashion,mob_gpr_residual,2,44,visual,0,3,0.8702173829078674
ele-fashion,mob_gpr_residual,2,44,visual,1,0,0.9376733899116516
ele-fashion,mob_gpr_residual,2,44,visual,1,1,1.0
ele-fashion,mob_gpr_residual,2,44,visual,1,2,0.9682635068893433
ele-fashion,mob_gpr_residual,2,44,visual,1,3,0.9518822431564331
ele-fashion,mob_gpr_residual,2,44,visual,2,0,0.9016535878181458
ele-fashion,mob_gpr_residual,2,44,visual,2,1,0.9682635068893433
ele-fashion,mob_gpr_residual,2,44,visual,2,2,1.0
ele-fashion,mob_gpr_residual,2,44,visual,2,3,0.9957402944564819
ele-fashion,mob_gpr_residual,2,44,visual,3,0,0.8702173829078674
ele-fashion,mob_gpr_residual,2,44,visual,3,1,0.9518822431564331
ele-fashion,mob_gpr_residual,2,44,visual,3,2,0.9957402944564819
ele-fashion,mob_gpr_residual,2,44,visual,3,3,1.0
Reddit-S,mob_gpr_plain,0,42,text,0,0,0.9999999403953552
Reddit-S,mob_gpr_plain,0,42,text,0,1,0.8508247137069702
Reddit-S,mob_gpr_plain,0,42,text,0,2,0.850824773311615
Reddit-S,mob_gpr_plain,0,42,text,0,3,0.8508247137069702
Reddit-S,mob_gpr_plain,0,42,text,1,0,0.8508247137069702
Reddit-S,mob_gpr_plain,0,42,text,1,1,0.9999999403953552
Reddit-S,mob_gpr_plain,0,42,text,1,2,0.9999999403953552
Reddit-S,mob_gpr_plain,0,42,text,1,3,0.9999999403953552
Reddit-S,mob_gpr_plain,0,42,text,2,0,0.850824773311615
Reddit-S,mob_gpr_plain,0,42,text,2,1,0.9999999403953552
Reddit-S,mob_gpr_plain,0,42,text,2,2,0.9999999403953552
Reddit-S,mob_gpr_plain,0,42,text,2,3,0.9999999403953552
Reddit-S,mob_gpr_plain,0,42,text,3,0,0.8508247137069702
Reddit-S,mob_gpr_plain,0,42,text,3,1,0.9999999403953552
Reddit-S,mob_gpr_plain,0,42,text,3,2,0.9999999403953552
Reddit-S,mob_gpr_plain,0,42,text,3,3,0.9999999403953552
Reddit-S,mob_gpr_plain,0,42,visual,0,0,0.9999999403953552
Reddit-S,mob_gpr_plain,0,42,visual,0,1,0.9341768026351929
Reddit-S,mob_gpr_plain,0,42,visual,0,2,0.9341768026351929
Reddit-S,mob_gpr_plain,0,42,visual,0,3,0.9341768026351929
Reddit-S,mob_gpr_plain,0,42,visual,1,0,0.9341768026351929
Reddit-S,mob_gpr_plain,0,42,visual,1,1,0.9999999403953552
Reddit-S,mob_gpr_plain,0,42,visual,1,2,0.9999999403953552
Reddit-S,mob_gpr_plain,0,42,visual,1,3,0.9999999403953552
Reddit-S,mob_gpr_plain,0,42,visual,2,0,0.9341768026351929
Reddit-S,mob_gpr_plain,0,42,visual,2,1,0.9999999403953552
Reddit-S,mob_gpr_plain,0,42,visual,2,2,0.9999999403953552
Reddit-S,mob_gpr_plain,0,42,visual,2,3,0.9999999403953552
Reddit-S,mob_gpr_plain,0,42,visual,3,0,0.9341768026351929
Reddit-S,mob_gpr_plain,0,42,visual,3,1,0.9999999403953552
Reddit-S,mob_gpr_plain,0,42,visual,3,2,0.9999999403953552
Reddit-S,mob_gpr_plain,0,42,visual,3,3,0.9999999403953552
Reddit-S,mob_gpr_plain,1,43,text,0,0,0.9999999403953552
Reddit-S,mob_gpr_plain,1,43,text,0,1,0.8467780947685242
Reddit-S,mob_gpr_plain,1,43,text,0,2,0.8467780351638794
Reddit-S,mob_gpr_plain,1,43,text,0,3,0.8467780351638794
Reddit-S,mob_gpr_plain,1,43,text,1,0,0.8467780947685242
Reddit-S,mob_gpr_plain,1,43,text,1,1,0.9999999403953552
Reddit-S,mob_gpr_plain,1,43,text,1,2,0.9999999403953552
Reddit-S,mob_gpr_plain,1,43,text,1,3,0.9999999403953552
Reddit-S,mob_gpr_plain,1,43,text,2,0,0.8467780351638794
Reddit-S,mob_gpr_plain,1,43,text,2,1,0.9999999403953552
Reddit-S,mob_gpr_plain,1,43,text,2,2,0.9999999403953552
Reddit-S,mob_gpr_plain,1,43,text,2,3,0.9999999403953552
Reddit-S,mob_gpr_plain,1,43,text,3,0,0.8467780351638794
Reddit-S,mob_gpr_plain,1,43,text,3,1,0.9999999403953552
Reddit-S,mob_gpr_plain,1,43,text,3,2,0.9999999403953552
Reddit-S,mob_gpr_plain,1,43,text,3,3,0.9999999403953552
Reddit-S,mob_gpr_plain,1,43,visual,0,0,0.9999999403953552
Reddit-S,mob_gpr_plain,1,43,visual,0,1,0.9334207773208618
Reddit-S,mob_gpr_plain,1,43,visual,0,2,0.9334207773208618
Reddit-S,mob_gpr_plain,1,43,visual,0,3,0.9334207773208618
Reddit-S,mob_gpr_plain,1,43,visual,1,0,0.9334207773208618
Reddit-S,mob_gpr_plain,1,43,visual,1,1,0.9999999403953552
Reddit-S,mob_gpr_plain,1,43,visual,1,2,0.9999999403953552
Reddit-S,mob_gpr_plain,1,43,visual,1,3,0.9999999403953552
Reddit-S,mob_gpr_plain,1,43,visual,2,0,0.9334207773208618
Reddit-S,mob_gpr_plain,1,43,visual,2,1,0.9999999403953552
Reddit-S,mob_gpr_plain,1,43,visual,2,2,0.9999999403953552
Reddit-S,mob_gpr_plain,1,43,visual,2,3,0.9999999403953552
Reddit-S,mob_gpr_plain,1,43,visual,3,0,0.9334207773208618
Reddit-S,mob_gpr_plain,1,43,visual,3,1,0.9999999403953552
Reddit-S,mob_gpr_plain,1,43,visual,3,2,0.9999999403953552
Reddit-S,mob_gpr_plain,1,43,visual,3,3,0.9999999403953552
Reddit-S,mob_gpr_plain,2,44,text,0,0,0.9999999403953552
Reddit-S,mob_gpr_plain,2,44,text,0,1,0.8410421013832092
Reddit-S,mob_gpr_plain,2,44,text,0,2,0.8410421013832092
Reddit-S,mob_gpr_plain,2,44,text,0,3,0.8410421013832092
Reddit-S,mob_gpr_plain,2,44,text,1,0,0.8410421013832092
Reddit-S,mob_gpr_plain,2,44,text,1,1,0.9999999403953552
Reddit-S,mob_gpr_plain,2,44,text,1,2,0.9999999403953552
Reddit-S,mob_gpr_plain,2,44,text,1,3,0.9999999403953552
Reddit-S,mob_gpr_plain,2,44,text,2,0,0.8410421013832092
Reddit-S,mob_gpr_plain,2,44,text,2,1,0.9999999403953552
Reddit-S,mob_gpr_plain,2,44,text,2,2,0.9999999403953552
Reddit-S,mob_gpr_plain,2,44,text,2,3,0.9999999403953552
Reddit-S,mob_gpr_plain,2,44,text,3,0,0.8410421013832092
Reddit-S,mob_gpr_plain,2,44,text,3,1,0.9999999403953552
Reddit-S,mob_gpr_plain,2,44,text,3,2,0.9999999403953552
Reddit-S,mob_gpr_plain,2,44,text,3,3,0.9999999403953552
Reddit-S,mob_gpr_plain,2,44,visual,0,0,0.9999999403953552
Reddit-S,mob_gpr_plain,2,44,visual,0,1,0.9330816268920898
Reddit-S,mob_gpr_plain,2,44,visual,0,2,0.9330816268920898
Reddit-S,mob_gpr_plain,2,44,visual,0,3,0.9330816864967346
Reddit-S,mob_gpr_plain,2,44,visual,1,0,0.9330816268920898
Reddit-S,mob_gpr_plain,2,44,visual,1,1,0.9999999403953552
Reddit-S,mob_gpr_plain,2,44,visual,1,2,0.9999999403953552
Reddit-S,mob_gpr_plain,2,44,visual,1,3,0.9999999403953552
Reddit-S,mob_gpr_plain,2,44,visual,2,0,0.9330816268920898
Reddit-S,mob_gpr_plain,2,44,visual,2,1,0.9999999403953552
Reddit-S,mob_gpr_plain,2,44,visual,2,2,0.9999999403953552
Reddit-S,mob_gpr_plain,2,44,visual,2,3,0.9999999403953552
Reddit-S,mob_gpr_plain,2,44,visual,3,0,0.9330816864967346
Reddit-S,mob_gpr_plain,2,44,visual,3,1,0.9999999403953552
Reddit-S,mob_gpr_plain,2,44,visual,3,2,0.9999999403953552
Reddit-S,mob_gpr_plain,2,44,visual,3,3,0.9999999403953552
Reddit-S,mob_gpr_residual,0,42,text,0,0,0.9999999403953552
Reddit-S,mob_gpr_residual,0,42,text,0,1,0.8388465642929077
Reddit-S,mob_gpr_residual,0,42,text,0,2,0.8388465642929077
Reddit-S,mob_gpr_residual,0,42,text,0,3,0.8388465642929077
Reddit-S,mob_gpr_residual,0,42,text,1,0,0.8388465642929077
Reddit-S,mob_gpr_residual,0,42,text,1,1,0.9999999403953552
Reddit-S,mob_gpr_residual,0,42,text,1,2,0.9999999403953552
Reddit-S,mob_gpr_residual,0,42,text,1,3,0.9999999403953552
Reddit-S,mob_gpr_residual,0,42,text,2,0,0.8388465642929077
Reddit-S,mob_gpr_residual,0,42,text,2,1,0.9999999403953552
Reddit-S,mob_gpr_residual,0,42,text,2,2,0.9999999403953552
Reddit-S,mob_gpr_residual,0,42,text,2,3,0.9999999403953552
Reddit-S,mob_gpr_residual,0,42,text,3,0,0.8388465642929077
Reddit-S,mob_gpr_residual,0,42,text,3,1,0.9999999403953552
Reddit-S,mob_gpr_residual,0,42,text,3,2,0.9999999403953552
Reddit-S,mob_gpr_residual,0,42,text,3,3,0.9999999403953552
Reddit-S,mob_gpr_residual,0,42,visual,0,0,0.9999999403953552
Reddit-S,mob_gpr_residual,0,42,visual,0,1,0.9059721231460571
Reddit-S,mob_gpr_residual,0,42,visual,0,2,0.9059721231460571
Reddit-S,mob_gpr_residual,0,42,visual,0,3,0.9059721231460571
Reddit-S,mob_gpr_residual,0,42,visual,1,0,0.9059721231460571
Reddit-S,mob_gpr_residual,0,42,visual,1,1,0.9999999403953552
Reddit-S,mob_gpr_residual,0,42,visual,1,2,0.9999999403953552
Reddit-S,mob_gpr_residual,0,42,visual,1,3,0.9999999403953552
Reddit-S,mob_gpr_residual,0,42,visual,2,0,0.9059721231460571
Reddit-S,mob_gpr_residual,0,42,visual,2,1,0.9999999403953552
Reddit-S,mob_gpr_residual,0,42,visual,2,2,0.9999999403953552
Reddit-S,mob_gpr_residual,0,42,visual,2,3,0.9999999403953552
Reddit-S,mob_gpr_residual,0,42,visual,3,0,0.9059721231460571
Reddit-S,mob_gpr_residual,0,42,visual,3,1,0.9999999403953552
Reddit-S,mob_gpr_residual,0,42,visual,3,2,0.9999999403953552
Reddit-S,mob_gpr_residual,0,42,visual,3,3,0.9999999403953552
Reddit-S,mob_gpr_residual,1,43,text,0,0,0.9999999403953552
Reddit-S,mob_gpr_residual,1,43,text,0,1,0.8807457685470581
Reddit-S,mob_gpr_residual,1,43,text,0,2,0.8807457685470581
Reddit-S,mob_gpr_residual,1,43,text,0,3,0.8807457685470581
Reddit-S,mob_gpr_residual,1,43,text,1,0,0.8807457685470581
Reddit-S,mob_gpr_residual,1,43,text,1,1,0.9999999403953552
Reddit-S,mob_gpr_residual,1,43,text,1,2,0.9999999403953552
Reddit-S,mob_gpr_residual,1,43,text,1,3,0.9999999403953552
Reddit-S,mob_gpr_residual,1,43,text,2,0,0.8807457685470581
Reddit-S,mob_gpr_residual,1,43,text,2,1,0.9999999403953552
Reddit-S,mob_gpr_residual,1,43,text,2,2,0.9999999403953552
Reddit-S,mob_gpr_residual,1,43,text,2,3,0.9999999403953552
Reddit-S,mob_gpr_residual,1,43,text,3,0,0.8807457685470581
Reddit-S,mob_gpr_residual,1,43,text,3,1,0.9999999403953552
Reddit-S,mob_gpr_residual,1,43,text,3,2,0.9999999403953552
Reddit-S,mob_gpr_residual,1,43,text,3,3,0.9999999403953552
Reddit-S,mob_gpr_residual,1,43,visual,0,0,0.9999999403953552
Reddit-S,mob_gpr_residual,1,43,visual,0,1,0.9172502756118774
Reddit-S,mob_gpr_residual,1,43,visual,0,2,0.9172502160072327
Reddit-S,mob_gpr_residual,1,43,visual,0,3,0.9172502160072327
Reddit-S,mob_gpr_residual,1,43,visual,1,0,0.9172502756118774
Reddit-S,mob_gpr_residual,1,43,visual,1,1,0.9999999403953552
Reddit-S,mob_gpr_residual,1,43,visual,1,2,0.9999999403953552
Reddit-S,mob_gpr_residual,1,43,visual,1,3,0.9999999403953552
Reddit-S,mob_gpr_residual,1,43,visual,2,0,0.9172502160072327
Reddit-S,mob_gpr_residual,1,43,visual,2,1,0.9999999403953552
Reddit-S,mob_gpr_residual,1,43,visual,2,2,0.9999999403953552
Reddit-S,mob_gpr_residual,1,43,visual,2,3,0.9999999403953552
Reddit-S,mob_gpr_residual,1,43,visual,3,0,0.9172502160072327
Reddit-S,mob_gpr_residual,1,43,visual,3,1,0.9999999403953552
Reddit-S,mob_gpr_residual,1,43,visual,3,2,0.9999999403953552
Reddit-S,mob_gpr_residual,1,43,visual,3,3,0.9999999403953552
Reddit-S,mob_gpr_residual,2,44,text,0,0,0.9999999403953552
Reddit-S,mob_gpr_residual,2,44,text,0,1,0.8421088457107544
Reddit-S,mob_gpr_residual,2,44,text,0,2,0.8421088457107544
Reddit-S,mob_gpr_residual,2,44,text,0,3,0.8421088457107544
Reddit-S,mob_gpr_residual,2,44,text,1,0,0.8421088457107544
Reddit-S,mob_gpr_residual,2,44,text,1,1,0.9999999403953552
Reddit-S,mob_gpr_residual,2,44,text,1,2,0.9999999403953552
Reddit-S,mob_gpr_residual,2,44,text,1,3,0.9999999403953552
Reddit-S,mob_gpr_residual,2,44,text,2,0,0.8421088457107544
Reddit-S,mob_gpr_residual,2,44,text,2,1,0.9999999403953552
Reddit-S,mob_gpr_residual,2,44,text,2,2,0.9999999403953552
Reddit-S,mob_gpr_residual,2,44,text,2,3,0.9999999403953552
Reddit-S,mob_gpr_residual,2,44,text,3,0,0.8421088457107544
Reddit-S,mob_gpr_residual,2,44,text,3,1,0.9999999403953552
Reddit-S,mob_gpr_residual,2,44,text,3,2,0.9999999403953552
Reddit-S,mob_gpr_residual,2,44,text,3,3,0.9999999403953552
Reddit-S,mob_gpr_residual,2,44,visual,0,0,0.9999999403953552
Reddit-S,mob_gpr_residual,2,44,visual,0,1,0.9082754850387573
Reddit-S,mob_gpr_residual,2,44,visual,0,2,0.9082754850387573
Reddit-S,mob_gpr_residual,2,44,visual,0,3,0.9082754850387573
Reddit-S,mob_gpr_residual,2,44,visual,1,0,0.9082754850387573
Reddit-S,mob_gpr_residual,2,44,visual,1,1,0.9999999403953552
Reddit-S,mob_gpr_residual,2,44,visual,1,2,0.9999999403953552
Reddit-S,mob_gpr_residual,2,44,visual,1,3,0.9999999403953552
Reddit-S,mob_gpr_residual,2,44,visual,2,0,0.9082754850387573
Reddit-S,mob_gpr_residual,2,44,visual,2,1,0.9999999403953552
Reddit-S,mob_gpr_residual,2,44,visual,2,2,0.9999999403953552
Reddit-S,mob_gpr_residual,2,44,visual,2,3,0.9999999403953552
Reddit-S,mob_gpr_residual,2,44,visual,3,0,0.9082754850387573
Reddit-S,mob_gpr_residual,2,44,visual,3,1,0.9999999403953552
Reddit-S,mob_gpr_residual,2,44,visual,3,2,0.9999999403953552
Reddit-S,mob_gpr_residual,2,44,visual,3,3,0.9999999403953552
