contrast,category,dataset,val_acc_mean,val_macro_f1_mean,test_acc_mean,test_macro_f1_mean,val_acc_std,val_macro_f1_std,test_acc_std,test_macro_f1_std,positive_val_seed_pairs,val_acc_diffs
uniform_plain - terminal_plain,retention,Movies,0.02699458599090576,0.034692789499974154,0.016891578833262127,0.039407441026202805,0.002485481171658291,0.00526974009047893,0.000565414021723147,0.01138139138093682,3,"[0.02429509162902832, 0.02639472484588623, 0.030293941497802734]"
uniform_plain - terminal_plain,retention,Toys,0.008456150690714518,0.011688895783569797,0.007328649361928304,0.012389119888128372,0.001231918126989321,0.003387474366959913,0.004327947481987679,0.0010230119842083586,3,"[0.00966411828994751, 0.008939385414123535, 0.00676494836807251]"
uniform_plain - terminal_plain,retention,Grocery,0.029477794965108235,0.04554053702883313,0.0300634503364563,0.05277631347377206,0.0004977282458599677,0.010454306277145033,0.0006016725396057818,0.005418749486668753,3,"[0.029282569885253906, 0.028989732265472412, 0.03016108274459839]"
uniform_plain - terminal_plain,retention,ele-fashion,0.042548815409342446,0.07281484809739398,0.04690303405125936,0.08980475194819526,0.0017537357938834303,0.011593840972658049,0.001448757100923126,0.009362285095568228,3,"[0.045003533363342285, 0.04101461172103882, 0.04162830114364624]"
uniform_plain - terminal_plain,retention,Reddit-S,0.014889379342397055,0.018592599917651016,0.023277759552001953,0.02554282984890192,0.0005931606974919409,0.004813094185172673,0.0015410401961252955,0.005409799422625612,3,"[0.01446998119354248, 0.014469921588897705, 0.015728235244750977]"
uniform_residual - terminal_residual,retention,Movies,0.027094582716623943,0.044641921851735766,0.020989497502644856,0.044904077525998454,0.00509211038259407,0.014527417560232351,0.005757340716417072,0.017108402495369546,3,"[0.03419315814971924, 0.02459508180618286, 0.022495508193969727]"
uniform_residual - terminal_residual,retention,Toys,0.011597017447153727,0.014847448260944382,0.007248123486836751,0.010507324043544042,0.0019024137408324214,0.0021099274319667646,0.0031315717838109177,0.001571869440871586,3,"[0.010630607604980469, 0.01425468921661377, 0.009905755519866943]"
uniform_residual - terminal_residual,retention,Grocery,0.028111279010772705,0.043305543428177974,0.027525603771209717,0.04079068581689108,0.0008620433679915677,0.012637623130725088,0.005871153059172223,0.009054817166306104,3,"[0.0284041166305542, 0.028989732265472412, 0.026939988136291504]"
uniform_residual - terminal_residual,retention,ele-fashion,0.03855985403060913,0.06237124799055416,0.04132288694381714,0.07070811565897794,0.0016258158869857694,0.007053141767061703,0.0009755054200312664,0.009293675499745845,3,"[0.03927582502365112, 0.036309659481048584, 0.040094077587127686]"
uniform_residual - terminal_residual,retention,Reddit-S,0.01698646942774455,0.021046987728231954,0.02673796812693278,0.03276370662026595,0.0011769782713139702,0.002552593628195971,0.00044484593708298285,0.0019033979781054383,3,"[0.015728235244750977, 0.01667189598083496, 0.018559277057647705]"
gpr_plain - uniform_plain,adaptive_response,Movies,0.0017996827761332195,0.00664644799545866,-0.0007995963096618652,-0.0018848169728683344,0.0025801742505299975,0.005210057159629686,0.004774633099507367,0.006485551058273332,2,"[-0.0014996528625488281, 0.004799067974090576, 0.00209963321685791]"
gpr_plain - uniform_plain,adaptive_response,Toys,-0.0006442864735921224,-0.0002872434042662982,-0.0008859038352966309,-0.0021821704634348293,0.00030135333596208907,0.0028749756225640638,0.0011890956272730983,0.0022358184873961565,0,"[-0.0002415776252746582, -0.0007248520851135254, -0.0009664297103881836]"
gpr_plain - uniform_plain,adaptive_response,Grocery,9.761253992716472e-05,0.0031526291493143197,-0.0011713107426961262,0.003532637655239516,0.0018103593560121185,0.022546079368862555,0.0020428050674791923,0.01242709692877037,1,"[0.0026354193687438965, -0.000878453254699707, -0.0014641284942626953]"
gpr_plain - uniform_plain,adaptive_response,ele-fashion,0.0040912628173828125,0.01144740313126813,0.004148205121358235,0.008168743999572828,0.0003011087903701978,0.005047476725364097,0.0018234234006640434,0.005754873521026229,3,"[0.004500389099121094, 0.0037844181060791016, 0.003988981246948242]"
gpr_plain - uniform_plain,adaptive_response,Reddit-S,0.0008388360341389974,0.0015033193484240333,0.00010484457015991211,0.001409689429613244,0.000646356905615714,0.001147433810298091,0.0011581432624424928,0.0029385366462038437,2,"[0.0, 0.0009437203407287598, 0.0015727877616882324]"
gpr_residual - uniform_residual,adaptive_response,Movies,0.0023995439211527505,-0.0069844536289220644,0.0019990007082621255,1.4289313525224964e-05,0.001489649629954235,0.009001134225252313,0.004660270119870474,0.005398393253619692,3,"[0.000299990177154541, 0.0032993555068969727, 0.0035992860794067383]"
gpr_residual - uniform_residual,adaptive_response,Toys,0.0,-0.00023025997041226098,0.0029797752698262534,0.004981055258586793,0.0013808771364237844,0.0030804794169390698,0.0017899960285085452,0.004615560583813264,1,"[-0.0016912221908569336, 0.0, 0.0016912221908569336]"
gpr_residual - uniform_residual,adaptive_response,Grocery,0.0010737180709838867,0.011573801928970432,0.0017569859822591145,0.007017161332043072,0.0019177083000639623,0.0077848602265052115,0.003135656649450691,0.00867272693950917,2,"[0.003513932228088379, 0.0008785128593444824, -0.0011712908744812012]"
gpr_residual - uniform_residual,adaptive_response,ele-fashion,0.002352476119995117,0.0028664588230732,0.0013069709142049153,-0.002787218783776598,0.0005845878678622154,0.00987560645753175,0.0006601528755718439,0.0060780729915229275,3,"[0.0031707286834716797, 0.0020456314086914062, 0.0018410682678222656]"
gpr_residual - uniform_residual,adaptive_response,Reddit-S,0.0010485450426737468,0.0043401788179956435,0.00010484457015991211,0.0009758931228384116,0.0009019786938458187,0.0030817236482472915,0.001266970017178207,0.003874242820990502,2,"[0.0022019147872924805, 0.0, 0.0009437203407287598]"
terminal_residual - terminal_plain,fusion,Movies,-0.0018996198972066243,0.007876331100249045,-0.003498236338297526,0.003982823420745592,0.0021114614948008494,0.011052772705027367,0.0031480188657130974,0.011679019455844621,1,"[-0.0023995637893676758, 0.0008998513221740723, -0.0041991472244262695]"
terminal_residual - terminal_plain,fusion,Toys,-0.004268348217010498,-0.005191062742423165,-0.0033019383748372397,-0.003772422944954316,0.0004556074324027645,0.0040495580361217315,0.0017790941748288696,0.003288727016156763,0,"[-0.004590511322021484, -0.004590511322021484, -0.0036240220069885254]"
terminal_residual - terminal_plain,fusion,Grocery,0.008394320805867514,0.01955334388922947,0.004197180271148682,0.024003135499322314,0.0020051349852607246,0.014007700565578091,0.0028323489049103005,0.008187295887999834,3,"[0.009663224220275879, 0.009956061840057373, 0.005563676357269287]"
terminal_residual - terminal_plain,fusion,ele-fashion,0.006409625212351481,0.017473952612527117,0.007625838120778401,0.02253330685038868,0.000268445205206841,0.0024363108605745597,0.0011281790505196902,0.0019794978057308156,3,"[0.006545960903167725, 0.0060346126556396484, 0.00664830207824707]"
terminal_residual - terminal_plain,fusion,Reddit-S,-0.000629127025604248,-0.001862239238938949,-0.0013631184895833333,0.00011470351153123708,0.0005136800653750985,0.0025179711373607663,0.0029545788225548903,0.005862875587964172,0,"[0.0, -0.000629127025604248, -0.001258254051208496]"
uniform_residual - uniform_plain,fusion,Movies,-0.001799623171488444,0.017825463452010654,0.0005996823310852051,0.009479459920541241,0.007984634748494307,0.0030270612983215417,0.006664496044287236,0.014886638532192987,1,"[0.007498502731323242, -0.0008997917175292969, -0.011997580528259277]"
uniform_residual - uniform_plain,fusion,Toys,-0.001127481460571289,-0.0020325102650485816,-0.0033824642499287925,-0.005654218789538645,0.0018329132468437167,0.004508041548468599,0.005811916019318239,0.001117160080182896,1,"[-0.0036240220069885254, 0.00072479248046875, -0.0004832148551940918]"
uniform_residual - uniform_plain,fusion,Grocery,0.007027804851531982,0.017318350288574313,0.0016593337059020996,0.01201750784244134,0.003347284194567244,0.0203961243510742,0.004177830193033547,0.010362838036736535,3,"[0.008784770965576172, 0.009956061840057373, 0.0023425817489624023]"
uniform_residual - uniform_plain,fusion,ele-fashion,0.002420663833618164,0.007030352505687287,0.0020456910133361816,0.003436670561171362,0.0019159412846627023,0.010334924233205568,0.0019046249742896736,0.008241827422885819,3,"[0.0008182525634765625, 0.001329660415649414, 0.005114078521728516]"
uniform_residual - uniform_plain,fusion,Reddit-S,0.0014679630597432454,0.0005921485716419891,0.0020970900853474936,0.007335580282895271,0.00014828666400736358,0.004443942428631873,0.003496547922802498,0.01018930895085206,3,"[0.001258254051208496, 0.0015728473663330078, 0.0015727877616882324]"
gpr_residual - gpr_plain,fusion,Movies,-0.0011997620264689128,0.004194561827629932,0.003398279349009196,0.0113785662069348,0.00812611702323197,0.015607617254085986,0.004164428460381432,0.007699815323912573,1,"[0.009298145771026611, -0.0023995041847229004, -0.01049792766571045]"
gpr_residual - gpr_plain,fusion,Toys,-0.0004831949869791667,-0.001975526831194544,0.0004832148551940918,0.0015090069324829776,0.003259412326225812,0.002619212663477453,0.006977330970452293,0.005797752054146495,2,"[-0.005073666572570801, 0.0014496445655822754, 0.0021744370460510254]"
gpr_residual - gpr_plain,fusion,Grocery,0.008003910382588705,0.025739523068230425,0.004587630430857341,0.015502031519244897,0.0038872341986796767,0.010434758610553947,0.004613474507859163,0.007437549877136432,3,"[0.009663283824920654, 0.011713027954101562, 0.0026354193687438965]"
gpr_residual - gpr_plain,fusion,ele-fashion,0.0006818771362304688,-0.001550591802507643,-0.0007955431938171387,-0.0075192922221780645,0.0016157754634698947,0.00469236199522704,0.0012039245745105356,0.003798501590655715,1,"[-0.0005114078521728516, -0.00040912628173828125, 0.002966165542602539]"
gpr_residual - gpr_plain,fusion,Reddit-S,0.0016776720682779949,0.0034290080412135993,0.0020970900853474936,0.006901783976120439,0.0012669420640191824,0.007096346786427615,0.002829129198787892,0.008308933205741944,3,"[0.0034601688385009766, 0.000629127025604248, 0.0009437203407287598]"
