dataset,variant,n_runs,trainable_params,peak_cuda_memory_mb,wall_clock_seconds,mean_epoch_seconds_proxy,mean_best_epoch,training_commit
Movies,h1r_dual_agg_signed,3,863252,1215,25.515296536963433,0.08890347225422798,65.66666666666667,9b9f1eb04cb7d83f55506f47b654905efe021d9b
Movies,h1r_dual_functional_signed,3,863252,1215,25.516555265057832,0.12758277632528917,36.666666666666664,9b9f1eb04cb7d83f55506f47b654905efe021d9b
Movies,h2a_global_scalar,3,730646,1105,31.585244933143258,0.11121565117303964,64.66666666666667,9b9f1eb04cb7d83f55506f47b654905efe021d9b
Movies,h2a_node_scalar,3,767768,1123,24.460804742062464,0.08552728930791072,65.33333333333333,9b9f1eb04cb7d83f55506f47b654905efe021d9b
Movies,h2a_global_group,3,730660,1105,25.47760811401531,0.07697162572210063,80.33333333333333,9b9f1eb04cb7d83f55506f47b654905efe021d9b
Movies,h2a_node_group,3,768244,1123,31.603600695030764,0.11327455446247585,63.0,9b9f1eb04cb7d83f55506f47b654905efe021d9b
Movies,h2b_global_agg_correction,3,863254,1213,23.454306398984045,0.0885068165999398,58.333333333333336,9b9f1eb04cb7d83f55506f47b654905efe021d9b
Movies,h2b_global_diff_correction,3,863254,1213,26.511035126866773,0.11678870099941309,45.666666666666664,9b9f1eb04cb7d83f55506f47b654905efe021d9b
Movies,h2b_node_agg_correction,3,918872,1255,24.429818662116304,0.09014693233253249,60.333333333333336,9b9f1eb04cb7d83f55506f47b654905efe021d9b
Movies,h2b_node_diff_correction,3,918872,1255,27.512201093835756,0.121199123761391,45.666666666666664,9b9f1eb04cb7d83f55506f47b654905efe021d9b
Movies,p0_residual_reference,3,730644,1069,28.55222977208905,0.1102402693903052,56.333333333333336,e5c39c14315fcdaaf1e5e9d085f6538e4380a795
Grocery,h1r_dual_agg_signed,3,863252,1225,32.592707766219974,0.07910851399567954,107.33333333333333,9b9f1eb04cb7d83f55506f47b654905efe021d9b
Grocery,h1r_dual_functional_signed,3,863252,1225,30.569549525156617,0.11802914874577844,56.333333333333336,9b9f1eb04cb7d83f55506f47b654905efe021d9b
Grocery,h2a_global_scalar,3,730646,1113,32.58142925193533,0.07354724436102784,117.66666666666667,9b9f1eb04cb7d83f55506f47b654905efe021d9b
Grocery,h2a_node_scalar,3,767768,1133,44.82845437899232,0.10473937939016897,112.66666666666667,9b9f1eb04cb7d83f55506f47b654905efe021d9b
Grocery,h2a_global_group,3,730660,1113,29.553408842999488,0.07462982031060476,102.0,9b9f1eb04cb7d83f55506f47b654905efe021d9b
Grocery,h2a_node_group,3,768244,1133,28.539138593012467,0.08200901894543812,86.0,9b9f1eb04cb7d83f55506f47b654905efe021d9b
Grocery,h2b_global_agg_correction,3,863254,1223,50.93829022999853,0.1081492361571094,127.0,9b9f1eb04cb7d83f55506f47b654905efe021d9b
Grocery,h2b_global_diff_correction,3,863254,1223,29.54874054901302,0.079432098250035,94.0,9b9f1eb04cb7d83f55506f47b654905efe021d9b
Grocery,h2b_node_agg_correction,3,918872,1261,44.81319992314093,0.11259597970638424,102.66666666666667,9b9f1eb04cb7d83f55506f47b654905efe021d9b
Grocery,h2b_node_diff_correction,3,918872,1261,32.60695635690354,0.08254925659975579,101.66666666666667,9b9f1eb04cb7d83f55506f47b654905efe021d9b
Grocery,p0_residual_reference,3,730644,1077,37.697588509880006,0.10679203543875355,87.66666666666667,e5c39c14315fcdaaf1e5e9d085f6538e4380a795
ele-fashion,h1r_dual_agg_signed,3,730124,4645,149.72433922998607,0.29473295124013005,139.33333333333334,9b9f1eb04cb7d83f55506f47b654905efe021d9b
ele-fashion,h1r_dual_functional_signed,3,730124,4645,140.5487755278591,0.3925943450498858,89.33333333333333,9b9f1eb04cb7d83f55506f47b654905efe021d9b
ele-fashion,h2a_global_scalar,3,597518,4019,160.85192002984695,0.3566561419730531,120.33333333333333,9b9f1eb04cb7d83f55506f47b654905efe021d9b
ele-fashion,h2a_node_scalar,3,634640,4021,135.38413827400655,0.2686193219722352,138.0,9b9f1eb04cb7d83f55506f47b654905efe021d9b
ele-fashion,h2a_global_group,3,597532,4017,121.20637110294774,0.2693474913398839,120.0,9b9f1eb04cb7d83f55506f47b654905efe021d9b
ele-fashion,h2a_node_group,3,635116,4019,191.38794106594287,0.36110932276592994,146.66666666666666,9b9f1eb04cb7d83f55506f47b654905efe021d9b
ele-fashion,h2b_global_agg_correction,3,730126,4599,140.46138369105756,0.29446830962485865,129.0,9b9f1eb04cb7d83f55506f47b654905efe021d9b
ele-fashion,h2b_global_diff_correction,3,730126,4599,164.92733159894124,0.3898991290755112,111.0,9b9f1eb04cb7d83f55506f47b654905efe021d9b
ele-fashion,h2b_node_agg_correction,3,785744,4733,145.53118546493351,0.30573778459019646,128.66666666666666,9b9f1eb04cb7d83f55506f47b654905efe021d9b
ele-fashion,h2b_node_diff_correction,3,785744,4733,163.8468038130086,0.4006034323056445,106.33333333333333,9b9f1eb04cb7d83f55506f47b654905efe021d9b
ele-fashion,p0_residual_reference,3,597516,3835,126.21968319499865,0.25864689179303,132.66666666666666,e5c39c14315fcdaaf1e5e9d085f6538e4380a795
Reddit-S,h1r_dual_agg_signed,3,863252,1161,23.416822389001027,0.08216428908421412,65.0,9b9f1eb04cb7d83f55506f47b654905efe021d9b
Reddit-S,h1r_dual_functional_signed,3,863252,1157,26.460850798990577,0.08141800245843255,78.33333333333333,9b9f1eb04cb7d83f55506f47b654905efe021d9b
Reddit-S,h2a_global_scalar,3,730646,1045,22.404930975055322,0.07620724821447389,68.0,9b9f1eb04cb7d83f55506f47b654905efe021d9b
Reddit-S,h2a_node_scalar,3,767768,1063,23.478129914961755,0.07826043304987251,70.0,9b9f1eb04cb7d83f55506f47b654905efe021d9b
Reddit-S,h2a_global_group,3,730660,1045,25.485675039002672,0.07430225958892907,84.33333333333333,9b9f1eb04cb7d83f55506f47b654905efe021d9b
Reddit-S,h2a_node_group,3,768244,1063,26.494870640104637,0.07724452081663159,84.33333333333333,9b9f1eb04cb7d83f55506f47b654905efe021d9b
Reddit-S,h2b_global_agg_correction,3,863254,1145,31.56766678695567,0.11605759848145467,60.666666666666664,9b9f1eb04cb7d83f55506f47b654905efe021d9b
Reddit-S,h2b_global_diff_correction,3,863254,1145,21.437703120987862,0.08969750259827558,49.666666666666664,9b9f1eb04cb7d83f55506f47b654905efe021d9b
Reddit-S,h2b_node_agg_correction,3,918872,1177,34.62968854000792,0.11353996242625547,71.66666666666667,9b9f1eb04cb7d83f55506f47b654905efe021d9b
Reddit-S,h2b_node_diff_correction,3,918872,1181,27.511628644075245,0.08961442555073369,72.33333333333333,9b9f1eb04cb7d83f55506f47b654905efe021d9b
Reddit-S,p0_residual_reference,3,730644,1015,20.384681078838184,0.07721470105620525,58.0,e5c39c14315fcdaaf1e5e9d085f6538e4380a795
