dataset,seed,variant,val_acc,val_macro_f1,true_label_ce,checkpoint_best_epoch,trainable_params
Movies,42,h2a_global_scalar,0.5602879524230957,0.48538593837739513,1.5142849683761597,63,730646
Movies,43,h2a_global_scalar,0.5632873177528381,0.4937772233336033,1.5530766248703003,65,730646
Movies,44,h2a_global_scalar,0.5536892414093018,0.46496879439799665,1.528382658958435,66,730646
Movies,42,h2a_node_scalar,0.5599879622459412,0.47651803875568677,1.5048909187316895,59,767768
Movies,43,h2a_node_scalar,0.5560887455940247,0.4691888752215351,1.5123058557510376,63,767768
Movies,44,h2a_node_scalar,0.5602879524230957,0.46523305247180274,1.659741759300232,74,767768
Movies,42,h2a_global_group,0.557888388633728,0.4618937901306376,1.5759525299072266,67,730660
Movies,43,h2a_global_group,0.5620875358581543,0.4819330869085302,1.8586598634719849,93,730660
Movies,44,h2a_global_group,0.548890233039856,0.45950695442166295,1.819705605506897,81,730660
Movies,42,h2a_node_group,0.5572885274887085,0.4642502062141907,1.4676352739334106,56,768244
Movies,43,h2a_node_group,0.5569885969161987,0.47004274842753613,1.5068172216415405,63,768244
Movies,44,h2a_node_group,0.5602879524230957,0.4812156698383675,1.5507960319519043,70,768244
Grocery,42,h2a_global_scalar,0.8278184533119202,0.7642878383155021,1.2627158164978027,155,730646
Grocery,43,h2a_global_scalar,0.8284041285514832,0.7588399625774623,1.0460702180862427,117,730646
Grocery,44,h2a_global_scalar,0.8251830339431763,0.7486294949847816,0.7947283983230591,81,730646
Grocery,42,h2a_node_scalar,0.826061487197876,0.7611244032671658,1.184428334236145,151,767768
Grocery,43,h2a_node_scalar,0.8278184533119202,0.7593569733868881,0.94480961561203,103,767768
Grocery,44,h2a_node_scalar,0.8240117430686951,0.7538278871637244,0.8896719813346863,84,767768
Grocery,42,h2a_global_group,0.8257687091827393,0.7626618604674549,1.0297961235046387,119,730660
Grocery,43,h2a_global_group,0.827232837677002,0.7586788880436242,0.987320601940155,105,730660
Grocery,44,h2a_global_group,0.8286969661712646,0.7489142080750191,0.8250399827957153,82,730660
Grocery,42,h2a_node_group,0.8245973587036133,0.7590480597538733,0.9499292373657227,98,768244
Grocery,43,h2a_node_group,0.8231332302093506,0.7532985686451035,0.8489504456520081,79,768244
Grocery,44,h2a_node_group,0.826061487197876,0.7602815216533657,0.8139727711677551,81,768244
ele-fashion,42,h2a_global_scalar,0.878797173500061,0.763403982948212,0.4525461792945862,127,597518
ele-fashion,43,h2a_global_scalar,0.8788994550704956,0.7642510689100668,0.4570979177951813,132,597518
ele-fashion,44,h2a_global_scalar,0.8782857656478882,0.7548150842033201,0.4182288348674774,102,597518
ele-fashion,42,h2a_node_scalar,0.8829907178878784,0.7719820224426134,0.5121729969978333,162,634640
ele-fashion,43,h2a_node_scalar,0.8810473680496216,0.7681685370825323,0.4807299077510834,144,634640
ele-fashion,44,h2a_node_scalar,0.8805359601974487,0.7592063487268156,0.42927098274230957,108,634640
ele-fashion,42,h2a_global_group,0.8796154260635376,0.7630273460828533,0.4360398054122925,115,597532
ele-fashion,43,h2a_global_group,0.8793085813522339,0.7570084999748609,0.5151897072792053,143,597532
ele-fashion,44,h2a_global_group,0.8779789209365845,0.7492041192465316,0.4282112717628479,102,597532
ele-fashion,42,h2a_node_group,0.8813542127609253,0.7653096239809245,0.5168005228042603,165,635116
ele-fashion,43,h2a_node_group,0.8803313970565796,0.7719167252772831,0.4958574175834656,158,635116
ele-fashion,44,h2a_node_group,0.8798199892044067,0.743162033115605,0.45418137311935425,117,635116
Reddit-S,42,h2a_global_scalar,0.9587920904159546,0.9139797054052703,0.16354109346866608,40,730646
Reddit-S,43,h2a_global_scalar,0.9609940052032471,0.9233264840093186,0.21680326759815216,81,730646
Reddit-S,44,h2a_global_scalar,0.9616231322288513,0.9242479785046152,0.24551422894001007,83,730646
Reddit-S,42,h2a_node_scalar,0.9613085985183716,0.9269082203690845,0.20106397569179535,65,767768
Reddit-S,43,h2a_node_scalar,0.9613085985183716,0.9252734121582412,0.22593918442726135,79,767768
Reddit-S,44,h2a_node_scalar,0.9594212174415588,0.9206358964536809,0.21783742308616638,66,767768
Reddit-S,42,h2a_global_group,0.9613085985183716,0.9236663594683143,0.25062304735183716,129,730660
Reddit-S,43,h2a_global_group,0.9603648781776428,0.9216713924631976,0.1580626219511032,41,730660
Reddit-S,44,h2a_global_group,0.9613085985183716,0.9239603204172259,0.24538853764533997,83,730660
Reddit-S,42,h2a_node_group,0.9603648781776428,0.9208009726641905,0.2650633454322815,131,768244
Reddit-S,43,h2a_node_group,0.9622522592544556,0.9253828510239547,0.21640019118785858,74,768244
Reddit-S,44,h2a_node_group,0.9578483700752258,0.9216452130285934,0.18286465108394623,48,768244
Movies,42,p0_residual_reference,0.5530893802642822,0.47542943555548833,1.4596692323684692,historical,historical
Movies,43,p0_residual_reference,0.5605878829956055,0.462557240656613,1.4580662250518799,historical,historical
Movies,44,p0_residual_reference,0.557888388633728,0.45941573038086714,1.453421711921692,historical,historical
Grocery,42,p0_residual_reference,0.8278184533119202,0.760921860925219,0.8830970525741577,historical,historical
Grocery,43,p0_residual_reference,0.8207906484603882,0.73715103495922,0.8354629278182983,historical,historical
Grocery,44,p0_residual_reference,0.8234260678291321,0.7446565863316936,0.8702856302261353,historical,historical
ele-fashion,42,p0_residual_reference,0.8790017366409302,0.7593586763289192,0.44450777769088745,historical,historical
ele-fashion,43,p0_residual_reference,0.8813542127609253,0.7653015783806585,0.5160424113273621,historical,historical
ele-fashion,44,p0_residual_reference,0.8781834840774536,0.7595107509706839,0.4081043004989624,historical,historical
Reddit-S,42,p0_residual_reference,0.9622522592544556,0.9216290904385909,0.23358289897441864,historical,historical
Reddit-S,43,p0_residual_reference,0.9594212174415588,0.918350159607941,0.18349644541740417,historical,historical
Reddit-S,44,p0_residual_reference,0.9587920904159546,0.9170097017536583,0.17945939302444458,historical,historical
