dataset,seed,contrast,left_variant,right_variant,delta_val_acc,delta_val_macro_f1,delta_true_label_ce,mean_delta_val_acc,population_std_delta_val_acc,positive_seed_pairs_delta_val_acc,mean_delta_val_macro_f1,population_std_delta_val_macro_f1,positive_seed_pairs_delta_val_macro_f1,mean_delta_true_label_ce,population_std_delta_true_label_ce,positive_seed_pairs_delta_true_label_ce
Movies,42,h2b_global_diff_minus_global_agg,h2b_global_agg_correction,h2b_global_diff_correction,-0.015596866607666016,-0.041198391132780454,-0.0049980878829956055,NA,NA,NA,NA,NA,NA,NA,NA,NA
Movies,43,h2b_global_diff_minus_global_agg,h2b_global_agg_correction,h2b_global_diff_correction,-0.011397719383239746,0.003727466098333909,0.04697239398956299,NA,NA,NA,NA,NA,NA,NA,NA,NA
Movies,44,h2b_global_diff_minus_global_agg,h2b_global_agg_correction,h2b_global_diff_correction,-0.00659865140914917,-0.05718994673334532,-0.14458441734313965,NA,NA,NA,NA,NA,NA,NA,NA,NA
Grocery,42,h2b_global_diff_minus_global_agg,h2b_global_agg_correction,h2b_global_diff_correction,-0.008784770965576172,-0.019001605310636882,0.17148375511169434,NA,NA,NA,NA,NA,NA,NA,NA,NA
Grocery,43,h2b_global_diff_minus_global_agg,h2b_global_agg_correction,h2b_global_diff_correction,-0.008199155330657959,-0.02690729419442306,-0.46878349781036377,NA,NA,NA,NA,NA,NA,NA,NA,NA
Grocery,44,h2b_global_diff_minus_global_agg,h2b_global_agg_correction,h2b_global_diff_correction,-0.002049744129180908,0.007904590637130005,0.11242556571960449,NA,NA,NA,NA,NA,NA,NA,NA,NA
ele-fashion,42,h2b_global_diff_minus_global_agg,h2b_global_agg_correction,h2b_global_diff_correction,-0.0011250972747802734,-0.00939006932055586,0.008619815111160278,NA,NA,NA,NA,NA,NA,NA,NA,NA
ele-fashion,43,h2b_global_diff_minus_global_agg,h2b_global_agg_correction,h2b_global_diff_correction,-0.0034775733947753906,-0.007357140087131064,0.0066336989402771,NA,NA,NA,NA,NA,NA,NA,NA,NA
ele-fashion,44,h2b_global_diff_minus_global_agg,h2b_global_agg_correction,h2b_global_diff_correction,-0.0017387866973876953,-0.004519531244537522,0.023949861526489258,NA,NA,NA,NA,NA,NA,NA,NA,NA
Reddit-S,42,h2b_global_diff_minus_global_agg,h2b_global_agg_correction,h2b_global_diff_correction,-0.001258254051208496,-0.0007482201384272358,-0.04126308858394623,NA,NA,NA,NA,NA,NA,NA,NA,NA
Reddit-S,43,h2b_global_diff_minus_global_agg,h2b_global_agg_correction,h2b_global_diff_correction,-0.0003145933151245117,0.0002040943160604991,-0.010733798146247864,NA,NA,NA,NA,NA,NA,NA,NA,NA
Reddit-S,44,h2b_global_diff_minus_global_agg,h2b_global_agg_correction,h2b_global_diff_correction,-0.0015728473663330078,0.001756157510913292,-0.006589338183403015,NA,NA,NA,NA,NA,NA,NA,NA,NA
ALL,ALL,h2b_global_diff_minus_global_agg,h2b_global_agg_correction,h2b_global_diff_correction,NA,NA,NA,-0.005176171660423279,0.004693417196001815,0,NA,NA,NA,NA,NA,NA
ALL,ALL,h2b_global_diff_minus_global_agg,h2b_global_agg_correction,h2b_global_diff_correction,NA,NA,NA,NA,NA,NA,-0.012726657466616642,0.019044326385584537,4,NA,NA,NA
ALL,ALL,h2b_global_diff_minus_global_agg,h2b_global_agg_correction,h2b_global_diff_correction,NA,NA,NA,NA,NA,NA,NA,NA,NA,-0.025572261462608974,0.15265595494917994,6
Movies,42,h2b_node_diff_minus_node_agg,h2b_node_agg_correction,h2b_node_diff_correction,-0.03929215669631958,-0.08471241925612533,0.0595400333404541,NA,NA,NA,NA,NA,NA,NA,NA,NA
Movies,43,h2b_node_diff_minus_node_agg,h2b_node_agg_correction,h2b_node_diff_correction,-0.035092949867248535,-0.07795736362377115,0.13247084617614746,NA,NA,NA,NA,NA,NA,NA,NA,NA
Movies,44,h2b_node_diff_minus_node_agg,h2b_node_agg_correction,h2b_node_diff_correction,-0.04079180955886841,-0.07533411480008395,0.16319060325622559,NA,NA,NA,NA,NA,NA,NA,NA,NA
Grocery,42,h2b_node_diff_minus_node_agg,h2b_node_agg_correction,h2b_node_diff_correction,-0.01405566930770874,-0.012936255316701506,0.4902673363685608,NA,NA,NA,NA,NA,NA,NA,NA,NA
Grocery,43,h2b_node_diff_minus_node_agg,h2b_node_agg_correction,h2b_node_diff_correction,-0.011420190334320068,-0.008024988582263415,0.39314335584640503,NA,NA,NA,NA,NA,NA,NA,NA,NA
Grocery,44,h2b_node_diff_minus_node_agg,h2b_node_agg_correction,h2b_node_diff_correction,-0.018155217170715332,-0.026277888069615618,0.18110835552215576,NA,NA,NA,NA,NA,NA,NA,NA,NA
ele-fashion,42,h2b_node_diff_minus_node_agg,h2b_node_agg_correction,h2b_node_diff_correction,-0.004500329494476318,0.011108590278980701,0.03708064556121826,NA,NA,NA,NA,NA,NA,NA,NA,NA
ele-fashion,43,h2b_node_diff_minus_node_agg,h2b_node_agg_correction,h2b_node_diff_correction,-0.002352416515350342,0.0031264350220052695,0.08914467692375183,NA,NA,NA,NA,NA,NA,NA,NA,NA
ele-fashion,44,h2b_node_diff_minus_node_agg,h2b_node_agg_correction,h2b_node_diff_correction,-0.0014319419860839844,-0.008573132404832151,0.04712784290313721,NA,NA,NA,NA,NA,NA,NA,NA,NA
Reddit-S,42,h2b_node_diff_minus_node_agg,h2b_node_agg_correction,h2b_node_diff_correction,-0.003460228443145752,-0.008343622759502622,0.04229001700878143,NA,NA,NA,NA,NA,NA,NA,NA,NA
Reddit-S,43,h2b_node_diff_minus_node_agg,h2b_node_agg_correction,h2b_node_diff_correction,-0.0031456351280212402,-0.008073394336792994,-0.012170761823654175,NA,NA,NA,NA,NA,NA,NA,NA,NA
Reddit-S,44,h2b_node_diff_minus_node_agg,h2b_node_agg_correction,h2b_node_diff_correction,-0.001258254051208496,-0.001226651479296792,-0.015312567353248596,NA,NA,NA,NA,NA,NA,NA,NA,NA
ALL,ALL,h2b_node_diff_minus_node_agg,h2b_node_agg_correction,h2b_node_diff_correction,NA,NA,NA,-0.0145797332127889,0.014712296947025803,0,NA,NA,NA,NA,NA,NA
ALL,ALL,h2b_node_diff_minus_node_agg,h2b_node_agg_correction,h2b_node_diff_correction,NA,NA,NA,NA,NA,NA,-0.024768733777333296,0.03270084125519186,2,NA,NA,NA
ALL,ALL,h2b_node_diff_minus_node_agg,h2b_node_agg_correction,h2b_node_diff_correction,NA,NA,NA,NA,NA,NA,NA,NA,NA,0.13399003197749457,0.1510305141322751,10
Movies,42,h2b_node_diff_minus_global_diff,h2b_global_diff_correction,h2b_node_diff_correction,-0.02459508180618286,-0.02819624027775086,0.1501293182373047,NA,NA,NA,NA,NA,NA,NA,NA,NA
Movies,43,h2b_node_diff_minus_global_diff,h2b_global_diff_correction,h2b_node_diff_correction,-0.01529693603515625,-0.05113387866619412,0.16483008861541748,NA,NA,NA,NA,NA,NA,NA,NA,NA
Movies,44,h2b_node_diff_minus_global_diff,h2b_global_diff_correction,h2b_node_diff_correction,-0.02699458599090576,0.0011288338850606316,0.1344691514968872,NA,NA,NA,NA,NA,NA,NA,NA,NA
Grocery,42,h2b_node_diff_minus_global_diff,h2b_global_diff_correction,h2b_node_diff_correction,-0.005856513977050781,0.004955966563194747,0.11822283267974854,NA,NA,NA,NA,NA,NA,NA,NA,NA
Grocery,43,h2b_node_diff_minus_global_diff,h2b_global_diff_correction,h2b_node_diff_correction,-0.01083451509475708,-0.007688825969074942,0.466796875,NA,NA,NA,NA,NA,NA,NA,NA,NA
Grocery,44,h2b_node_diff_minus_global_diff,h2b_global_diff_correction,h2b_node_diff_correction,-0.012884378433227539,-0.009299935247091606,0.3149237632751465,NA,NA,NA,NA,NA,NA,NA,NA,NA
ele-fashion,42,h2b_node_diff_minus_global_diff,h2b_global_diff_correction,h2b_node_diff_correction,-0.0032729506492614746,0.008355241011260395,0.05260264873504639,NA,NA,NA,NA,NA,NA,NA,NA,NA
ele-fashion,43,h2b_node_diff_minus_global_diff,h2b_global_diff_correction,h2b_node_diff_correction,-0.002454698085784912,-0.0027985313578795523,0.04778552055358887,NA,NA,NA,NA,NA,NA,NA,NA,NA
ele-fashion,44,h2b_node_diff_minus_global_diff,h2b_global_diff_correction,h2b_node_diff_correction,0.0010228157043457031,0.004934767619675928,0.03541618585586548,NA,NA,NA,NA,NA,NA,NA,NA,NA
Reddit-S,42,h2b_node_diff_minus_global_diff,h2b_global_diff_correction,h2b_node_diff_correction,-0.001258254051208496,-0.004885511989702773,0.07680635154247284,NA,NA,NA,NA,NA,NA,NA,NA,NA
Reddit-S,43,h2b_node_diff_minus_global_diff,h2b_global_diff_correction,h2b_node_diff_correction,-0.005347549915313721,-0.012280140849238563,0.03990234434604645,NA,NA,NA,NA,NA,NA,NA,NA,NA
Reddit-S,44,h2b_node_diff_minus_global_diff,h2b_global_diff_correction,h2b_node_diff_correction,-0.0018873810768127441,-0.00671436122300606,0.006194636225700378,NA,NA,NA,NA,NA,NA,NA,NA,NA
ALL,ALL,h2b_node_diff_minus_global_diff,h2b_global_diff_correction,h2b_node_diff_correction,NA,NA,NA,-0.009138335784276327,0.008825767602444842,1,NA,NA,NA,NA,NA,NA
ALL,ALL,h2b_node_diff_minus_global_diff,h2b_global_diff_correction,h2b_node_diff_correction,NA,NA,NA,NA,NA,NA,-0.008635218041728898,0.015832684631006365,4,NA,NA,NA
ALL,ALL,h2b_node_diff_minus_global_diff,h2b_global_diff_correction,h2b_node_diff_correction,NA,NA,NA,NA,NA,NA,NA,NA,NA,0.1340066430469354,0.12818732480363923,12
Movies,42,h2b_node_agg_minus_global_agg,h2b_global_agg_correction,h2b_node_agg_correction,-0.0008997917175292969,0.01531778784559401,0.08559119701385498,NA,NA,NA,NA,NA,NA,NA,NA,NA
Movies,43,h2b_node_agg_minus_global_agg,h2b_global_agg_correction,h2b_node_agg_correction,0.008398294448852539,0.030550951055910935,0.07933163642883301,NA,NA,NA,NA,NA,NA,NA,NA,NA
Movies,44,h2b_node_agg_minus_global_agg,h2b_global_agg_correction,h2b_node_agg_correction,0.0071985721588134766,0.019273001951799262,-0.17330586910247803,NA,NA,NA,NA,NA,NA,NA,NA,NA
Grocery,42,h2b_node_agg_minus_global_agg,h2b_global_agg_correction,h2b_node_agg_correction,-0.0005856156349182129,-0.0011093834307406292,-0.20056074857711792,NA,NA,NA,NA,NA,NA,NA,NA,NA
Grocery,43,h2b_node_agg_minus_global_agg,h2b_global_agg_correction,h2b_node_agg_correction,-0.007613480091094971,-0.026571131581234586,-0.3951299786567688,NA,NA,NA,NA,NA,NA,NA,NA,NA
Grocery,44,h2b_node_agg_minus_global_agg,h2b_global_agg_correction,h2b_node_agg_correction,0.0032210946083068848,0.024882543459654016,0.24624097347259521,NA,NA,NA,NA,NA,NA,NA,NA,NA
ele-fashion,42,h2b_node_agg_minus_global_agg,h2b_global_agg_correction,h2b_node_agg_correction,0.00010228157043457031,-0.012143418588276167,0.024141818284988403,NA,NA,NA,NA,NA,NA,NA,NA,NA
ele-fashion,43,h2b_node_agg_minus_global_agg,h2b_global_agg_correction,h2b_node_agg_correction,-0.003579854965209961,-0.013282106467015886,-0.034725457429885864,NA,NA,NA,NA,NA,NA,NA,NA,NA
ele-fashion,44,h2b_node_agg_minus_global_agg,h2b_global_agg_correction,h2b_node_agg_correction,0.0007159709930419922,0.008988368779970557,0.01223820447921753,NA,NA,NA,NA,NA,NA,NA,NA,NA
Reddit-S,42,h2b_node_agg_minus_global_agg,h2b_global_agg_correction,h2b_node_agg_correction,0.0009437203407287598,0.0027098906313726134,-0.006746754050254822,NA,NA,NA,NA,NA,NA,NA,NA,NA
Reddit-S,43,h2b_node_agg_minus_global_agg,h2b_global_agg_correction,h2b_node_agg_correction,-0.002516508102416992,-0.00400265219638507,0.04133930802345276,NA,NA,NA,NA,NA,NA,NA,NA,NA
Reddit-S,44,h2b_node_agg_minus_global_agg,h2b_global_agg_correction,h2b_node_agg_correction,-0.002201974391937256,-0.003731552232795976,0.01491786539554596,NA,NA,NA,NA,NA,NA,NA,NA,NA
ALL,ALL,h2b_node_agg_minus_global_agg,h2b_global_agg_correction,h2b_node_agg_correction,NA,NA,NA,0.00026522576808929443,0.0042466683465470605,6,NA,NA,NA,NA,NA,NA
ALL,ALL,h2b_node_agg_minus_global_agg,h2b_global_agg_correction,h2b_node_agg_correction,NA,NA,NA,NA,NA,NA,0.0034068582689877566,0.01624940339552056,6,NA,NA,NA
ALL,ALL,h2b_node_agg_minus_global_agg,h2b_global_agg_correction,h2b_node_agg_correction,NA,NA,NA,NA,NA,NA,NA,NA,NA,-0.025555650393168133,0.15724704018000457,7
Movies,42,h2b_node_diff_minus_p0_residual,p0_residual_reference,h2b_node_diff_correction,-0.035392940044403076,-0.09484027357338287,0.14130783081054688,NA,NA,NA,NA,NA,NA,NA,NA,NA
Movies,43,h2b_node_diff_minus_p0_residual,p0_residual_reference,h2b_node_diff_correction,-0.03389322757720947,-0.0761773553328084,0.1895740032196045,NA,NA,NA,NA,NA,NA,NA,NA,NA
Movies,44,h2b_node_diff_minus_p0_residual,p0_residual_reference,h2b_node_diff_correction,-0.04079180955886841,-0.08405098775777403,0.12483811378479004,NA,NA,NA,NA,NA,NA,NA,NA,NA
Grocery,42,h2b_node_diff_minus_p0_residual,p0_residual_reference,h2b_node_diff_correction,-0.016398251056671143,-0.016152475288133794,0.49384093284606934,NA,NA,NA,NA,NA,NA,NA,NA,NA
Grocery,43,h2b_node_diff_minus_p0_residual,p0_residual_reference,h2b_node_diff_correction,-0.012884318828582764,-0.010992161514482901,0.39255452156066895,NA,NA,NA,NA,NA,NA,NA,NA,NA
Grocery,44,h2b_node_diff_minus_p0_residual,p0_residual_reference,h2b_node_diff_correction,-0.016398251056671143,-0.008491414636999983,0.4027904272079468,NA,NA,NA,NA,NA,NA,NA,NA,NA
ele-fashion,42,h2b_node_diff_minus_p0_residual,p0_residual_reference,h2b_node_diff_correction,-0.004295766353607178,0.0031756749273509355,0.0579562783241272,NA,NA,NA,NA,NA,NA,NA,NA,NA
ele-fashion,43,h2b_node_diff_minus_p0_residual,p0_residual_reference,h2b_node_diff_correction,-0.005318582057952881,0.002108311985883904,0.006654322147369385,NA,NA,NA,NA,NA,NA,NA,NA,NA
ele-fashion,44,h2b_node_diff_minus_p0_residual,p0_residual_reference,h2b_node_diff_correction,0.00020456314086914062,0.0074463739434851295,0.08724185824394226,NA,NA,NA,NA,NA,NA,NA,NA,NA
Reddit-S,42,h2b_node_diff_minus_p0_residual,p0_residual_reference,h2b_node_diff_correction,-0.0037747621536254883,-0.005149950554440785,0.03363756835460663,NA,NA,NA,NA,NA,NA,NA,NA,NA
Reddit-S,43,h2b_node_diff_minus_p0_residual,p0_residual_reference,h2b_node_diff_correction,-0.0018873810768127441,-0.0029772423306992923,0.05546146631240845,NA,NA,NA,NA,NA,NA,NA,NA,NA
Reddit-S,44,h2b_node_diff_minus_p0_residual,p0_residual_reference,h2b_node_diff_correction,-0.0015728473663330078,0.0005277836391719415,0.007838279008865356,NA,NA,NA,NA,NA,NA,NA,NA,NA
ALL,ALL,h2b_node_diff_minus_p0_residual,p0_residual_reference,h2b_node_diff_correction,NA,NA,NA,-0.01436696449915568,0.014021844217089513,1,NA,NA,NA,NA,NA,NA
ALL,ALL,h2b_node_diff_minus_p0_residual,p0_residual_reference,h2b_node_diff_correction,NA,NA,NA,NA,NA,NA,-0.023797809707735845,0.036085181199484874,4,NA,NA,NA
ALL,ALL,h2b_node_diff_minus_p0_residual,p0_residual_reference,h2b_node_diff_correction,NA,NA,NA,NA,NA,NA,NA,NA,NA,0.16614130015174547,0.1622130490810057,12
Movies,42,h2b_node_agg_minus_p0_residual,p0_residual_reference,h2b_node_agg_correction,0.003899216651916504,-0.010127854317257545,0.08176779747009277,NA,NA,NA,NA,NA,NA,NA,NA,NA
Movies,43,h2b_node_agg_minus_p0_residual,p0_residual_reference,h2b_node_agg_correction,0.0011997222900390625,0.0017800082909627535,0.05710315704345703,NA,NA,NA,NA,NA,NA,NA,NA,NA
Movies,44,h2b_node_agg_minus_p0_residual,p0_residual_reference,h2b_node_agg_correction,0.0,-0.00871687295769008,-0.03835248947143555,NA,NA,NA,NA,NA,NA,NA,NA,NA
Grocery,42,h2b_node_agg_minus_p0_residual,p0_residual_reference,h2b_node_agg_correction,-0.0023425817489624023,-0.003216219971432288,0.003573596477508545,NA,NA,NA,NA,NA,NA,NA,NA,NA
Grocery,43,h2b_node_agg_minus_p0_residual,p0_residual_reference,h2b_node_agg_correction,-0.0014641284942626953,-0.002967172932219486,-0.000588834285736084,NA,NA,NA,NA,NA,NA,NA,NA,NA
Grocery,44,h2b_node_agg_minus_p0_residual,p0_residual_reference,h2b_node_agg_correction,0.0017569661140441895,0.017786473432615635,0.22168207168579102,NA,NA,NA,NA,NA,NA,NA,NA,NA
ele-fashion,42,h2b_node_agg_minus_p0_residual,p0_residual_reference,h2b_node_agg_correction,0.00020456314086914062,-0.007932915351629766,0.020875632762908936,NA,NA,NA,NA,NA,NA,NA,NA,NA
ele-fashion,43,h2b_node_agg_minus_p0_residual,p0_residual_reference,h2b_node_agg_correction,-0.002966165542602539,-0.0010181230361213656,-0.08249035477638245,NA,NA,NA,NA,NA,NA,NA,NA,NA
ele-fashion,44,h2b_node_agg_minus_p0_residual,p0_residual_reference,h2b_node_agg_correction,0.001636505126953125,0.01601950634831728,0.040114015340805054,NA,NA,NA,NA,NA,NA,NA,NA,NA
Reddit-S,42,h2b_node_agg_minus_p0_residual,p0_residual_reference,h2b_node_agg_correction,-0.00031453371047973633,0.003193672205061837,-0.008652448654174805,NA,NA,NA,NA,NA,NA,NA,NA,NA
Reddit-S,43,h2b_node_agg_minus_p0_residual,p0_residual_reference,h2b_node_agg_correction,0.001258254051208496,0.0050961520060937016,0.06763222813606262,NA,NA,NA,NA,NA,NA,NA,NA,NA
Reddit-S,44,h2b_node_agg_minus_p0_residual,p0_residual_reference,h2b_node_agg_correction,-0.0003145933151245117,0.0017544351184687335,0.023150846362113953,NA,NA,NA,NA,NA,NA,NA,NA,NA
ALL,ALL,h2b_node_agg_minus_p0_residual,p0_residual_reference,h2b_node_agg_correction,NA,NA,NA,0.0002127687136332194,0.0018284215868605003,6,NA,NA,NA,NA,NA,NA
ALL,ALL,h2b_node_agg_minus_p0_residual,p0_residual_reference,h2b_node_agg_correction,NA,NA,NA,NA,NA,NA,0.0009709240695974508,0.008493923767359064,6,NA,NA,NA
ALL,ALL,h2b_node_agg_minus_p0_residual,p0_residual_reference,h2b_node_agg_correction,NA,NA,NA,NA,NA,NA,NA,NA,NA,0.03215126817425092,0.0719975671561436,8
Movies,42,h2b_global_diff_minus_p0_residual,p0_residual_reference,h2b_global_diff_correction,-0.010797858238220215,-0.06664403329563201,-0.008821487426757812,NA,NA,NA,NA,NA,NA,NA,NA,NA
Movies,43,h2b_global_diff_minus_p0_residual,p0_residual_reference,h2b_global_diff_correction,-0.018596291542053223,-0.025043476666614273,0.02474391460418701,NA,NA,NA,NA,NA,NA,NA,NA,NA
Movies,44,h2b_global_diff_minus_p0_residual,p0_residual_reference,h2b_global_diff_correction,-0.013797223567962646,-0.08517982164283466,-0.009631037712097168,NA,NA,NA,NA,NA,NA,NA,NA,NA
Grocery,42,h2b_global_diff_minus_p0_residual,p0_residual_reference,h2b_global_diff_correction,-0.010541737079620361,-0.02110844185132854,0.3756181001663208,NA,NA,NA,NA,NA,NA,NA,NA,NA
Grocery,43,h2b_global_diff_minus_p0_residual,p0_residual_reference,h2b_global_diff_correction,-0.0020498037338256836,-0.0033033355454079594,-0.07424235343933105,NA,NA,NA,NA,NA,NA,NA,NA,NA
Grocery,44,h2b_global_diff_minus_p0_residual,p0_residual_reference,h2b_global_diff_correction,-0.0035138726234436035,0.0008085206100916231,0.08786666393280029,NA,NA,NA,NA,NA,NA,NA,NA,NA
ele-fashion,42,h2b_global_diff_minus_p0_residual,p0_residual_reference,h2b_global_diff_correction,-0.0010228157043457031,-0.005179566083909459,0.0053536295890808105,NA,NA,NA,NA,NA,NA,NA,NA,NA
ele-fashion,43,h2b_global_diff_minus_p0_residual,p0_residual_reference,h2b_global_diff_correction,-0.0028638839721679688,0.004906843343763456,-0.04113119840621948,NA,NA,NA,NA,NA,NA,NA,NA,NA
ele-fashion,44,h2b_global_diff_minus_p0_residual,p0_residual_reference,h2b_global_diff_correction,-0.0008182525634765625,0.0025116063238092012,0.05182567238807678,NA,NA,NA,NA,NA,NA,NA,NA,NA
Reddit-S,42,h2b_global_diff_minus_p0_residual,p0_residual_reference,h2b_global_diff_correction,-0.002516508102416992,-0.0002644385647380121,-0.04316878318786621,NA,NA,NA,NA,NA,NA,NA,NA,NA
Reddit-S,43,h2b_global_diff_minus_p0_residual,p0_residual_reference,h2b_global_diff_correction,0.0034601688385009766,0.009302898518539271,0.015559121966362,NA,NA,NA,NA,NA,NA,NA,NA,NA
Reddit-S,44,h2b_global_diff_minus_p0_residual,p0_residual_reference,h2b_global_diff_correction,0.00031453371047973633,0.007242144862178002,0.001643642783164978,NA,NA,NA,NA,NA,NA,NA,NA,NA
ALL,ALL,h2b_global_diff_minus_p0_residual,p0_residual_reference,h2b_global_diff_correction,NA,NA,NA,-0.0052286287148793536,0.006329268857843512,2,NA,NA,NA,NA,NA,NA
ALL,ALL,h2b_global_diff_minus_p0_residual,p0_residual_reference,h2b_global_diff_correction,NA,NA,NA,NA,NA,NA,-0.015162591666006947,0.029181561562122715,5,NA,NA,NA
ALL,ALL,h2b_global_diff_minus_p0_residual,p0_residual_reference,h2b_global_diff_correction,NA,NA,NA,NA,NA,NA,NA,NA,NA,0.03213465710481008,0.11151506111611198,7
