dataset,seed,gamma_text,gamma_visual,text_visual_l2_difference
Movies,42,"[0.3378634750843048, 0.2397620677947998, 0.2354295253753662, 0.2216520607471466]","[0.3482912480831146, 0.3142010569572449, 0.306726336479187, 0.29179123044013977]",0.12511050701141357
Movies,43,"[0.33095109462738037, 0.2379394918680191, 0.23403418064117432, 0.22056260704994202]","[0.34221580624580383, 0.3100539743900299, 0.30391037464141846, 0.29026705026626587]",0.12275497615337372
Movies,44,"[0.3271469175815582, 0.24197207391262054, 0.23851555585861206, 0.22403296828269958]","[0.33926138281822205, 0.31147390604019165, 0.3059638440608978, 0.2938694357872009]",0.12001528590917587
Toys,42,"[0.29604944586753845, 0.282572478055954, 0.28360113501548767, 0.28202691674232483]","[0.2751314043998718, 0.2749338746070862, 0.2777439057826996, 0.27838829159736633]",0.023312216624617577
Toys,43,"[0.2948651611804962, 0.28029492497444153, 0.28107592463493347, 0.27929556369781494]","[0.2771201431751251, 0.2766329050064087, 0.2795078456401825, 0.2800854444503784]",0.018203813582658768
Toys,44,"[0.3199675679206848, 0.2884276807308197, 0.28640618920326233, 0.28148502111434937]","[0.28518691658973694, 0.27846410870552063, 0.28090521693229675, 0.28079721331596375]",0.03660191595554352
Grocery,42,"[0.3484209477901459, 0.29228702187538147, 0.29199081659317017, 0.272077739238739]","[0.31086528301239014, 0.2864547669887543, 0.2895447909832001, 0.28456228971481323]",0.040078550577163696
Grocery,43,"[0.31848108768463135, 0.2857188880443573, 0.28667283058166504, 0.2749674618244171]","[0.29200172424316406, 0.2822446823120117, 0.2859322428703308, 0.2835037112236023]",0.02804715372622013
Grocery,44,"[0.3394336700439453, 0.28858044743537903, 0.2916499674320221, 0.27265694737434387]","[0.30233919620513916, 0.284832626581192, 0.287869393825531, 0.28402504324913025]",0.03916085511445999
ele-fashion,42,"[0.3950819671154022, 0.21949730813503265, 0.2556836009025574, 0.18914616107940674]","[0.39506542682647705, 0.22465050220489502, 0.24816960096359253, 0.19841641187667847]",0.012998208403587341
ele-fashion,43,"[0.39904260635375977, 0.22393810749053955, 0.2578466832637787, 0.18919852375984192]","[0.403372585773468, 0.22123293578624725, 0.2589786946773529, 0.19843773543834686]",0.010616551153361797
ele-fashion,44,"[0.39766690135002136, 0.2170766443014145, 0.25823405385017395, 0.18663035333156586]","[0.40132105350494385, 0.22011613845825195, 0.25552278757095337, 0.19367483258247375]",0.008920034393668175
Reddit-S,42,"[0.2836267650127411, 0.2781134843826294, 0.2781134843826294, 0.2781134843826294]","[0.28110045194625854, 0.27525344491004944, 0.27525344491004944, 0.27525344491004944]",0.005560731515288353
Reddit-S,43,"[0.28653261065483093, 0.2792845070362091, 0.2792845070362091, 0.2792845070362091]","[0.28365859389305115, 0.27639040350914, 0.2763904333114624, 0.27639040350914]",0.005778174847364426
Reddit-S,44,"[0.2885560393333435, 0.27949273586273193, 0.27949273586273193, 0.27949273586273193]","[0.2833380401134491, 0.2743999660015106, 0.2743999660015106, 0.2743999660015106]",0.010248729027807713
