problem_id,problem_name,prevalence_evidence,task_relevance_evidence,intervention_evidence,datasets_supported,seed_consistency,simple_MOB_unresolved,MAG_specificity,status,status_basis
P1,intrinsic semantic loss during propagation,DESCRIPTIVE_ONLY: 60/60 dataset-seed-modality-readout rows meet all four smoothing trends.,TASK_RELEVANT: S0 validation accuracy exceeds S3 in 6 dataset-seed-mode comparisons.,No order-state intervention isolated intrinsic loss; readout controls are trained comparisons.,"[""Grocery"", ""Movies"", ""ele-fashion""]",6 dataset-seed units across 3 datasets; descriptive threshold only,not resolved by diagnostics,not established,B_PLAUSIBLE_CANDIDATE,rule-based evidence hierarchy; intervention candidates require >=0.5 percentage-point target-minus-random effect with same direction in at least two seeds per dataset; no cosine/gamma/prevalence alone promoted to task relevance
P2,task-relevant propagation innovation,DESCRIPTIVE_ONLY: Delta order energy and cosine relative to prior state and S0.,TASK_RELEVANT: cumulative S0+Delta1..3 probe improves over S0 in 15 dataset-seed-mode comparisons.,Probe evidence is observational and is not a causal contribution test.,"[""Grocery"", ""Movies"", ""Reddit-S"", ""Toys"", ""ele-fashion""]",15 dataset-seed units across 5 datasets; descriptive threshold only,not resolved by diagnostics,candidate; requires cross-dataset consistency,B_PLAUSIBLE_CANDIDATE,rule-based evidence hierarchy; intervention candidates require >=0.5 percentage-point target-minus-random effect with same direction in at least two seeds per dataset; no cosine/gamma/prevalence alone promoted to task relevance
P3,modality imbalance or branch suppression,Independent modality performance and joint branch probe differences.,Validation accuracy/loss and branch suppression consistency across seeds.,Unimodal retrained controls test modality sufficiency; branch probes are diagnostic.,"[""Grocery"", ""Movies"", ""Reddit-S"", ""Toys"", ""ele-fashion""]",15 dataset-seed units across 5 datasets; descriptive threshold only,yes; requires follow-up comparison,candidate; requires cross-dataset consistency,B_PLAUSIBLE_CANDIDATE,rule-based evidence hierarchy; intervention candidates require >=0.5 percentage-point target-minus-random effect with same direction in at least two seeds per dataset; no cosine/gamma/prevalence alone promoted to task relevance
P4,modality complementarity,Multimodal versus best unimodal validation performance.,"Complementarity = A_TV - max(A_T,A_V), paired by dataset and seed.",Retrained modality controls are the direct sufficiency comparison; no test selection.,"[""Grocery"", ""Movies"", ""Reddit-S"", ""Toys"", ""ele-fashion""]",14 dataset-seed units across 5 datasets; descriptive threshold only,yes; requires follow-up comparison,candidate; requires cross-dataset consistency,B_PLAUSIBLE_CANDIDATE,rule-based evidence hierarchy; intervention candidates require >=0.5 percentage-point target-minus-random effect with same direction in at least two seeds per dataset; no cosine/gamma/prevalence alone promoted to task relevance
P5,structure-attribute predictive conflict,"D_SC = JS(p_self,p_context) prevalence and quantile distribution.",Spearman association with model and probe graph benefit on validation nodes.,Node-level D_SC has no isolated causal intervention in this project.,"[""Grocery"", ""Movies"", ""Reddit-S"", ""Toys"", ""ele-fashion""]",11 dataset-seed units across 5 datasets; descriptive threshold only,yes; requires follow-up comparison,candidate; requires cross-dataset consistency,B_PLAUSIBLE_CANDIDATE,rule-based evidence hierarchy; intervention candidates require >=0.5 percentage-point target-minus-random effect with same direction in at least two seeds per dataset; no cosine/gamma/prevalence alone promoted to task relevance
P6,modality-specific topology utility,Paired G_T and G_V distributions from self/uniform unimodal controls.,Task losses and sign-discordance fractions on validation nodes.,Fixed readout controls compare propagation within each modality; edge roles add context.,"[""Grocery"", ""Movies"", ""Reddit-S"", ""Toys"", ""ele-fashion""]",15 dataset-seed units across 5 datasets; descriptive threshold only,yes; requires follow-up comparison,candidate; requires cross-dataset consistency,B_PLAUSIBLE_CANDIDATE,rule-based evidence hierarchy; intervention candidates require >=0.5 percentage-point target-minus-random effect with same direction in at least two seeds per dataset; no cosine/gamma/prevalence alone promoted to task relevance
P7,neighbor relation heterogeneity,DESCRIPTIVE_ONLY: high-confidence edge-role prevalence at 0.75/0.25 cutoffs.,TASK_RELEVANT: validation effects for edge-role groups.,INTERVENTION_SUPPORTED only when frozen targeted removal differs from same-size random removal.,"[""Grocery"", ""Movies"", ""ele-fashion""]",7 dataset-seed units across 3 datasets; descriptive threshold only,yes; requires follow-up comparison,candidate; requires cross-dataset consistency,A_STRONG_CANDIDATE,rule-based evidence hierarchy; intervention candidates require >=0.5 percentage-point target-minus-random effect with same direction in at least two seeds per dataset; no cosine/gamma/prevalence alone promoted to task relevance
P8,semantic compatibility differs from task utility,DESCRIPTIVE_ONLY: source-matched physical-edge compatibility percentiles and quantiles.,TASK_RELEVANT: validation utility across compatibility bins.,INTERVENTION_SUPPORTED only for group removal effects beyond matched random controls.,"[""Grocery"", ""Reddit-S"", ""Toys""]",8 dataset-seed units across 3 datasets; descriptive threshold only,yes; requires follow-up comparison,candidate; requires cross-dataset consistency,A_STRONG_CANDIDATE,rule-based evidence hierarchy; intervention candidates require >=0.5 percentage-point target-minus-random effect with same direction in at least two seeds per dataset; no cosine/gamma/prevalence alone promoted to task relevance
P9,conditional need for cross-modal interaction,D_TV quantile prevalence and probe gains by disagreement quartile.,Plain versus interaction probe validation accuracy in each fixed D_TV quantile.,Frozen interaction probe does not intervene on the trained backbone.,"[""Grocery"", ""ele-fashion""]",2 dataset-seed units across 2 datasets; descriptive threshold only,yes; requires follow-up comparison,candidate; requires cross-dataset consistency,C_DESCRIPTIVE_ONLY,rule-based evidence hierarchy; intervention candidates require >=0.5 percentage-point target-minus-random effect with same direction in at least two seeds per dataset; no cosine/gamma/prevalence alone promoted to task relevance
P10,task-relevant cross-modal divergence,Alignment trajectory and validation aligned-distance distribution.,"Association of train-fitted alignment distance with loss, gain and D_TV.",No alignment intervention or alignment-trained model is included.,"[""Grocery"", ""Reddit-S"", ""Toys"", ""ele-fashion""]",10 dataset-seed units across 4 datasets; descriptive threshold only,yes; requires follow-up comparison,candidate; requires cross-dataset consistency,B_PLAUSIBLE_CANDIDATE,rule-based evidence hierarchy; intervention candidates require >=0.5 percentage-point target-minus-random effect with same direction in at least two seeds per dataset; no cosine/gamma/prevalence alone promoted to task relevance
P11,task-relevant modality-private residual proxy,Ridge predictable/residual feature variance on train-fitted mappings.,Frozen validation probes on linear residual components.,This is a linear proxy; it does not prove information-theoretic privacy.,"[""Grocery"", ""Movies"", ""Reddit-S"", ""Toys"", ""ele-fashion""]",15 dataset-seed units across 5 datasets; descriptive threshold only,yes; requires follow-up comparison,candidate; requires cross-dataset consistency,B_PLAUSIBLE_CANDIDATE,rule-based evidence hierarchy; intervention candidates require >=0.5 percentage-point target-minus-random effect with same direction in at least two seeds per dataset; no cosine/gamma/prevalence alone promoted to task relevance
P12,structure x attribute x modality interaction,Train-median 2x2x2 validation cell prevalence and cell outcomes.,Per-dataset/seed standardized descriptive 3-way regression directions.,No significance claim or graph-node independent p-value is used.,"[""Grocery"", ""Movies"", ""Reddit-S"", ""Toys""]",7 dataset-seed units across 4 datasets; descriptive threshold only,yes; requires follow-up comparison,candidate; requires cross-dataset consistency,C_DESCRIPTIVE_ONLY,rule-based evidence hierarchy; intervention candidates require >=0.5 percentage-point target-minus-random effect with same direction in at least two seeds per dataset; no cosine/gamma/prevalence alone promoted to task relevance
