dataset,seed,order,linear_cka_train,linear_cka_validation,cca_mean_train,cca_top10_mean_train,cca_spectrum_sum_train,cca_mean_validation,cca_top10_mean_validation,cca_spectrum_sum_validation,procrustes_mean_distance_validation,procrustes_median_distance_validation,retrieval_R_at_1,retrieval_R_at_10,retrieval_n,retrieval_seed,retrieval_node_ids_sha256,procrustes_fit_split,alignment_eval_split,analysis,outcome,spearman_aligned_distance,validation_nodes,status
Movies,42,0,0.2237912267446518,0.23365043103694916,0.2021661251783371,0.7156873941421509,51.7545280456543,0.2820100486278534,0.7589389085769653,72.19457244873047,0.7132453322410583,0.7221413254737854,0.0293941218405962,0.14937011897563934,3334,4261,e95f7691ab561a83c7f0439973d762a62256ee7db5fa74948f40578397becd7e,train,validation,,,,,
Movies,42,1,0.6319212913513184,0.6343120336532593,0.33546125888824463,0.9181098937988281,85.87808227539062,0.3988049030303955,0.9305608868598938,102.09405517578125,0.34316596388816833,0.32739245891571045,0.06838632375001907,0.2978404462337494,3334,4261,e95f7691ab561a83c7f0439973d762a62256ee7db5fa74948f40578397becd7e,train,validation,,,,,
Movies,42,2,0.7005366086959839,0.6998763084411621,0.4050891399383545,0.9490576982498169,103.70281982421875,0.4748402535915375,0.9607237577438354,121.5591049194336,0.26287949085235596,0.2326929271221161,0.07828434556722641,0.3455308973789215,3334,4261,e95f7691ab561a83c7f0439973d762a62256ee7db5fa74948f40578397becd7e,train,validation,,,,,
Movies,42,3,0.7677060961723328,0.768456220626831,0.44605910778045654,0.961465060710907,114.19113159179688,0.5255520343780518,0.9734914898872375,134.54132080078125,0.22490759193897247,0.182182177901268,0.08128374069929123,0.35152968764305115,3334,4261,e95f7691ab561a83c7f0439973d762a62256ee7db5fa74948f40578397becd7e,train,validation,,,,,
Movies,42,3,,,,,,,,,,,,,,,,,,aligned_distance_task_relevance,classification_loss,-0.11957106597968296,3334,DESCRIPTIVE_ONLY
Movies,42,3,,,,,,,,,,,,,,,,,,aligned_distance_task_relevance,multimodal_gain,-0.04334252022502778,3334,DESCRIPTIVE_ONLY
Movies,42,3,,,,,,,,,,,,,,,,,,aligned_distance_task_relevance,structure_benefit,0.019665677336691553,3334,DESCRIPTIVE_ONLY
Movies,42,3,,,,,,,,,,,,,,,,,,aligned_distance_task_relevance,D_TV,0.041776926264396094,3334,DESCRIPTIVE_ONLY
Movies,43,0,0.22501204907894135,0.23621320724487305,0.2024972140789032,0.7220114469528198,51.83928680419922,0.2833409607410431,0.7626844048500061,72.53528594970703,0.7067208290100098,0.7152310609817505,0.028494300320744514,0.14847031235694885,3334,4362,45b1520888e0e9b442c2991b1438222c46e0aef3b0b68eda9b807f009c876fe3,train,validation,,,,,
Movies,43,1,0.6117264628410339,0.6170000433921814,0.3330638110637665,0.9187541007995605,85.26433563232422,0.4008188545703888,0.9334672093391418,102.60962677001953,0.3406405448913574,0.3247302174568176,0.07108578085899353,0.3047390580177307,3334,4362,45b1520888e0e9b442c2991b1438222c46e0aef3b0b68eda9b807f009c876fe3,train,validation,,,,,
Movies,43,2,0.6808850765228271,0.6837204098701477,0.40225017070770264,0.9498629570007324,102.97604370117188,0.4759211838245392,0.9624694585800171,121.83582305908203,0.2637302875518799,0.23428642749786377,0.08458308130502701,0.3323335349559784,3334,4362,45b1520888e0e9b442c2991b1438222c46e0aef3b0b68eda9b807f009c876fe3,train,validation,,,,,
Movies,43,3,0.7474782466888428,0.7433812022209167,0.44315415620803833,0.962370753288269,113.44746398925781,0.5250337719917297,0.9743255376815796,134.4086456298828,0.22688522934913635,0.1864832639694214,0.08158368617296219,0.33203360438346863,3334,4362,45b1520888e0e9b442c2991b1438222c46e0aef3b0b68eda9b807f009c876fe3,train,validation,,,,,
Movies,43,3,,,,,,,,,,,,,,,,,,aligned_distance_task_relevance,classification_loss,-0.19744816615646055,3334,DESCRIPTIVE_ONLY
Movies,43,3,,,,,,,,,,,,,,,,,,aligned_distance_task_relevance,multimodal_gain,-0.08229128539345595,3334,DESCRIPTIVE_ONLY
Movies,43,3,,,,,,,,,,,,,,,,,,aligned_distance_task_relevance,structure_benefit,0.15963221778512027,3334,DESCRIPTIVE_ONLY
Movies,43,3,,,,,,,,,,,,,,,,,,aligned_distance_task_relevance,D_TV,-0.06780527652467747,3334,DESCRIPTIVE_ONLY
Movies,44,0,0.2085781991481781,0.21261021494865417,0.2022487372159958,0.7099750638008118,51.77567672729492,0.2826577425003052,0.7498352527618408,72.36038208007812,0.7197331786155701,0.7279314398765564,0.03119376115500927,0.15416917204856873,3334,4463,36aaf3598a81f577126246340d67641ec9bf62d8f77bd9d485e28f16a24619be,train,validation,,,,,
Movies,44,1,0.6220199465751648,0.6320580840110779,0.3332546353340149,0.9146841764450073,85.31318664550781,0.39823850989341736,0.930557370185852,101.94905853271484,0.3445074260234833,0.3317722976207733,0.07138572633266449,0.28974205255508423,3334,4463,36aaf3598a81f577126246340d67641ec9bf62d8f77bd9d485e28f16a24619be,train,validation,,,,,
Movies,44,2,0.6922547221183777,0.7010492086410522,0.4033820629119873,0.9482337832450867,103.26580810546875,0.4752260446548462,0.961148738861084,121.65786743164062,0.2629658281803131,0.2339041382074356,0.08128374069929123,0.3299340009689331,3334,4463,36aaf3598a81f577126246340d67641ec9bf62d8f77bd9d485e28f16a24619be,train,validation,,,,,
Movies,44,3,0.7625254988670349,0.7740973830223083,0.4447356164455414,0.9615924954414368,113.8523178100586,0.5280696749687195,0.974321186542511,135.1858367919922,0.2240193784236908,0.18355341255664825,0.0806838646531105,0.33803239464759827,3334,4463,36aaf3598a81f577126246340d67641ec9bf62d8f77bd9d485e28f16a24619be,train,validation,,,,,
Movies,44,3,,,,,,,,,,,,,,,,,,aligned_distance_task_relevance,classification_loss,-0.15715959999693146,3334,DESCRIPTIVE_ONLY
Movies,44,3,,,,,,,,,,,,,,,,,,aligned_distance_task_relevance,multimodal_gain,-0.09957121700724464,3334,DESCRIPTIVE_ONLY
Movies,44,3,,,,,,,,,,,,,,,,,,aligned_distance_task_relevance,structure_benefit,0.15310845462519873,3334,DESCRIPTIVE_ONLY
Movies,44,3,,,,,,,,,,,,,,,,,,aligned_distance_task_relevance,D_TV,-0.02458673289444958,3334,DESCRIPTIVE_ONLY
Toys,42,0,0.3859937787055969,0.3855915069580078,0.2116560935974121,0.7661072611808777,54.1839599609375,0.2771330773830414,0.7882354259490967,70.9460678100586,0.6478210091590881,0.6497238278388977,0.04421357810497284,0.21768543124198914,4139,4261,d435efe009a67715df405a641f8f53d68b61155dfaa4b88ca22352071c28adaa,train,validation,,,,,
Toys,42,1,0.6454700827598572,0.6469416618347168,0.32406747341156006,0.9156702160835266,82.96127319335938,0.3734371066093445,0.9262615442276001,95.59989929199219,0.3659415543079376,0.3570375442504883,0.10630586743354797,0.4017878770828247,4139,4261,d435efe009a67715df405a641f8f53d68b61155dfaa4b88ca22352071c28adaa,train,validation,,,,,
Toys,42,2,0.6789339184761047,0.682306706905365,0.3799646198749542,0.9424501657485962,97.27094268798828,0.4325571358203888,0.9519091844558716,110.73462677001953,0.29895225167274475,0.28133368492126465,0.1355399787425995,0.48079246282577515,4139,4261,d435efe009a67715df405a641f8f53d68b61155dfaa4b88ca22352071c28adaa,train,validation,,,,,
Toys,42,3,0.7223948836326599,0.7249871492385864,0.4120934307575226,0.9539979696273804,105.49591827392578,0.46895626187324524,0.9631913900375366,120.05280303955078,0.2645677328109741,0.23848728835582733,0.15003624558448792,0.5114762187004089,4139,4261,d435efe009a67715df405a641f8f53d68b61155dfaa4b88ca22352071c28adaa,train,validation,,,,,
Toys,42,3,,,,,,,,,,,,,,,,,,aligned_distance_task_relevance,classification_loss,-0.16434252384543396,4139,DESCRIPTIVE_ONLY
Toys,42,3,,,,,,,,,,,,,,,,,,aligned_distance_task_relevance,multimodal_gain,-0.059686800213996076,4139,DESCRIPTIVE_ONLY
Toys,42,3,,,,,,,,,,,,,,,,,,aligned_distance_task_relevance,structure_benefit,0.12007739880266453,4139,DESCRIPTIVE_ONLY
Toys,42,3,,,,,,,,,,,,,,,,,,aligned_distance_task_relevance,D_TV,-0.017553018025840555,4139,DESCRIPTIVE_ONLY
Toys,43,0,0.3833461403846741,0.3838096559047699,0.20987220108509064,0.7637895345687866,53.7272834777832,0.2756458520889282,0.7874007225036621,70.56533813476562,0.6422334313392639,0.6411091685295105,0.04034791141748428,0.20101474225521088,4139,4362,b36e09ba24185f1585b6e3dcfe757553178456623c8935ee1c1b67e33bd88860,train,validation,,,,,
Toys,43,1,0.6396950483322144,0.6321497559547424,0.32222798466682434,0.9152854681015015,82.49036407470703,0.37196817994117737,0.9231668710708618,95.2238540649414,0.36655277013778687,0.35732290148735046,0.10147378593683243,0.38415077328681946,4139,4362,b36e09ba24185f1585b6e3dcfe757553178456623c8935ee1c1b67e33bd88860,train,validation,,,,,
Toys,43,2,0.6753110289573669,0.6688605546951294,0.3786638081073761,0.9424327611923218,96.93793487548828,0.4276890754699707,0.9498172998428345,109.4884033203125,0.29930827021598816,0.28114694356918335,0.12611742317676544,0.45566561818122864,4139,4362,b36e09ba24185f1585b6e3dcfe757553178456623c8935ee1c1b67e33bd88860,train,validation,,,,,
Toys,43,3,0.7179805636405945,0.7115735411643982,0.4109528362751007,0.9540187120437622,105.20392608642578,0.46427586674690247,0.9617360234260559,118.85462188720703,0.2646966874599457,0.24149706959724426,0.14109688997268677,0.48345011472702026,4139,4362,b36e09ba24185f1585b6e3dcfe757553178456623c8935ee1c1b67e33bd88860,train,validation,,,,,
Toys,43,3,,,,,,,,,,,,,,,,,,aligned_distance_task_relevance,classification_loss,-0.20508049408429294,4139,TASK_RELEVANT_DIVERGENCE
Toys,43,3,,,,,,,,,,,,,,,,,,aligned_distance_task_relevance,multimodal_gain,-0.14145395510003245,4139,DESCRIPTIVE_ONLY
Toys,43,3,,,,,,,,,,,,,,,,,,aligned_distance_task_relevance,structure_benefit,0.2254107060157633,4139,TASK_RELEVANT_DIVERGENCE
Toys,43,3,,,,,,,,,,,,,,,,,,aligned_distance_task_relevance,D_TV,-0.08044718581754015,4139,DESCRIPTIVE_ONLY
Toys,44,0,0.3712448477745056,0.37263786792755127,0.20882898569107056,0.7621020674705505,53.46022033691406,0.2752781808376312,0.7866986989974976,70.4712142944336,0.6603865623474121,0.6617931723594666,0.040106307715177536,0.21623580157756805,4139,4463,8cc01f5bc1bd1e27a3424f958062ac3c375726806256492462acdf1855aa9eda,train,validation,,,,,
Toys,44,1,0.6414893865585327,0.6413183808326721,0.31998181343078613,0.9147232174873352,81.91534423828125,0.37279874086380005,0.9255229234695435,95.43647766113281,0.3714626431465149,0.3615110516548157,0.11089634895324707,0.4022710919380188,4139,4463,8cc01f5bc1bd1e27a3424f958062ac3c375726806256492462acdf1855aa9eda,train,validation,,,,,
Toys,44,2,0.6785891056060791,0.6827539801597595,0.37683942914009094,0.9425309300422668,96.47089385986328,0.43136167526245117,0.9517939686775208,110.4285888671875,0.301252543926239,0.2830006182193756,0.13264073431491852,0.47064507007598877,4139,4463,8cc01f5bc1bd1e27a3424f958062ac3c375726806256492462acdf1855aa9eda,train,validation,,,,,
Toys,44,3,0.7238542437553406,0.7282824516296387,0.4092126786708832,0.9542134404182434,104.7584457397461,0.4690750241279602,0.9639121294021606,120.08320617675781,0.2656170427799225,0.24218396842479706,0.1437545269727707,0.5114762187004089,4139,4463,8cc01f5bc1bd1e27a3424f958062ac3c375726806256492462acdf1855aa9eda,train,validation,,,,,
Toys,44,3,,,,,,,,,,,,,,,,,,aligned_distance_task_relevance,classification_loss,-0.21753451754242878,4139,TASK_RELEVANT_DIVERGENCE
Toys,44,3,,,,,,,,,,,,,,,,,,aligned_distance_task_relevance,multimodal_gain,-0.13907816338492915,4139,DESCRIPTIVE_ONLY
Toys,44,3,,,,,,,,,,,,,,,,,,aligned_distance_task_relevance,structure_benefit,0.15508406347929904,4139,DESCRIPTIVE_ONLY
Toys,44,3,,,,,,,,,,,,,,,,,,aligned_distance_task_relevance,D_TV,-0.041939191741185225,4139,DESCRIPTIVE_ONLY
Grocery,42,0,0.3248315751552582,0.32241055369377136,0.202249675989151,0.7116686701774597,51.775917053222656,0.27930378913879395,0.7470283508300781,71.50177001953125,0.6826733350753784,0.6861501932144165,0.03338213637471199,0.14582723379135132,3415,4261,2ab6f8cb9c36cfb3a89f173f00403256ce7a23c78fc7d6a29766181b6df76a23,train,validation,,,,,
Grocery,42,1,0.745659589767456,0.7281503081321716,0.31025761365890503,0.9021693468093872,79.42594909667969,0.37348148226737976,0.9134451150894165,95.61125946044922,0.3295426368713379,0.3156721889972687,0.08550512790679932,0.32474377751350403,3415,4261,2ab6f8cb9c36cfb3a89f173f00403256ce7a23c78fc7d6a29766181b6df76a23,train,validation,,,,,
Grocery,42,2,0.7630311250686646,0.7474511861801147,0.38239604234695435,0.9412358999252319,97.89338684082031,0.4469577968120575,0.9514011144638062,114.42119598388672,0.23863178491592407,0.2119324654340744,0.14172767102718353,0.4281112849712372,3415,4261,2ab6f8cb9c36cfb3a89f173f00403256ce7a23c78fc7d6a29766181b6df76a23,train,validation,,,,,
Grocery,42,3,0.849023163318634,0.8360565304756165,0.43212074041366577,0.9580844044685364,110.62290954589844,0.5040138959884644,0.9681850671768188,129.02755737304688,0.19334641098976135,0.15716269612312317,0.16632503271102905,0.4872620701789856,3415,4261,2ab6f8cb9c36cfb3a89f173f00403256ce7a23c78fc7d6a29766181b6df76a23,train,validation,,,,,
Grocery,42,3,,,,,,,,,,,,,,,,,,aligned_distance_task_relevance,classification_loss,-0.12238194737167556,3415,DESCRIPTIVE_ONLY
Grocery,42,3,,,,,,,,,,,,,,,,,,aligned_distance_task_relevance,multimodal_gain,-0.10407410730672495,3415,DESCRIPTIVE_ONLY
Grocery,42,3,,,,,,,,,,,,,,,,,,aligned_distance_task_relevance,structure_benefit,0.20057845717199715,3415,TASK_RELEVANT_DIVERGENCE
Grocery,42,3,,,,,,,,,,,,,,,,,,aligned_distance_task_relevance,D_TV,-0.0718527834417422,3415,DESCRIPTIVE_ONLY
Grocery,43,0,0.3119097650051117,0.3107646703720093,0.19941388070583344,0.7043412923812866,51.04995346069336,0.2782326936721802,0.7397881150245667,71.22756958007812,0.7009744644165039,0.7064125537872314,0.035139091312885284,0.16456808149814606,3415,4362,2acd964d7058cdd8c15b33c8692fae28df106bab37e0a880308cf0719c335226,train,validation,,,,,
Grocery,43,1,0.7398970723152161,0.7437102794647217,0.30605047941207886,0.8989617228507996,78.34892272949219,0.3739076852798462,0.913083553314209,95.72036743164062,0.33598682284355164,0.3224029242992401,0.0898975133895874,0.31566616892814636,3415,4362,2acd964d7058cdd8c15b33c8692fae28df106bab37e0a880308cf0719c335226,train,validation,,,,,
Grocery,43,2,0.7606098651885986,0.7582102417945862,0.37665531039237976,0.9394825100898743,96.42375946044922,0.4465749263763428,0.9511681795120239,114.32318115234375,0.24171362817287445,0.21579983830451965,0.1505124419927597,0.429868221282959,3415,4362,2acd964d7058cdd8c15b33c8692fae28df106bab37e0a880308cf0719c335226,train,validation,,,,,
Grocery,43,3,0.8484748005867004,0.8485692143440247,0.4264441132545471,0.9570834040641785,109.16969299316406,0.5038436651229858,0.9684303998947144,128.98397827148438,0.19492298364639282,0.1597243696451187,0.1806734949350357,0.4855051338672638,3415,4362,2acd964d7058cdd8c15b33c8692fae28df106bab37e0a880308cf0719c335226,train,validation,,,,,
Grocery,43,3,,,,,,,,,,,,,,,,,,aligned_distance_task_relevance,classification_loss,-0.19033631200523826,3415,DESCRIPTIVE_ONLY
Grocery,43,3,,,,,,,,,,,,,,,,,,aligned_distance_task_relevance,multimodal_gain,-0.153668752920082,3415,DESCRIPTIVE_ONLY
Grocery,43,3,,,,,,,,,,,,,,,,,,aligned_distance_task_relevance,structure_benefit,0.22960080935188706,3415,TASK_RELEVANT_DIVERGENCE
Grocery,43,3,,,,,,,,,,,,,,,,,,aligned_distance_task_relevance,D_TV,-0.0855426303723411,3415,DESCRIPTIVE_ONLY
Grocery,44,0,0.29998037219047546,0.3085312247276306,0.19889400899410248,0.6970442533493042,50.916866302490234,0.27936428785324097,0.7428227066993713,71.51725769042969,0.7113388776779175,0.7191039323806763,0.02986822836101055,0.15812592208385468,3415,4463,a8b2b927cd12ad25719095af177d06bb7323325007175c342d941f5ff34fccd8,train,validation,,,,,
Grocery,44,1,0.7525779008865356,0.7508138418197632,0.3071061372756958,0.895425021648407,78.61917114257812,0.37168633937835693,0.9102855920791626,95.15170288085938,0.3377033770084381,0.32474932074546814,0.08755490183830261,0.3065885901451111,3415,4463,a8b2b927cd12ad25719095af177d06bb7323325007175c342d941f5ff34fccd8,train,validation,,,,,
Grocery,44,2,0.7698019742965698,0.7661839127540588,0.3780320882797241,0.9370461702346802,96.77621459960938,0.44733402132987976,0.9507004022598267,114.51750946044922,0.24162180721759796,0.21573348343372345,0.1540263593196869,0.4207906424999237,3415,4463,a8b2b927cd12ad25719095af177d06bb7323325007175c342d941f5ff34fccd8,train,validation,,,,,
Grocery,44,3,0.8601863980293274,0.8599711656570435,0.4278741478919983,0.9551281929016113,109.53578186035156,0.5061272978782654,0.9678354263305664,129.56858825683594,0.19359876215457916,0.15950727462768555,0.18770131468772888,0.4767203629016876,3415,4463,a8b2b927cd12ad25719095af177d06bb7323325007175c342d941f5ff34fccd8,train,validation,,,,,
Grocery,44,3,,,,,,,,,,,,,,,,,,aligned_distance_task_relevance,classification_loss,-0.17523497213442482,3415,DESCRIPTIVE_ONLY
Grocery,44,3,,,,,,,,,,,,,,,,,,aligned_distance_task_relevance,multimodal_gain,-0.14399933988707536,3415,DESCRIPTIVE_ONLY
Grocery,44,3,,,,,,,,,,,,,,,,,,aligned_distance_task_relevance,structure_benefit,0.27185311409951346,3415,TASK_RELEVANT_DIVERGENCE
Grocery,44,3,,,,,,,,,,,,,,,,,,aligned_distance_task_relevance,D_TV,-0.0499553072632625,3415,DESCRIPTIVE_ONLY
ele-fashion,42,0,0.6347986459732056,0.6418957710266113,0.19087134301662445,0.7963419556617737,48.86306381225586,0.23441945016384125,0.8081412315368652,60.01137924194336,0.5859166979789734,0.5756809115409851,0.0414000004529953,0.19439999759197235,5000,4261,bdfd0d988b97826d02aa3fee9a1c7ee26430352704961e0ce16ba0cf27f5f3a2,train,validation,,,,,
ele-fashion,42,1,0.8243942856788635,0.8216702938079834,0.27184292674064636,0.9095250368118286,69.59178924560547,0.31529736518859863,0.9184523820877075,80.71612548828125,0.34036877751350403,0.31484198570251465,0.07800000160932541,0.28119999170303345,5000,4261,bdfd0d988b97826d02aa3fee9a1c7ee26430352704961e0ce16ba0cf27f5f3a2,train,validation,,,,,
ele-fashion,42,2,0.7852746248245239,0.7863755822181702,0.31854483485221863,0.935137152671814,81.54747772216797,0.3578339219093323,0.9409405589103699,91.60548400878906,0.28570792078971863,0.2534365653991699,0.14980000257492065,0.4410000145435333,5000,4261,bdfd0d988b97826d02aa3fee9a1c7ee26430352704961e0ce16ba0cf27f5f3a2,train,validation,,,,,
ele-fashion,42,3,0.8314864039421082,0.8321461081504822,0.34243738651275635,0.9452239274978638,87.66397094726562,0.3900895118713379,0.9527796506881714,99.8629150390625,0.24605627357959747,0.20137280225753784,0.16439999639987946,0.4875999987125397,5000,4261,bdfd0d988b97826d02aa3fee9a1c7ee26430352704961e0ce16ba0cf27f5f3a2,train,validation,,,,,
ele-fashion,42,3,,,,,,,,,,,,,,,,,,aligned_distance_task_relevance,classification_loss,-0.17862503733673332,9777,DESCRIPTIVE_ONLY
ele-fashion,42,3,,,,,,,,,,,,,,,,,,aligned_distance_task_relevance,multimodal_gain,-0.14132716388523914,9777,DESCRIPTIVE_ONLY
ele-fashion,42,3,,,,,,,,,,,,,,,,,,aligned_distance_task_relevance,structure_benefit,0.2099447291277535,9777,TASK_RELEVANT_DIVERGENCE
ele-fashion,42,3,,,,,,,,,,,,,,,,,,aligned_distance_task_relevance,D_TV,-0.07266445117865365,9777,DESCRIPTIVE_ONLY
ele-fashion,43,0,0.6020256280899048,0.6081408262252808,0.18849344551563263,0.7913973331451416,48.25432205200195,0.23196792602539062,0.8027170300483704,59.3837890625,0.6050907969474792,0.5968282222747803,0.04820000007748604,0.20260000228881836,5000,4362,34a1128b183b75e9e3715647d3ebb8494d31d51608cfbf8946cd682a301ba5c5,train,validation,,,,,
ele-fashion,43,1,0.8082334399223328,0.8057928681373596,0.26929664611816406,0.906938910484314,68.93994140625,0.31300291419029236,0.9175841212272644,80.12874603271484,0.349874347448349,0.3239852786064148,0.08079999685287476,0.2824000120162964,5000,4362,34a1128b183b75e9e3715647d3ebb8494d31d51608cfbf8946cd682a301ba5c5,train,validation,,,,,
ele-fashion,43,2,0.7574453353881836,0.7602411508560181,0.3160412013530731,0.9334099888801575,80.90654754638672,0.3556779623031616,0.9392951726913452,91.05355834960938,0.29323136806488037,0.26046615839004517,0.13920000195503235,0.42579999566078186,5000,4362,34a1128b183b75e9e3715647d3ebb8494d31d51608cfbf8946cd682a301ba5c5,train,validation,,,,,
ele-fashion,43,3,0.8114719390869141,0.813569962978363,0.33987218141555786,0.9439476728439331,87.00727844238281,0.3888964354991913,0.9517536163330078,99.55748748779297,0.2521611154079437,0.20629072189331055,0.15459999442100525,0.4848000109195709,5000,4362,34a1128b183b75e9e3715647d3ebb8494d31d51608cfbf8946cd682a301ba5c5,train,validation,,,,,
ele-fashion,43,3,,,,,,,,,,,,,,,,,,aligned_distance_task_relevance,classification_loss,-0.16314733606807724,9777,DESCRIPTIVE_ONLY
ele-fashion,43,3,,,,,,,,,,,,,,,,,,aligned_distance_task_relevance,multimodal_gain,-0.16950201736045897,9777,DESCRIPTIVE_ONLY
ele-fashion,43,3,,,,,,,,,,,,,,,,,,aligned_distance_task_relevance,structure_benefit,0.17200434948457846,9777,DESCRIPTIVE_ONLY
ele-fashion,43,3,,,,,,,,,,,,,,,,,,aligned_distance_task_relevance,D_TV,-0.09519273951200098,9777,DESCRIPTIVE_ONLY
ele-fashion,44,0,0.6311963200569153,0.6373984217643738,0.19044938683509827,0.7980411648750305,48.755043029785156,0.23454290628433228,0.8085924386978149,60.04298400878906,0.5887622237205505,0.5790755748748779,0.041200000792741776,0.19120000302791595,5000,4463,034147c777d1abca060bad333330ce0bf253dbfcbcfde0192b9dd29cc91e3ac6,train,validation,,,,,
ele-fashion,44,1,0.8200207948684692,0.8196679353713989,0.27224475145339966,0.911198616027832,69.69465637207031,0.3140612840652466,0.9200761914253235,80.39968872070312,0.34216225147247314,0.31623902916908264,0.07460000365972519,0.2694000005722046,5000,4463,034147c777d1abca060bad333330ce0bf253dbfcbcfde0192b9dd29cc91e3ac6,train,validation,,,,,
ele-fashion,44,2,0.7838042378425598,0.7860693335533142,0.3188171088695526,0.9367257952690125,81.61717987060547,0.35695502161979675,0.942436695098877,91.38048553466797,0.2873755693435669,0.255113810300827,0.1387999951839447,0.4189999997615814,5000,4463,034147c777d1abca060bad333330ce0bf253dbfcbcfde0192b9dd29cc91e3ac6,train,validation,,,,,
ele-fashion,44,3,0.8276029825210571,0.8303426504135132,0.34279653429985046,0.9467466473579407,87.75591278076172,0.3890518844127655,0.9543054699897766,99.59728240966797,0.24779224395751953,0.20337197184562683,0.15440000593662262,0.4684000015258789,5000,4463,034147c777d1abca060bad333330ce0bf253dbfcbcfde0192b9dd29cc91e3ac6,train,validation,,,,,
ele-fashion,44,3,,,,,,,,,,,,,,,,,,aligned_distance_task_relevance,classification_loss,-0.2005213873124316,9777,TASK_RELEVANT_DIVERGENCE
ele-fashion,44,3,,,,,,,,,,,,,,,,,,aligned_distance_task_relevance,multimodal_gain,-0.13656240938165684,9777,DESCRIPTIVE_ONLY
ele-fashion,44,3,,,,,,,,,,,,,,,,,,aligned_distance_task_relevance,structure_benefit,0.24123377881408647,9777,TASK_RELEVANT_DIVERGENCE
ele-fashion,44,3,,,,,,,,,,,,,,,,,,aligned_distance_task_relevance,D_TV,-0.10557550814990055,9777,DESCRIPTIVE_ONLY
Reddit-S,42,0,0.35182809829711914,0.35089728236198425,0.18886014819145203,0.748611330986023,48.34819793701172,0.27583765983581543,0.7792786359786987,70.61444091796875,0.6651489734649658,0.6652016043663025,0.011324316263198853,0.07989934086799622,3179,4261,8c8bfd296ab3dfb6fd9f9e896456fa0d8d6e535cc9b5e0518605315078f6971b,train,validation,,,,,
Reddit-S,42,1,0.48943445086479187,0.4884626567363739,0.29300656914711,0.8802717328071594,75.00968170166016,0.36781975626945496,0.8973199129104614,94.16185760498047,0.48694637417793274,0.4882298409938812,0.022648632526397705,0.14249764382839203,3179,4261,8c8bfd296ab3dfb6fd9f9e896456fa0d8d6e535cc9b5e0518605315078f6971b,train,validation,,,,,
Reddit-S,42,2,0.4894343912601471,0.4884626865386963,0.2930067777633667,0.8802717328071594,75.00973510742188,0.3678198754787445,0.8973196148872375,94.1618881225586,0.4869462847709656,0.4882293939590454,0.020761245861649513,0.13840830326080322,3179,4261,8c8bfd296ab3dfb6fd9f9e896456fa0d8d6e535cc9b5e0518605315078f6971b,train,validation,,,,,
Reddit-S,42,3,0.48943451046943665,0.4884626865386963,0.29300642013549805,0.8802725672721863,75.0096435546875,0.367820143699646,0.8973204493522644,94.16195678710938,0.4869462251663208,0.4882297217845917,0.020761245861649513,0.13903743028640747,3179,4261,8c8bfd296ab3dfb6fd9f9e896456fa0d8d6e535cc9b5e0518605315078f6971b,train,validation,,,,,
Reddit-S,42,3,,,,,,,,,,,,,,,,,,aligned_distance_task_relevance,classification_loss,-0.037122141433894716,3179,DESCRIPTIVE_ONLY
Reddit-S,42,3,,,,,,,,,,,,,,,,,,aligned_distance_task_relevance,multimodal_gain,0.3342662569825391,3179,TASK_RELEVANT_DIVERGENCE
Reddit-S,42,3,,,,,,,,,,,,,,,,,,aligned_distance_task_relevance,structure_benefit,0.18258547944389064,3179,DESCRIPTIVE_ONLY
Reddit-S,42,3,,,,,,,,,,,,,,,,,,aligned_distance_task_relevance,D_TV,0.34629743552129594,3179,TASK_RELEVANT_DIVERGENCE
Reddit-S,43,0,0.3612858057022095,0.3598670959472656,0.1893976926803589,0.7433924674987793,48.485809326171875,0.27692896127700806,0.7763321399688721,70.89381408691406,0.667313814163208,0.6724961400032043,0.011638879776000977,0.08587606251239777,3179,4362,ba579a3d61eca66da9e2d005f12f0807769ab8da1a190acfdb65e1a7bb12a12d,train,validation,,,,,
Reddit-S,43,1,0.5014235973358154,0.5048669576644897,0.291775107383728,0.8761054277420044,74.69442749023438,0.3676254451274872,0.8975895047187805,94.11211395263672,0.4805248975753784,0.47946032881736755,0.023592324927449226,0.13337527215480804,3179,4362,ba579a3d61eca66da9e2d005f12f0807769ab8da1a190acfdb65e1a7bb12a12d,train,validation,,,,,
Reddit-S,43,2,0.5014235377311707,0.5048670172691345,0.2917751669883728,0.8761056065559387,74.69444274902344,0.3676253855228424,0.8975898623466492,94.11209869384766,0.48052483797073364,0.47946012020111084,0.023592324927449226,0.13337527215480804,3179,4362,ba579a3d61eca66da9e2d005f12f0807769ab8da1a190acfdb65e1a7bb12a12d,train,validation,,,,,
Reddit-S,43,3,0.5014234185218811,0.5048670172691345,0.2917751669883728,0.8761063814163208,74.69444274902344,0.36762556433677673,0.8975905179977417,94.11214447021484,0.48052480816841125,0.4794608950614929,0.023592324927449226,0.13494808971881866,3179,4362,ba579a3d61eca66da9e2d005f12f0807769ab8da1a190acfdb65e1a7bb12a12d,train,validation,,,,,
Reddit-S,43,3,,,,,,,,,,,,,,,,,,aligned_distance_task_relevance,classification_loss,0.03369866376532008,3179,DESCRIPTIVE_ONLY
Reddit-S,43,3,,,,,,,,,,,,,,,,,,aligned_distance_task_relevance,multimodal_gain,0.2944495045189199,3179,TASK_RELEVANT_DIVERGENCE
Reddit-S,43,3,,,,,,,,,,,,,,,,,,aligned_distance_task_relevance,structure_benefit,0.24471044823603888,3179,TASK_RELEVANT_DIVERGENCE
Reddit-S,43,3,,,,,,,,,,,,,,,,,,aligned_distance_task_relevance,D_TV,0.29880100227280254,3179,TASK_RELEVANT_DIVERGENCE
Reddit-S,44,0,0.34836822748184204,0.34731730818748474,0.18971654772758484,0.7397216558456421,48.56743621826172,0.27615833282470703,0.7754477262496948,70.696533203125,0.6774093508720398,0.6785597801208496,0.011953444220125675,0.09059453010559082,3179,4463,26a48d254e4edeb244568767044294fa1f4c308356329c1f6ef9ea8219d09886,train,validation,,,,,
Reddit-S,44,1,0.49811118841171265,0.5009524822235107,0.2949724495410919,0.8762845993041992,75.51294708251953,0.37057316303253174,0.896213173866272,94.86672973632812,0.4879290461540222,0.4871203303337097,0.02390688844025135,0.13903743028640747,3179,4463,26a48d254e4edeb244568767044294fa1f4c308356329c1f6ef9ea8219d09886,train,validation,,,,,
Reddit-S,44,2,0.49811118841171265,0.5009525418281555,0.29497215151786804,0.8762840032577515,75.51287078857422,0.3705732822418213,0.8962133526802063,94.86676025390625,0.48792892694473267,0.48712030053138733,0.023277759552001953,0.13872286677360535,3179,4463,26a48d254e4edeb244568767044294fa1f4c308356329c1f6ef9ea8219d09886,train,validation,,,,,
Reddit-S,44,3,0.49811118841171265,0.5009524822235107,0.29497194290161133,0.8762844204902649,75.5128173828125,0.3705733120441437,0.8962132334709167,94.86676788330078,0.4879288673400879,0.48712024092674255,0.023592324927449226,0.14438502490520477,3179,4463,26a48d254e4edeb244568767044294fa1f4c308356329c1f6ef9ea8219d09886,train,validation,,,,,
Reddit-S,44,3,,,,,,,,,,,,,,,,,,aligned_distance_task_relevance,classification_loss,-0.009847983200948181,3179,DESCRIPTIVE_ONLY
Reddit-S,44,3,,,,,,,,,,,,,,,,,,aligned_distance_task_relevance,multimodal_gain,0.22597486898413258,3179,TASK_RELEVANT_DIVERGENCE
Reddit-S,44,3,,,,,,,,,,,,,,,,,,aligned_distance_task_relevance,structure_benefit,0.23753480849255246,3179,TASK_RELEVANT_DIVERGENCE
Reddit-S,44,3,,,,,,,,,,,,,,,,,,aligned_distance_task_relevance,D_TV,0.22498432023545717,3179,TASK_RELEVANT_DIVERGENCE
