dataset,seed,n,status,beta0,betaA,betaC,betaM,betaAC,betaAM,betaCM,betaACM,r_squared_descriptive,p_values
Movies,42,3334,descriptive_only,0.27169722195918616,0.002420209284316535,-0.06194904375183209,-0.0427841223766951,-0.038049857828982694,0.011972047872583415,0.05281307933729382,0.04329266892822967,0.006373924556861921,not computed; graph nodes are not independent
Movies,43,3334,descriptive_only,-0.016660814718787418,0.0363800302545183,0.002558479551346138,0.037320619094713604,0.003027006402645809,-0.04299657106762029,-0.014999261904841943,0.01689906980673626,0.00643730219632721,not computed; graph nodes are not independent
Movies,44,3334,descriptive_only,0.12250652212719443,-0.055424595162680744,-0.01753175238265326,0.025145520220272586,0.022882701843640486,0.04286912401255487,0.015147769564731038,-0.0061166471167281595,0.008261862355268157,not computed; graph nodes are not independent
Toys,42,4138,descriptive_only,0.442089727608392,-0.15213213232298312,-0.15279315831296983,0.11426571525440349,-0.003808217515598379,0.04184234944385855,0.04479796654805022,-0.009727085159842407,0.03514184035424328,not computed; graph nodes are not independent
Toys,43,4134,descriptive_only,-0.0068878658214411494,-0.015645255163809733,0.011400346633576622,0.0426260300842829,0.009152080127077696,-0.03290980602130866,0.003649026367070694,-0.0013660641631610443,0.010473151128186697,not computed; graph nodes are not independent
Toys,44,4138,descriptive_only,0.08764009485824364,-0.06343230366662905,-0.002272576471254841,0.04822358719724474,-0.013989992601897256,-0.011146203019743138,0.0017434874529124525,-0.014102779432062817,0.020662892236827046,not computed; graph nodes are not independent
Grocery,42,3415,descriptive_only,0.47670171056875765,-0.15539983291009896,-0.021413948512627453,0.2352884196249637,0.0477621062786112,0.09696002340554777,-0.021282312256965655,0.06355162405198364,0.037968571099003645,not computed; graph nodes are not independent
Grocery,43,3415,descriptive_only,0.06237436659060288,-0.02981943921972661,0.03141942889469446,0.114596790341989,0.03440106988881756,0.008760081089929456,-0.04272402161298733,-0.00029940284106169126,0.012994593917601827,not computed; graph nodes are not independent
Grocery,44,3415,descriptive_only,0.08627906224064451,-0.0747411803462379,-0.031372087560426636,0.06775291562743428,0.10863578221926681,0.04641219492093512,0.024277502134377824,0.011384933736752825,0.02897314509861315,not computed; graph nodes are not independent
ele-fashion,42,9776,descriptive_only,0.011322160398389,0.014357196657950823,0.026420643139716652,0.027838444176011383,-0.025650490304789275,0.0057679213542342934,0.011337501201634825,0.002995620017130441,0.00362167603525243,not computed; graph nodes are not independent
ele-fashion,43,9776,descriptive_only,-0.004558685042139228,0.01124287938076844,0.012935145795592018,0.010973101645922459,-0.01023823700533837,0.00387357127261999,0.014813925247788432,-0.0019330465782930197,0.0019935363391130334,not computed; graph nodes are not independent
ele-fashion,44,9776,descriptive_only,0.010602386412489725,0.024310183766122595,0.017460569904436556,0.026129292251850754,-0.03160097848329051,-0.017936943636952,0.015282549966362661,-0.0027218736980818116,0.005609000059832225,not computed; graph nodes are not independent
Reddit-S,42,3179,descriptive_only,0.12616337750177645,-0.16818845066985136,-0.0017746919469859266,0.07192130270799839,0.06004363570376351,0.013059386050392863,-0.00837320541322624,-0.021008117871646463,0.04204346775471157,not computed; graph nodes are not independent
Reddit-S,43,3179,descriptive_only,0.08390773219897395,-0.135576418009513,-0.021784539504034535,0.04921235824284884,0.010939700888292228,-0.00643851308888671,0.01203030569633766,0.00788790289152436,0.08071172906738588,not computed; graph nodes are not independent
Reddit-S,44,3179,descriptive_only,0.044751087467047784,-0.0849117764563699,0.032277044622237794,0.04953518842992948,-0.05931774619388756,-0.01598843776306047,-0.05022366522873444,0.011694254956189731,0.03767668439627436,not computed; graph nodes are not independent
