dataset,seed,intrinsic_sufficiency_high,structural_compatibility_high,modal_agreement_high,population,self_accuracy,uniform_accuracy,gpr_accuracy,text_accuracy,visual_accuracy,mean_graph_benefit,mean_multimodal_gain,mean_modality_specific_graph_utility_gap,mean_loss,intrinsic_sufficiency_median_train,structural_compatibility_median_train,modal_agreement_median_train,threshold_source
Movies,42,0,0,0,819,0.38339439034461975,0.4285714328289032,0.4432234466075897,0.36141636967658997,0.3919413983821869,0.3216124475002289,0.5636351108551025,0.05601765960454941,1.6877177953720093,0.892035186290741,0.8836348652839661,0.9460573792457581,train_nodes_only
Movies,42,0,0,1,305,0.43278688192367554,0.5409836173057556,0.5278688669204712,0.5081967115402222,0.5147541165351868,0.29563087224960327,0.21009790897369385,-0.05738320201635361,1.5116766691207886,0.892035186290741,0.8836348652839661,0.9460573792457581,train_nodes_only
Movies,42,0,1,0,595,0.4084033668041229,0.5058823823928833,0.48571428656578064,0.46722689270973206,0.48067227005958557,0.281086802482605,0.47733619809150696,0.0758606567978859,1.5953342914581299,0.892035186290741,0.8836348652839661,0.9460573792457581,train_nodes_only
Movies,42,0,1,1,369,0.5338753461837769,0.5907859206199646,0.5907859206199646,0.6097561120986938,0.5934959053993225,0.15489333868026733,0.12699851393699646,0.05465206131339073,1.2140105962753296,0.892035186290741,0.8836348652839661,0.9460573792457581,train_nodes_only
Movies,42,1,0,0,308,0.5357142686843872,0.5616883039474487,0.548701286315918,0.4285714328289032,0.5324675440788269,0.3009914457798004,0.48243242502212524,0.09324686229228973,1.5622329711914062,0.892035186290741,0.8836348652839661,0.9460573792457581,train_nodes_only
Movies,42,1,0,1,164,0.6280487775802612,0.6524389982223511,0.6585366129875183,0.6341463327407837,0.6463414430618286,0.46632176637649536,0.22168822586536407,0.017243705689907074,1.0672094821929932,0.892035186290741,0.8836348652839661,0.9460573792457581,train_nodes_only
Movies,42,1,1,0,300,0.6433333158493042,0.6499999761581421,0.6433333158493042,0.5699999928474426,0.6066666841506958,0.16179470717906952,0.3968149423599243,0.0461357980966568,1.3704614639282227,0.892035186290741,0.8836348652839661,0.9460573792457581,train_nodes_only
Movies,42,1,1,1,474,0.8291139006614685,0.8438818454742432,0.852320671081543,0.8354430198669434,0.850210964679718,0.11233772337436676,0.07141333818435669,0.015236379578709602,0.6451206803321838,0.892035186290741,0.8836348652839661,0.9460573792457581,train_nodes_only
Movies,43,0,0,0,602,0.5016611218452454,0.5182723999023438,0.5265780687332153,0.4036544859409332,0.4916943609714508,0.03135351091623306,0.6030040979385376,-0.07096829265356064,1.4565157890319824,0.7243247628211975,0.8828125,0.9392913579940796,train_nodes_only
Movies,43,0,0,1,350,0.6114285588264465,0.5742856860160828,0.6228571534156799,0.5742856860160828,0.5942857265472412,-0.0820128545165062,0.19353702664375305,-0.24202242493629456,1.33208429813385,0.7243247628211975,0.8828125,0.9392913579940796,train_nodes_only
Movies,43,0,1,0,405,0.6000000238418579,0.585185170173645,0.6123456954956055,0.4641975164413452,0.5925925970077515,-0.014844373799860477,0.6364209651947021,-0.10367842018604279,1.2400981187820435,0.7243247628211975,0.8828125,0.9392913579940796,train_nodes_only
Movies,43,0,1,1,382,0.727748692035675,0.6387434601783752,0.6858638525009155,0.6518324613571167,0.6780104637145996,-0.1097063422203064,0.18659105896949768,-0.19438941776752472,0.912731945514679,0.7243247628211975,0.8828125,0.9392913579940796,train_nodes_only
Movies,43,1,0,0,381,0.6771653294563293,0.6614173054695129,0.6745406985282898,0.46981626749038696,0.6325459480285645,0.09705711901187897,0.6761197447776794,-0.01087980903685093,1.097403883934021,0.7243247628211975,0.8828125,0.9392913579940796,train_nodes_only
Movies,43,1,0,1,303,0.8217821717262268,0.7986798882484436,0.8118811845779419,0.7524752616882324,0.7557755708694458,-0.038257528096437454,0.2405199110507965,-0.20242445170879364,0.750625491142273,0.7243247628211975,0.8828125,0.9392913579940796,train_nodes_only
Movies,43,1,1,0,309,0.8317152261734009,0.8025889992713928,0.8220064640045166,0.6407766938209534,0.8090614676475525,-0.00901081133633852,0.6622087359428406,-0.03569380193948746,0.6922667026519775,0.7243247628211975,0.8828125,0.9392913579940796,train_nodes_only
Movies,43,1,1,1,602,0.9003322124481201,0.9019933342933655,0.9036544561386108,0.8853820562362671,0.8970099687576294,0.015622208826243877,0.16006048023700714,-0.07543934881687164,0.37633079290390015,0.7243247628211975,0.8828125,0.9392913579940796,train_nodes_only
Movies,44,0,0,0,598,0.5,0.5702341198921204,0.5384615659713745,0.4214046895503998,0.4832775890827179,0.16608066856861115,0.6617247462272644,-0.003093753010034561,1.3176766633987427,0.7514440417289734,0.8802083134651184,0.9424061179161072,train_nodes_only
Movies,44,0,0,1,329,0.6170212626457214,0.6717325448989868,0.6626139879226685,0.6443768739700317,0.6595744490623474,0.24480709433555603,0.3068915903568268,-0.09355489164590836,0.9193655848503113,0.7514440417289734,0.8802083134651184,0.9424061179161072,train_nodes_only
Movies,44,0,1,0,431,0.5058004856109619,0.6171693801879883,0.5893271565437317,0.4988399147987366,0.5498839616775513,0.133294939994812,0.5494308471679688,0.04652480408549309,1.299324870109558,0.7514440417289734,0.8802083134651184,0.9424061179161072,train_nodes_only
Movies,44,0,1,1,362,0.6685082912445068,0.7154695987701416,0.6795580387115479,0.6767956018447876,0.6767956018447876,0.12134117633104324,0.29075542092323303,-0.07285992056131363,0.8094866275787354,0.7514440417289734,0.8802083134651184,0.9424061179161072,train_nodes_only
Movies,44,1,0,0,385,0.7558441758155823,0.7922077775001526,0.768831193447113,0.6025974154472351,0.7038961052894592,0.10716509073972702,0.768074631690979,0.008511416614055634,0.7607553601264954,0.7514440417289734,0.8802083134651184,0.9424061179161072,train_nodes_only
Movies,44,1,0,1,318,0.7924528121948242,0.801886796951294,0.7924528121948242,0.7452830076217651,0.7798742055892944,0.00580892339348793,0.22745689749717712,0.0061281658709049225,0.8277677297592163,0.7514440417289734,0.8802083134651184,0.9424061179161072,train_nodes_only
Movies,44,1,1,0,265,0.7207547426223755,0.7849056720733643,0.7358490824699402,0.6188679337501526,0.7433962225914001,0.12710312008857727,0.5762122869491577,-0.014526470564305782,0.8368439078330994,0.7514440417289734,0.8802083134651184,0.9424061179161072,train_nodes_only
Movies,44,1,1,1,646,0.8947368264198303,0.9071207642555237,0.8947368264198303,0.8808049559593201,0.8839009404182434,0.03095119632780552,0.16490158438682556,-0.007775330450385809,0.39597707986831665,0.7514440417289734,0.8802083134651184,0.9424061179161072,train_nodes_only
Toys,42,0,0,0,1022,0.5283757448196411,0.6477494835853577,0.6418786644935608,0.645792543888092,0.5733855366706848,0.8191947340965271,0.4947630763053894,-0.15907052159309387,1.1911650896072388,0.9699180722236633,0.9647409319877625,0.9787718057632446,train_nodes_only
Toys,42,0,0,1,292,0.6883561611175537,0.818493127822876,0.8150684833526611,0.8116438388824463,0.8219178318977356,0.46343398094177246,0.0279099028557539,-0.1520032286643982,0.6921874284744263,0.9699180722236633,0.9647409319877625,0.9787718057632446,train_nodes_only
Toys,42,0,1,0,683,0.6222547292709351,0.6998535990715027,0.7042459845542908,0.6822840571403503,0.6617862582206726,0.4873695969581604,0.48807522654533386,-0.07475316524505615,0.9472053647041321,0.9699180722236633,0.9647409319877625,0.9787718057632446,train_nodes_only
Toys,42,0,1,1,277,0.750902533531189,0.8158844709396362,0.8158844709396362,0.7942238450050354,0.7942238450050354,0.26124581694602966,0.06336786597967148,-0.0411873534321785,0.6256934404373169,0.9699180722236633,0.9647409319877625,0.9787718057632446,train_nodes_only
Toys,42,1,0,0,319,0.8307210206985474,0.8369905948638916,0.8401253819465637,0.8432601690292358,0.8025078177452087,0.5079019069671631,0.3687162697315216,-0.10988330841064453,0.5788143277168274,0.9699180722236633,0.9647409319877625,0.9787718057632446,train_nodes_only
Toys,42,1,0,1,449,0.9532294273376465,0.9576837420463562,0.9576837420463562,0.9576837420463562,0.9576837420463562,0.09987740963697433,-0.007526790257543325,-0.02221287228167057,0.2887267768383026,0.9699180722236633,0.9647409319877625,0.9787718057632446,train_nodes_only
Toys,42,1,1,0,260,0.9076923131942749,0.8961538672447205,0.8999999761581421,0.8807692527770996,0.8807692527770996,0.2736024856567383,0.2241802215576172,-0.1671457141637802,0.4723756015300751,0.9699180722236633,0.9647409319877625,0.9787718057632446,train_nodes_only
Toys,42,1,1,1,836,0.9677033424377441,0.9653109908103943,0.9665071964263916,0.9653109908103943,0.9653109908103943,0.07038850337266922,0.008237365633249283,-0.024236829951405525,0.21707576513290405,0.9699180722236633,0.9647409319877625,0.9787718057632446,train_nodes_only
Toys,43,0,0,0,908,0.6707048416137695,0.6718061566352844,0.6740087866783142,0.6861233711242676,0.634361207485199,0.037293363362550735,0.4258009195327759,-0.45700860023498535,0.9988406896591187,0.9265825748443604,0.9609375,0.9759567379951477,train_nodes_only
Toys,43,0,0,1,293,0.8771331310272217,0.8873720169067383,0.8805460929870605,0.8805460929870605,0.8771331310272217,-0.04608481749892235,0.04493249952793121,-0.2952568233013153,0.4878818094730377,0.9265825748443604,0.9609375,0.9759567379951477,train_nodes_only
Toys,43,0,1,0,603,0.6965174078941345,0.7180762887001038,0.7164179086685181,0.711442768573761,0.6948590278625488,0.07285251468420029,0.3698388338088989,-0.3221847116947174,0.8546524047851562,0.9265825748443604,0.9609375,0.9759567379951477,train_nodes_only
Toys,43,0,1,1,327,0.822629988193512,0.8042813539505005,0.8134556412696838,0.8379204869270325,0.819571852684021,-0.0374840572476387,0.04159402847290039,-0.2019747644662857,0.4946063160896301,0.9265825748443604,0.9609375,0.9759567379951477,train_nodes_only
Toys,43,1,0,0,288,0.9131944179534912,0.8993055820465088,0.90625,0.8784722089767456,0.8680555820465088,0.029668953269720078,0.338657408952713,-0.2970220744609833,0.3410588502883911,0.9265825748443604,0.9609375,0.9759567379951477,train_nodes_only
Toys,43,1,0,1,472,0.9597457647323608,0.9618644118309021,0.9597457647323608,0.9639830589294434,0.9618644118309021,-0.0050680008716881275,0.04715336859226227,-0.08717234432697296,0.1945507675409317,0.9265825748443604,0.9609375,0.9759567379951477,train_nodes_only
Toys,43,1,1,0,327,0.932721734046936,0.9204893112182617,0.9266055226325989,0.9357798099517822,0.8837920427322388,-0.03157878294587135,0.24717585742473602,-0.24577760696411133,0.357528418302536,0.9265825748443604,0.9609375,0.9759567379951477,train_nodes_only
Toys,43,1,1,1,916,0.9770742654800415,0.9759825468063354,0.9759825468063354,0.9770742654800415,0.9770742654800415,-0.023027673363685608,0.029076190665364265,-0.05797336623072624,0.14261865615844727,0.9265825748443604,0.9609375,0.9759567379951477,train_nodes_only
Toys,44,0,0,0,934,0.6948608160018921,0.740899384021759,0.7612419724464417,0.6691648960113525,0.6413276195526123,0.1790212094783783,0.5870743989944458,-0.4013286828994751,0.8249059319496155,0.9361526370048523,0.9630681872367859,0.9756476283073425,train_nodes_only
Toys,44,0,0,1,351,0.8062677979469299,0.8575498461723328,0.8575498461723328,0.8290598392486572,0.8319088220596313,0.10046744346618652,0.12675851583480835,-0.14082083106040955,0.4450717568397522,0.9361526370048523,0.9630681872367859,0.9756476283073425,train_nodes_only
Toys,44,0,1,0,549,0.7158470153808594,0.7759562730789185,0.7850637435913086,0.7176684737205505,0.7122039794921875,0.2057175189256668,0.4993496835231781,-0.28623226284980774,0.6633506417274475,0.9361526370048523,0.9630681872367859,0.9756476283073425,train_nodes_only
Toys,44,0,1,1,315,0.7936508059501648,0.8285714387893677,0.8285714387893677,0.8285714387893677,0.8222222328186035,0.10002536326646805,0.1098329946398735,-0.1605871617794037,0.46059560775756836,0.9361526370048523,0.9630681872367859,0.9756476283073425,train_nodes_only
Toys,44,1,0,0,310,0.9032257795333862,0.9129032492637634,0.9161290526390076,0.8354838490486145,0.8290322422981262,0.04038666561245918,0.5300040245056152,-0.15086309611797333,0.37223830819129944,0.9361526370048523,0.9630681872367859,0.9756476283073425,train_nodes_only
Toys,44,1,0,1,484,0.96074378490448,0.9628099203109741,0.9648760557174683,0.96074378490448,0.9628099203109741,0.009526184760034084,0.04867507889866829,-0.061287421733140945,0.19138309359550476,0.9361526370048523,0.9630681872367859,0.9756476283073425,train_nodes_only
Toys,44,1,1,0,306,0.9346405267715454,0.9313725233078003,0.9379084706306458,0.9313725233078003,0.9019607901573181,-0.001722437096759677,0.3017495572566986,-0.1595640331506729,0.2659938931465149,0.9361526370048523,0.9630681872367859,0.9756476283073425,train_nodes_only
Toys,44,1,1,1,889,0.974128246307373,0.9752531051635742,0.9752531051635742,0.9763779640197754,0.9763779640197754,-0.0036083387676626444,0.041521068662405014,-0.06536058336496353,0.1363905370235443,0.9361526370048523,0.9630681872367859,0.9756476283073425,train_nodes_only
Grocery,42,0,0,0,898,0.5657015442848206,0.6592427492141724,0.6614699363708496,0.6636971235275269,0.5991091132164001,0.9120057225227356,0.5535643696784973,-0.4463263750076294,1.1565897464752197,0.986864447593689,0.8977426886558533,0.9799315333366394,train_nodes_only
Grocery,42,0,0,1,169,0.7928994297981262,0.8994082808494568,0.9053254723548889,0.8934911489486694,0.8934911489486694,0.3348866105079651,-0.02253040298819542,-0.3317699134349823,0.5231949687004089,0.986864447593689,0.8977426886558533,0.9799315333366394,train_nodes_only
Grocery,42,0,1,0,550,0.6436363458633423,0.7018181681632996,0.7072727084159851,0.6945454478263855,0.6363636255264282,0.5890592336654663,0.6346077919006348,-0.08508014678955078,1.0525075197219849,0.986864447593689,0.8977426886558533,0.9799315333366394,train_nodes_only
Grocery,42,0,1,1,206,0.9077669978141785,0.9320388436317444,0.9368932247161865,0.9368932247161865,0.9223300814628601,0.09873372316360474,0.003028520382940769,-0.10788878798484802,0.3137713670730591,0.986864447593689,0.8977426886558533,0.9799315333366394,train_nodes_only
Grocery,42,1,0,0,305,0.88852459192276,0.8852459192276001,0.8918032646179199,0.8557376861572266,0.8459016680717468,0.46562299132347107,0.40121445059776306,-0.3244711458683014,0.5061728358268738,0.986864447593689,0.8977426886558533,0.9799315333366394,train_nodes_only
Grocery,42,1,0,1,306,0.9640522599220276,0.9607843160629272,0.9607843160629272,0.9575163125991821,0.9542483687400818,0.0498722679913044,-0.0020582645665854216,-0.12241176515817642,0.3540300726890564,0.986864447593689,0.8977426886558533,0.9799315333366394,train_nodes_only
Grocery,42,1,1,0,232,0.8965517282485962,0.9094827771186829,0.9094827771186829,0.8965517282485962,0.875,0.38165104389190674,0.27064797282218933,-0.0021238757763057947,0.5481794476509094,0.986864447593689,0.8977426886558533,0.9799315333366394,train_nodes_only
Grocery,42,1,1,1,749,0.9759679436683655,0.9746328592300415,0.9746328592300415,0.9746328592300415,0.9746328592300415,0.10748623311519623,0.0065695433877408504,-0.0034625723492354155,0.21103371679782867,0.986864447593689,0.8977426886558533,0.9799315333366394,train_nodes_only
Grocery,43,0,0,0,800,0.8050000071525574,0.7649999856948853,0.7337499856948853,0.737500011920929,0.7287499904632568,0.19228240847587585,0.5266420245170593,-0.6377508044242859,0.8080147504806519,0.974856972694397,0.8968750238418579,0.9758784174919128,train_nodes_only
Grocery,43,0,0,1,265,0.9320755004882812,0.947169840335846,0.947169840335846,0.9547169804573059,0.947169840335846,0.06849656999111176,0.014931192621588707,-0.3146832585334778,0.25027769804000854,0.974856972694397,0.8968750238418579,0.9758784174919128,train_nodes_only
Grocery,43,0,1,0,466,0.8454935550689697,0.8454935550689697,0.8283261656761169,0.8111587762832642,0.774678111076355,0.12293389439582825,0.47417163848876953,-0.3661866784095764,0.6280980110168457,0.974856972694397,0.8968750238418579,0.9758784174919128,train_nodes_only
Grocery,43,0,1,1,244,0.9631147384643555,0.9344262480735779,0.9303278923034668,0.9303278923034668,0.9262295365333557,-0.060632966458797455,0.045964013785123825,-0.18671776354312897,0.21237429976463318,0.974856972694397,0.8968750238418579,0.9758784174919128,train_nodes_only
Grocery,43,1,0,0,268,0.9552238583564758,0.9477611780166626,0.9291045069694519,0.9216417670249939,0.9141790866851807,-0.04612429067492485,0.3557036817073822,-0.40236708521842957,0.3209575414657593,0.974856972694397,0.8968750238418579,0.9758784174919128,train_nodes_only
Grocery,43,1,0,1,431,0.988399088382721,0.9837586879730225,0.9837586879730225,0.9814385175704956,0.9814385175704956,0.0021565451752394438,0.040346842259168625,-0.10814210027456284,0.15848135948181152,0.974856972694397,0.8968750238418579,0.9758784174919128,train_nodes_only
Grocery,43,1,1,0,184,0.967391312122345,0.9510869383811951,0.95652174949646,0.967391312122345,0.91847825050354,0.07973819226026535,0.3474224805831909,-0.14948570728302002,0.21661213040351868,0.974856972694397,0.8968750238418579,0.9758784174919128,train_nodes_only
Grocery,43,1,1,1,757,0.9894319772720337,0.9894319772720337,0.9894319772720337,0.9894319772720337,0.9894319772720337,0.0400315560400486,0.007618545088917017,-0.034840647131204605,0.09186170250177383,0.974856972694397,0.8968750238418579,0.9758784174919128,train_nodes_only
Grocery,44,0,0,0,785,0.8025477528572083,0.8280254602432251,0.8012738823890686,0.7337579727172852,0.6229299306869507,0.25196143984794617,0.7879831790924072,-0.22464008629322052,0.7320988178253174,0.9790867567062378,0.89453125,0.969407320022583,train_nodes_only
Grocery,44,0,0,1,250,0.9200000166893005,0.9160000085830688,0.9160000085830688,0.9079999923706055,0.9079999923706055,0.1013604924082756,0.13354900479316711,-0.13006319105625153,0.3391987681388855,0.9790867567062378,0.89453125,0.969407320022583,train_nodes_only
Grocery,44,0,1,0,448,0.8549107313156128,0.859375,0.8459821343421936,0.7834821343421936,0.6897321343421936,0.07616786658763885,0.6886187791824341,-0.06909642368555069,0.5348795652389526,0.9790867567062378,0.89453125,0.969407320022583,train_nodes_only
Grocery,44,0,1,1,277,0.9494584798812866,0.9386281371116638,0.9458483457565308,0.9241877198219299,0.9133573770523071,-0.028175655752420425,0.10115031152963638,-0.04627398028969765,0.2031947374343872,0.9790867567062378,0.89453125,0.969407320022583,train_nodes_only
Grocery,44,1,0,0,308,0.9577922224998474,0.9545454382896423,0.948051929473877,0.9253246784210205,0.8766233921051025,0.023333847522735596,0.5840452909469604,0.006202496588230133,0.22997792065143585,0.9790867567062378,0.89453125,0.969407320022583,train_nodes_only
Grocery,44,1,0,1,357,0.9831932783126831,0.9775910377502441,0.9775910377502441,0.9663865566253662,0.9691876769065857,0.0011098955292254686,0.11024757474660873,0.0023707051295787096,0.18912069499492645,0.9790867567062378,0.89453125,0.969407320022583,train_nodes_only
Grocery,44,1,1,0,193,0.9689119458198547,0.9740932583808899,0.9792746305465698,0.9481865167617798,0.9430052042007446,0.0631219744682312,0.3683527708053589,-0.09749694168567657,0.14810152351856232,0.9790867567062378,0.89453125,0.969407320022583,train_nodes_only
Grocery,44,1,1,1,797,0.9912170767784119,0.9912170767784119,0.9912170767784119,0.9899623394012451,0.9887076616287231,0.012229666113853455,0.02659572660923004,-0.012316233478486538,0.07300172001123428,0.9790867567062378,0.89453125,0.969407320022583,train_nodes_only
ele-fashion,42,0,0,0,1761,0.7842135429382324,0.7654741406440735,0.7796706557273865,0.7314026355743408,0.6984667778015137,0.00016543101810384542,0.3988509178161621,-0.13860133290290833,0.6946187615394592,0.9703354239463806,0.9593750238418579,0.9912806153297424,train_nodes_only
ele-fashion,42,0,0,1,650,0.8415384888648987,0.8492307662963867,0.8492307662963867,0.8492307662963867,0.8523076772689819,-0.19326448440551758,0.014398304745554924,-0.10179708898067474,0.6524228453636169,0.9703354239463806,0.9593750238418579,0.9912806153297424,train_nodes_only
ele-fashion,42,0,1,0,1600,0.7443749904632568,0.7556250095367432,0.7649999856948853,0.7437499761581421,0.7231249809265137,0.04601569101214409,0.3278825283050537,-0.09080382436513901,0.6867749094963074,0.9703354239463806,0.9593750238418579,0.9912806153297424,train_nodes_only
ele-fashion,42,0,1,1,992,0.836693525314331,0.8336693644523621,0.8306451439857483,0.836693525314331,0.8306451439857483,0.016620952636003494,0.06492111086845398,-0.03604733198881149,0.528616726398468,0.9703354239463806,0.9593750238418579,0.9912806153297424,train_nodes_only
ele-fashion,42,1,0,0,970,0.946391761302948,0.9422680139541626,0.9474226832389832,0.9319587349891663,0.8804123997688293,0.05838831514120102,0.2657252550125122,-0.13428381085395813,0.2673594653606415,0.9703354239463806,0.9593750238418579,0.9912806153297424,train_nodes_only
ele-fashion,42,1,0,1,1507,0.9880557656288147,0.9860650300979614,0.9873921871185303,0.9860650300979614,0.9860650300979614,-1.1235891179239843e-05,0.014363812282681465,-0.04290877282619476,0.08084961771965027,0.9703354239463806,0.9593750238418579,0.9912806153297424,train_nodes_only
ele-fashion,42,1,1,0,677,0.9483013153076172,0.9497784376144409,0.9497784376144409,0.9512555599212646,0.9261447787284851,0.04904912784695625,0.15547223389148712,-0.058064065873622894,0.2447323352098465,0.9703354239463806,0.9593750238418579,0.9912806153297424,train_nodes_only
ele-fashion,42,1,1,1,1619,0.9796170592308044,0.9796170592308044,0.9796170592308044,0.9796170592308044,0.9796170592308044,0.010549851693212986,0.004621317610144615,-0.011319474317133427,0.13283847272396088,0.9703354239463806,0.9593750238418579,0.9912806153297424,train_nodes_only
ele-fashion,43,0,0,0,1802,0.7674805521965027,0.7613762617111206,0.7702552676200867,0.7469478249549866,0.7003329396247864,-0.006975205615162849,0.4009493589401245,-0.12381604313850403,0.7057121992111206,0.9775865077972412,0.9593750238418579,0.9913704991340637,train_nodes_only
ele-fashion,43,0,0,1,652,0.8266870975494385,0.8343558311462402,0.842024564743042,0.8236196041107178,0.8358895778656006,-0.22513015568256378,-0.009550487622618675,-0.10116792470216751,0.7206290364265442,0.9775865077972412,0.9593750238418579,0.9913704991340637,train_nodes_only
ele-fashion,43,0,1,0,1654,0.7545344829559326,0.7629988193511963,0.7690447568893433,0.7666263580322266,0.7279322743415833,0.030434168875217438,0.2923496663570404,-0.0855807512998581,0.6977263689041138,0.9775865077972412,0.9593750238418579,0.9913704991340637,train_nodes_only
ele-fashion,43,0,1,1,941,0.836344301700592,0.8405951261520386,0.841657817363739,0.8448458909988403,0.8437831997871399,-0.037221528589725494,0.04068132862448692,-0.019496798515319824,0.5389207601547241,0.9775865077972412,0.9593750238418579,0.9913704991340637,train_nodes_only
ele-fashion,43,1,0,0,984,0.952235758304596,0.9430894255638123,0.9481707215309143,0.9329268336296082,0.8770325183868408,0.03601336106657982,0.264543741941452,-0.08001524955034256,0.25375881791114807,0.9775865077972412,0.9593750238418579,0.9913704991340637,train_nodes_only
ele-fashion,43,1,0,1,1457,0.988332211971283,0.9876458644866943,0.9876458644866943,0.9876458644866943,0.9876458644866943,-0.0043920972384512424,0.015866218134760857,-0.032668113708496094,0.07904303818941116,0.9775865077972412,0.9593750238418579,0.9913704991340637,train_nodes_only
ele-fashion,43,1,1,0,613,0.9526916742324829,0.9526916742324829,0.9526916742324829,0.9526916742324829,0.9331158399581909,0.021967001259326935,0.14414997398853302,-0.0693850964307785,0.24154190719127655,0.9775865077972412,0.9593750238418579,0.9913704991340637,train_nodes_only
ele-fashion,43,1,1,1,1673,0.9790794849395752,0.9790794849395752,0.9790794849395752,0.9790794849395752,0.9790794849395752,0.00808809045702219,-0.0035346103832125664,-0.009249841794371605,0.13511447608470917,0.9775865077972412,0.9593750238418579,0.9913704991340637,train_nodes_only
ele-fashion,44,0,0,0,1737,0.7714450359344482,0.753598153591156,0.7714450359344482,0.7432354688644409,0.6994818449020386,0.022656168788671494,0.41886577010154724,-0.09582100808620453,0.699406623840332,0.9686431884765625,0.9588068127632141,0.9911366701126099,train_nodes_only
ele-fashion,44,0,0,1,685,0.8321167826652527,0.8306569457054138,0.8335766196250916,0.8321167826652527,0.8379561901092529,-0.17269065976142883,0.029570240527391434,-0.0636519268155098,0.7189425230026245,0.9686431884765625,0.9588068127632141,0.9911366701126099,train_nodes_only
ele-fashion,44,0,1,0,1550,0.7477419376373291,0.7587096691131592,0.7612903118133545,0.7541935443878174,0.7141935229301453,0.06496340781450272,0.35917937755584717,-0.05601527914404869,0.6821306347846985,0.9686431884765625,0.9588068127632141,0.9911366701126099,train_nodes_only
ele-fashion,44,0,1,1,1010,0.8356435894966125,0.8316831588745117,0.8336633443832397,0.8346534371376038,0.8346534371376038,-0.005789286457002163,0.0664883628487587,-0.027251295745372772,0.5293987393379211,0.9686431884765625,0.9588068127632141,0.9911366701126099,train_nodes_only
ele-fashion,44,1,0,0,1024,0.95703125,0.953125,0.9541015625,0.94140625,0.8662109375,0.03868936374783516,0.28068193793296814,-0.09490055590867996,0.23443613946437836,0.9686431884765625,0.9588068127632141,0.9911366701126099,train_nodes_only
ele-fashion,44,1,0,1,1461,0.9890486001968384,0.9890486001968384,0.987679660320282,0.9883641600608826,0.987679660320282,0.0011733118444681168,0.015671145170927048,-0.03658505156636238,0.06652162969112396,0.9686431884765625,0.9588068127632141,0.9911366701126099,train_nodes_only
ele-fashion,44,1,1,0,658,0.9376899600028992,0.9376899600028992,0.9392096996307373,0.936170220375061,0.8996960520744324,0.06684152781963348,0.17442771792411804,-0.03785237297415733,0.3211025595664978,0.9686431884765625,0.9588068127632141,0.9911366701126099,train_nodes_only
ele-fashion,44,1,1,1,1651,0.9842519760131836,0.9842519760131836,0.9842519760131836,0.9842519760131836,0.9842519760131836,0.003737368155270815,0.0003482104802969843,-0.01216021366417408,0.11678354442119598,0.9686431884765625,0.9588068127632141,0.9911366701126099,train_nodes_only
Reddit-S,42,0,0,0,727,0.810178816318512,0.9037138819694519,0.9050894379615784,0.8541952967643738,0.8789545893669128,0.3866006135940552,0.4745634198188782,1.1553066968917847,0.3752900958061218,0.9997263550758362,0.9336567521095276,0.9965669512748718,train_nodes_only
Reddit-S,42,0,0,1,173,0.9826589822769165,0.9884393215179443,0.9884393215179443,0.9884393215179443,0.9884393215179443,0.025258034467697144,0.008066391572356224,0.5334936380386353,0.07722891122102737,0.9997263550758362,0.9336567521095276,0.9965669512748718,train_nodes_only
Reddit-S,42,0,1,0,541,0.8373382687568665,0.9112753868103027,0.9094269871711731,0.8798521161079407,0.8170055747032166,0.24465900659561157,0.5778950452804565,0.5671250224113464,0.3708108961582184,0.9997263550758362,0.9336567521095276,0.9965669512748718,train_nodes_only
Reddit-S,42,0,1,1,215,0.9906976819038391,0.9906976819038391,0.9953488111495972,0.9953488111495972,0.9953488111495972,-0.012425829656422138,0.01655467413365841,0.23496504127979279,0.041841357946395874,0.9997263550758362,0.9336567521095276,0.9965669512748718,train_nodes_only
Reddit-S,42,1,0,0,308,0.9902597665786743,0.9772727489471436,0.9740259647369385,0.9318181872367859,0.9740259647369385,0.00031760006095282733,0.1991705298423767,0.9168623685836792,0.09740106016397476,0.9997263550758362,0.9336567521095276,0.9965669512748718,train_nodes_only
Reddit-S,42,1,0,1,357,1.0,1.0,1.0,1.0,1.0,-0.0003875647089444101,0.0056579019874334335,0.30903559923171997,0.00048308572149835527,0.9997263550758362,0.9336567521095276,0.9965669512748718,train_nodes_only
Reddit-S,42,1,1,0,171,1.0,1.0,1.0,0.9707602262496948,0.988304078578949,-0.0019677283708006144,0.14577366411685944,0.6542968153953552,0.0023461896926164627,0.9997263550758362,0.9336567521095276,0.9965669512748718,train_nodes_only
Reddit-S,42,1,1,1,687,1.0,1.0,1.0,1.0,1.0,-0.00023466002312488854,0.003769532311707735,0.09484686702489853,0.0003349040634930134,0.9997263550758362,0.9336567521095276,0.9965669512748718,train_nodes_only
Reddit-S,43,0,0,0,676,0.8594674468040466,0.9497041702270508,0.9526627063751221,0.9304733872413635,0.8846153616905212,0.2948176860809326,0.34441813826560974,0.8950970768928528,0.2256215512752533,0.9995086193084717,0.9341732263565063,0.996163010597229,train_nodes_only
Reddit-S,43,0,0,1,208,0.9903846383094788,0.995192289352417,0.995192289352417,0.995192289352417,0.995192289352417,0.01225055567920208,-0.0325157605111599,0.4651719927787781,0.08185095340013504,0.9995086193084717,0.9341732263565063,0.996163010597229,train_nodes_only
Reddit-S,43,0,1,0,505,0.8831683397293091,0.9504950642585754,0.9584158658981323,0.9425742626190186,0.8455445766448975,0.14942018687725067,0.51554274559021,0.5276049971580505,0.20302581787109375,0.9995086193084717,0.9341732263565063,0.996163010597229,train_nodes_only
Reddit-S,43,0,1,1,224,0.9910714030265808,1.0,1.0,1.0,1.0,0.01816461980342865,0.007309129927307367,0.16578547656536102,0.005278672091662884,0.9995086193084717,0.9341732263565063,0.996163010597229,train_nodes_only
Reddit-S,43,1,0,0,281,0.9893238544464111,0.9750889539718628,0.9750889539718628,0.9572953581809998,0.9786477088928223,-0.01527190487831831,0.1367960423231125,0.6848507523536682,0.11009085923433304,0.9995086193084717,0.9341732263565063,0.996163010597229,train_nodes_only
Reddit-S,43,1,0,1,394,0.9974619150161743,0.9974619150161743,0.9974619150161743,0.9974619150161743,0.9974619150161743,-0.00436819065362215,0.005195564590394497,0.23381270468235016,0.019102610647678375,0.9995086193084717,0.9341732263565063,0.996163010597229,train_nodes_only
Reddit-S,43,1,1,0,146,1.0,1.0,1.0,0.9794520735740662,1.0,0.0015161259798333049,0.11316382884979248,0.5134929418563843,0.005212867166846991,0.9995086193084717,0.9341732263565063,0.996163010597229,train_nodes_only
Reddit-S,43,1,1,1,745,1.0,1.0,1.0,1.0,1.0,0.0006836735410615802,0.004500505048781633,0.0903717651963234,0.0002805917174555361,0.9995086193084717,0.9341732263565063,0.996163010597229,train_nodes_only
Reddit-S,44,0,0,0,677,0.8847858309745789,0.942392885684967,0.9468242526054382,0.9231905341148376,0.9069423675537109,0.15712466835975647,0.3197334408760071,0.9875759482383728,0.25322890281677246,0.9995318055152893,0.9348958730697632,0.9970929622650146,train_nodes_only
Reddit-S,44,0,0,1,220,0.9954545497894287,1.0,1.0,1.0,1.0,0.01343238539993763,0.006751490291208029,0.4846223294734955,0.0007780799642205238,0.9995318055152893,0.9348958730697632,0.9970929622650146,train_nodes_only
Reddit-S,44,0,1,0,476,0.9201680421829224,0.9600840210914612,0.9621848464012146,0.9432772994041443,0.8403361439704895,0.1143394187092781,0.5327576994895935,0.45938730239868164,0.18975938856601715,0.9995318055152893,0.9348958730697632,0.9970929622650146,train_nodes_only
Reddit-S,44,0,1,1,206,1.0,0.9951456189155579,0.9951456189155579,0.9951456189155579,0.9951456189155579,0.004535561427474022,0.0032721825409680605,0.28389161825180054,0.008040052838623524,0.9995318055152893,0.9348958730697632,0.9970929622650146,train_nodes_only
Reddit-S,44,1,0,0,265,0.99622642993927,0.9811320900917053,0.9811320900917053,0.9735848903656006,0.9811320900917053,-0.06534306704998016,0.05858341231942177,0.8566834330558777,0.10513029247522354,0.9995318055152893,0.9348958730697632,0.9970929622650146,train_nodes_only
Reddit-S,44,1,0,1,433,0.9976905584335327,0.9976905584335327,0.9976905584335327,0.9976905584335327,0.9976905584335327,0.002231704071164131,-0.009729588404297829,0.24844244122505188,0.03546084091067314,0.9995318055152893,0.9348958730697632,0.9970929622650146,train_nodes_only
Reddit-S,44,1,1,0,176,0.9943181872367859,0.9943181872367859,0.9943181872367859,0.9772727489471436,0.9829545617103577,-0.007102981675416231,0.10114268958568573,0.5874527096748352,0.03807897865772247,0.9995318055152893,0.9348958730697632,0.9970929622650146,train_nodes_only
Reddit-S,44,1,1,1,726,1.0,1.0,1.0,1.0,1.0,7.484225352527574e-05,0.003609538311138749,0.08579756319522858,0.000317167752655223,0.9995318055152893,0.9348958730697632,0.9970929622650146,train_nodes_only
