dataset,seed,probe,val_accuracy,val_macro_f1,train_accuracy,trainable_parameters,protocol,config_sha256,analysis,outcome,spearman,quantile_bins_json,n_validation,split,probe_sha256
Movies,42,self,0.5047990401919616,0.42974353972512136,0.89333200039988,10260,FrozenProbeProtocolV1,485314720bf7e0d54ce3b2ce98b77148d2e6a9674c92dcf42abcb6a4ba3779d7,,,,,,,
Movies,42,context,0.5578884223155369,0.47698446148778056,0.7248825352394281,10260,FrozenProbeProtocolV1,485314720bf7e0d54ce3b2ce98b77148d2e6a9674c92dcf42abcb6a4ba3779d7,,,,,,,
Movies,42,uniform,0.5680863827234554,0.48983643611559924,0.826552034389683,5140,FrozenProbeProtocolV1,485314720bf7e0d54ce3b2ce98b77148d2e6a9674c92dcf42abcb6a4ba3779d7,,,,,,,
Movies,42,,,,,,,,D_SC_vs_G_struct,model,0.11280872916136939,"[{""bin"": 0, ""n"": 834, ""mean_x"": 0.01776006817817688, ""mean_y"": 0.0021427804604172707}, {""bin"": 1, ""n"": 833, ""mean_x"": 0.07383827865123749, ""mean_y"": 0.11974089592695236}, {""bin"": 2, ""n"": 833, ""mean_x"": 0.16559413075447083, ""mean_y"": 0.2853495180606842}, {""bin"": 3, ""n"": 834, ""mean_x"": 0.3571194112300873, ""mean_y"": 0.611164927482605}]",3334,validation,485314720bf7e0d54ce3b2ce98b77148d2e6a9674c92dcf42abcb6a4ba3779d7
Movies,42,,,,,,,,D_SC_vs_G_struct,probe,0.25680222376224393,"[{""bin"": 0, ""n"": 834, ""mean_x"": 0.01776006817817688, ""mean_y"": -0.18511150777339935}, {""bin"": 1, ""n"": 833, ""mean_x"": 0.07383827865123749, ""mean_y"": -0.028425447642803192}, {""bin"": 2, ""n"": 833, ""mean_x"": 0.16559413075447083, ""mean_y"": 0.2745596766471863}, {""bin"": 3, ""n"": 834, ""mean_x"": 0.3571194112300873, ""mean_y"": 0.9918534755706787}]",3334,validation,485314720bf7e0d54ce3b2ce98b77148d2e6a9674c92dcf42abcb6a4ba3779d7
Movies,43,self,0.6265746850629874,0.5474830324652193,0.767369789063281,10260,FrozenProbeProtocolV1,485314720bf7e0d54ce3b2ce98b77148d2e6a9674c92dcf42abcb6a4ba3779d7,,,,,,,
Movies,43,context,0.6169766046790642,0.536284695478248,0.6656003199040288,10260,FrozenProbeProtocolV1,485314720bf7e0d54ce3b2ce98b77148d2e6a9674c92dcf42abcb6a4ba3779d7,,,,,,,
Movies,43,uniform,0.6889622075584882,0.6032409169952943,0.704888533439968,5140,FrozenProbeProtocolV1,485314720bf7e0d54ce3b2ce98b77148d2e6a9674c92dcf42abcb6a4ba3779d7,,,,,,,
Movies,43,,,,,,,,D_SC_vs_G_struct,model,-0.10964422261620003,"[{""bin"": 0, ""n"": 834, ""mean_x"": 0.020525487139821053, ""mean_y"": 0.008428340777754784}, {""bin"": 1, ""n"": 833, ""mean_x"": 0.06686455756425858, ""mean_y"": -0.03175371512770653}, {""bin"": 2, ""n"": 833, ""mean_x"": 0.13103404641151428, ""mean_y"": -0.023675305768847466}, {""bin"": 3, ""n"": 834, ""mean_x"": 0.29218900203704834, ""mean_y"": 0.01606791466474533}]",3334,validation,485314720bf7e0d54ce3b2ce98b77148d2e6a9674c92dcf42abcb6a4ba3779d7
Movies,43,,,,,,,,D_SC_vs_G_struct,probe,0.09279854383666968,"[{""bin"": 0, ""n"": 834, ""mean_x"": 0.020525487139821053, ""mean_y"": 0.05194218456745148}, {""bin"": 1, ""n"": 833, ""mean_x"": 0.06686455756425858, ""mean_y"": 0.10016477108001709}, {""bin"": 2, ""n"": 833, ""mean_x"": 0.13103404641151428, ""mean_y"": 0.1985095739364624}, {""bin"": 3, ""n"": 834, ""mean_x"": 0.29218900203704834, ""mean_y"": 0.5650814175605774}]",3334,validation,485314720bf7e0d54ce3b2ce98b77148d2e6a9674c92dcf42abcb6a4ba3779d7
Movies,44,self,0.6646670665866826,0.578123720146077,0.7956613016095171,10260,FrozenProbeProtocolV1,485314720bf7e0d54ce3b2ce98b77148d2e6a9674c92dcf42abcb6a4ba3779d7,,,,,,,
Movies,44,context,0.6445710857828434,0.5803157474312529,0.6715985204438668,10260,FrozenProbeProtocolV1,485314720bf7e0d54ce3b2ce98b77148d2e6a9674c92dcf42abcb6a4ba3779d7,,,,,,,
Movies,44,uniform,0.7438512297540492,0.6717681519548571,0.7383784864540638,5140,FrozenProbeProtocolV1,485314720bf7e0d54ce3b2ce98b77148d2e6a9674c92dcf42abcb6a4ba3779d7,,,,,,,
Movies,44,,,,,,,,D_SC_vs_G_struct,model,-0.00032360446161813127,"[{""bin"": 0, ""n"": 834, ""mean_x"": 0.020311377942562103, ""mean_y"": 0.03548983111977577}, {""bin"": 1, ""n"": 833, ""mean_x"": 0.06746659427881241, ""mean_y"": 0.08310134708881378}, {""bin"": 2, ""n"": 833, ""mean_x"": 0.13608649373054504, ""mean_y"": 0.12157871574163437}, {""bin"": 3, ""n"": 834, ""mean_x"": 0.306819349527359, ""mean_y"": 0.21333210170269012}]",3334,validation,485314720bf7e0d54ce3b2ce98b77148d2e6a9674c92dcf42abcb6a4ba3779d7
Movies,44,,,,,,,,D_SC_vs_G_struct,probe,0.06146159279109217,"[{""bin"": 0, ""n"": 834, ""mean_x"": 0.020311377942562103, ""mean_y"": 0.05087628960609436}, {""bin"": 1, ""n"": 833, ""mean_x"": 0.06746659427881241, ""mean_y"": 0.10912714153528214}, {""bin"": 2, ""n"": 833, ""mean_x"": 0.13608649373054504, ""mean_y"": 0.26177164912223816}, {""bin"": 3, ""n"": 834, ""mean_x"": 0.306819349527359, ""mean_y"": 0.5191783905029297}]",3334,validation,485314720bf7e0d54ce3b2ce98b77148d2e6a9674c92dcf42abcb6a4ba3779d7
Toys,42,self,0.7422082628654264,0.7249771547121271,0.938310380929371,9234,FrozenProbeProtocolV1,485314720bf7e0d54ce3b2ce98b77148d2e6a9674c92dcf42abcb6a4ba3779d7,,,,,,,
Toys,42,context,0.7956028026093259,0.7693872927970689,0.8854795844406862,9234,FrozenProbeProtocolV1,485314720bf7e0d54ce3b2ce98b77148d2e6a9674c92dcf42abcb6a4ba3779d7,,,,,,,
Toys,42,uniform,0.7970524281227349,0.7751677156556487,0.9048079246194733,4626,FrozenProbeProtocolV1,485314720bf7e0d54ce3b2ce98b77148d2e6a9674c92dcf42abcb6a4ba3779d7,,,,,,,
Toys,42,,,,,,,,D_SC_vs_G_struct,model,0.05535008106518656,"[{""bin"": 0, ""n"": 1035, ""mean_x"": 0.0011307867243885994, ""mean_y"": 0.07346253097057343}, {""bin"": 1, ""n"": 1034, ""mean_x"": 0.011614374816417694, ""mean_y"": 0.15124176442623138}, {""bin"": 2, ""n"": 1035, ""mean_x"": 0.06108243018388748, ""mean_y"": 0.4669285714626312}, {""bin"": 3, ""n"": 1035, ""mean_x"": 0.29098159074783325, ""mean_y"": 0.9651568531990051}]",4139,validation,485314720bf7e0d54ce3b2ce98b77148d2e6a9674c92dcf42abcb6a4ba3779d7
Toys,42,,,,,,,,D_SC_vs_G_struct,probe,0.21772181710302405,"[{""bin"": 0, ""n"": 1035, ""mean_x"": 0.0011307867243885994, ""mean_y"": 0.0010227392194792628}, {""bin"": 1, ""n"": 1034, ""mean_x"": 0.011614374816417694, ""mean_y"": 0.01021334994584322}, {""bin"": 2, ""n"": 1035, ""mean_x"": 0.06108243018388748, ""mean_y"": 0.16965588927268982}, {""bin"": 3, ""n"": 1035, ""mean_x"": 0.29098159074783325, ""mean_y"": 0.8028628826141357}]",4139,validation,485314720bf7e0d54ce3b2ce98b77148d2e6a9674c92dcf42abcb6a4ba3779d7
Toys,43,self,0.7811065474752356,0.762671641054713,0.891680760248047,9234,FrozenProbeProtocolV1,485314720bf7e0d54ce3b2ce98b77148d2e6a9674c92dcf42abcb6a4ba3779d7,,,,,,,
Toys,43,context,0.8253201256342112,0.7988998488654835,0.8584199081903842,9234,FrozenProbeProtocolV1,485314720bf7e0d54ce3b2ce98b77148d2e6a9674c92dcf42abcb6a4ba3779d7,,,,,,,
Toys,43,uniform,0.8412660062817106,0.8144673819195573,0.8547153096561166,4626,FrozenProbeProtocolV1,485314720bf7e0d54ce3b2ce98b77148d2e6a9674c92dcf42abcb6a4ba3779d7,,,,,,,
Toys,43,,,,,,,,D_SC_vs_G_struct,model,-0.04816867085218682,"[{""bin"": 0, ""n"": 1035, ""mean_x"": 0.0017447677673771977, ""mean_y"": -0.023357762023806572}, {""bin"": 1, ""n"": 1034, ""mean_x"": 0.014075803570449352, ""mean_y"": -0.036247383803129196}, {""bin"": 2, ""n"": 1035, ""mean_x"": 0.05808750540018082, ""mean_y"": -0.021281007677316666}, {""bin"": 3, ""n"": 1035, ""mean_x"": 0.24503138661384583, ""mean_y"": 0.10725383460521698}]",4139,validation,485314720bf7e0d54ce3b2ce98b77148d2e6a9674c92dcf42abcb6a4ba3779d7
Toys,43,,,,,,,,D_SC_vs_G_struct,probe,0.20107575348973003,"[{""bin"": 0, ""n"": 1035, ""mean_x"": 0.0017447677673771977, ""mean_y"": -0.000895711884368211}, {""bin"": 1, ""n"": 1034, ""mean_x"": 0.014075803570449352, ""mean_y"": 0.02518247254192829}, {""bin"": 2, ""n"": 1035, ""mean_x"": 0.05808750540018082, ""mean_y"": 0.11211561411619186}, {""bin"": 3, ""n"": 1035, ""mean_x"": 0.24503138661384583, ""mean_y"": 0.5874278545379639}]",4139,validation,485314720bf7e0d54ce3b2ce98b77148d2e6a9674c92dcf42abcb6a4ba3779d7
Toys,44,self,0.791012321816864,0.7750324908094101,0.9002979785777563,9234,FrozenProbeProtocolV1,485314720bf7e0d54ce3b2ce98b77148d2e6a9674c92dcf42abcb6a4ba3779d7,,,,,,,
Toys,44,context,0.827011355399855,0.802606353712625,0.8634935974873158,9234,FrozenProbeProtocolV1,485314720bf7e0d54ce3b2ce98b77148d2e6a9674c92dcf42abcb6a4ba3779d7,,,,,,,
Toys,44,uniform,0.8625271804783764,0.847886999809521,0.8700169122976564,4626,FrozenProbeProtocolV1,485314720bf7e0d54ce3b2ce98b77148d2e6a9674c92dcf42abcb6a4ba3779d7,,,,,,,
Toys,44,,,,,,,,D_SC_vs_G_struct,model,0.09180806279914983,"[{""bin"": 0, ""n"": 1035, ""mean_x"": 0.001749689457938075, ""mean_y"": 8.004230039659888e-05}, {""bin"": 1, ""n"": 1034, ""mean_x"": 0.014667540788650513, ""mean_y"": 0.041375961154699326}, {""bin"": 2, ""n"": 1035, ""mean_x"": 0.062444057315588, ""mean_y"": 0.1015043556690216}, {""bin"": 3, ""n"": 1035, ""mean_x"": 0.25201189517974854, ""mean_y"": 0.19956029951572418}]",4139,validation,485314720bf7e0d54ce3b2ce98b77148d2e6a9674c92dcf42abcb6a4ba3779d7
Toys,44,,,,,,,,D_SC_vs_G_struct,probe,0.2123825162084178,"[{""bin"": 0, ""n"": 1035, ""mean_x"": 0.001749689457938075, ""mean_y"": 0.006338586565107107}, {""bin"": 1, ""n"": 1034, ""mean_x"": 0.014667540788650513, ""mean_y"": 0.038945551961660385}, {""bin"": 2, ""n"": 1035, ""mean_x"": 0.062444057315588, ""mean_y"": 0.1752956509590149}, {""bin"": 3, ""n"": 1035, ""mean_x"": 0.25201189517974854, ""mean_y"": 0.6642712950706482}]",4139,validation,485314720bf7e0d54ce3b2ce98b77148d2e6a9674c92dcf42abcb6a4ba3779d7
Grocery,42,self,0.7730600292825769,0.7080446786309684,0.9744240531042562,10260,FrozenProbeProtocolV1,485314720bf7e0d54ce3b2ce98b77148d2e6a9674c92dcf42abcb6a4ba3779d7,,,,,,,
Grocery,42,context,0.8219619326500732,0.7460892687662181,0.9058961343225302,10260,FrozenProbeProtocolV1,485314720bf7e0d54ce3b2ce98b77148d2e6a9674c92dcf42abcb6a4ba3779d7,,,,,,,
Grocery,42,uniform,0.8272327964860908,0.7617210621947733,0.9341077704021866,5140,FrozenProbeProtocolV1,485314720bf7e0d54ce3b2ce98b77148d2e6a9674c92dcf42abcb6a4ba3779d7,,,,,,,
Grocery,42,,,,,,,,D_SC_vs_G_struct,model,0.01248453172942739,"[{""bin"": 0, ""n"": 854, ""mean_x"": 0.0006697146454825997, ""mean_y"": 0.12154054641723633}, {""bin"": 1, ""n"": 853, ""mean_x"": 0.010115033015608788, ""mean_y"": 0.1445649266242981}, {""bin"": 2, ""n"": 854, ""mean_x"": 0.06768341362476349, ""mean_y"": 0.3521936237812042}, {""bin"": 3, ""n"": 854, ""mean_x"": 0.32524776458740234, ""mean_y"": 1.1924378871917725}]",3415,validation,485314720bf7e0d54ce3b2ce98b77148d2e6a9674c92dcf42abcb6a4ba3779d7
Grocery,42,,,,,,,,D_SC_vs_G_struct,probe,0.20547284013365763,"[{""bin"": 0, ""n"": 854, ""mean_x"": 0.0006697146454825997, ""mean_y"": -0.01457923837006092}, {""bin"": 1, ""n"": 853, ""mean_x"": 0.010115033015608788, ""mean_y"": -0.019080618396401405}, {""bin"": 2, ""n"": 854, ""mean_x"": 0.06768341362476349, ""mean_y"": 0.1288425773382187}, {""bin"": 3, ""n"": 854, ""mean_x"": 0.32524776458740234, ""mean_y"": 0.9901068210601807}]",3415,validation,485314720bf7e0d54ce3b2ce98b77148d2e6a9674c92dcf42abcb6a4ba3779d7
Grocery,43,self,0.8231332357247437,0.7581218326092173,0.9560718469347911,10260,FrozenProbeProtocolV1,485314720bf7e0d54ce3b2ce98b77148d2e6a9674c92dcf42abcb6a4ba3779d7,,,,,,,
Grocery,43,context,0.861493411420205,0.7984635669658575,0.896036704412339,10260,FrozenProbeProtocolV1,485314720bf7e0d54ce3b2ce98b77148d2e6a9674c92dcf42abcb6a4ba3779d7,,,,,,,
Grocery,43,uniform,0.9016105417276721,0.8534842622421411,0.9104841858648965,5140,FrozenProbeProtocolV1,485314720bf7e0d54ce3b2ce98b77148d2e6a9674c92dcf42abcb6a4ba3779d7,,,,,,,
Grocery,43,,,,,,,,D_SC_vs_G_struct,model,-0.3917788800563835,"[{""bin"": 0, ""n"": 854, ""mean_x"": 0.0013373186811804771, ""mean_y"": 0.014720090664923191}, {""bin"": 1, ""n"": 853, ""mean_x"": 0.013292637653648853, ""mean_y"": 0.06355290859937668}, {""bin"": 2, ""n"": 854, ""mean_x"": 0.0685812458395958, ""mean_y"": 0.05448392778635025}, {""bin"": 3, ""n"": 854, ""mean_x"": 0.31317612528800964, ""mean_y"": 0.15773215889930725}]",3415,validation,485314720bf7e0d54ce3b2ce98b77148d2e6a9674c92dcf42abcb6a4ba3779d7
Grocery,43,,,,,,,,D_SC_vs_G_struct,probe,0.17054034202160182,"[{""bin"": 0, ""n"": 854, ""mean_x"": 0.0013373186811804771, ""mean_y"": 0.006890531629323959}, {""bin"": 1, ""n"": 853, ""mean_x"": 0.013292637653648853, ""mean_y"": 0.07204622030258179}, {""bin"": 2, ""n"": 854, ""mean_x"": 0.0685812458395958, ""mean_y"": 0.12913627922534943}, {""bin"": 3, ""n"": 854, ""mean_x"": 0.31317612528800964, ""mean_y"": 0.8023954629898071}]",3415,validation,485314720bf7e0d54ce3b2ce98b77148d2e6a9674c92dcf42abcb6a4ba3779d7
Grocery,44,self,0.8453879941434846,0.7858600831326454,0.962319406481843,10260,FrozenProbeProtocolV1,485314720bf7e0d54ce3b2ce98b77148d2e6a9674c92dcf42abcb6a4ba3779d7,,,,,,,
Grocery,44,context,0.8644216691068815,0.7974700540239097,0.9042366263178446,10260,FrozenProbeProtocolV1,485314720bf7e0d54ce3b2ce98b77148d2e6a9674c92dcf42abcb6a4ba3779d7,,,,,,,
Grocery,44,uniform,0.9171303074670571,0.8746795984738236,0.9249316673174541,5140,FrozenProbeProtocolV1,485314720bf7e0d54ce3b2ce98b77148d2e6a9674c92dcf42abcb6a4ba3779d7,,,,,,,
Grocery,44,,,,,,,,D_SC_vs_G_struct,model,-0.18321706922809267,"[{""bin"": 0, ""n"": 854, ""mean_x"": 0.0010913331061601639, ""mean_y"": -0.0010030042612925172}, {""bin"": 1, ""n"": 853, ""mean_x"": 0.01172157283872366, ""mean_y"": 0.02089945413172245}, {""bin"": 2, ""n"": 854, ""mean_x"": 0.06467408686876297, ""mean_y"": 0.060697752982378006}, {""bin"": 3, ""n"": 854, ""mean_x"": 0.3064819276332855, ""mean_y"": 0.24608254432678223}]",3415,validation,485314720bf7e0d54ce3b2ce98b77148d2e6a9674c92dcf42abcb6a4ba3779d7
Grocery,44,,,,,,,,D_SC_vs_G_struct,probe,0.14145518527129503,"[{""bin"": 0, ""n"": 854, ""mean_x"": 0.0010913331061601639, ""mean_y"": -0.002156818751245737}, {""bin"": 1, ""n"": 853, ""mean_x"": 0.01172157283872366, ""mean_y"": 0.04322038218379021}, {""bin"": 2, ""n"": 854, ""mean_x"": 0.06467408686876297, ""mean_y"": 0.12569831311702728}, {""bin"": 3, ""n"": 854, ""mean_x"": 0.3064819276332855, ""mean_y"": 0.7780342698097229}]",3415,validation,485314720bf7e0d54ce3b2ce98b77148d2e6a9674c92dcf42abcb6a4ba3779d7
ele-fashion,42,self,0.8650915413726091,0.7552997662280709,0.9092892821220955,6156,FrozenProbeProtocolV1,485314720bf7e0d54ce3b2ce98b77148d2e6a9674c92dcf42abcb6a4ba3779d7,,,,,,,
ele-fashion,42,context,0.8483174797995295,0.7204730434245321,0.8757053478579587,6156,FrozenProbeProtocolV1,485314720bf7e0d54ce3b2ce98b77148d2e6a9674c92dcf42abcb6a4ba3779d7,,,,,,,
ele-fashion,42,uniform,0.8672394395008693,0.7565113029579543,0.9119487205714383,3084,FrozenProbeProtocolV1,485314720bf7e0d54ce3b2ce98b77148d2e6a9674c92dcf42abcb6a4ba3779d7,,,,,,,
ele-fashion,42,,,,,,,,D_SC_vs_G_struct,model,-0.2324310387832371,"[{""bin"": 0, ""n"": 2444, ""mean_x"": 0.0006262020906433463, ""mean_y"": 0.001540504046715796}, {""bin"": 1, ""n"": 2444, ""mean_x"": 0.004182320553809404, ""mean_y"": 0.027388615533709526}, {""bin"": 2, ""n"": 2444, ""mean_x"": 0.01691434159874916, ""mean_y"": 0.016661033034324646}, {""bin"": 3, ""n"": 2445, ""mean_x"": 0.13061712682247162, ""mean_y"": -0.01623118296265602}]",9777,validation,485314720bf7e0d54ce3b2ce98b77148d2e6a9674c92dcf42abcb6a4ba3779d7
ele-fashion,42,,,,,,,,D_SC_vs_G_struct,probe,0.0049250442348806175,"[{""bin"": 0, ""n"": 2444, ""mean_x"": 0.0006262020906433463, ""mean_y"": -0.020107490941882133}, {""bin"": 1, ""n"": 2444, ""mean_x"": 0.004182320553809404, ""mean_y"": -0.01440354622900486}, {""bin"": 2, ""n"": 2444, ""mean_x"": 0.01691434159874916, ""mean_y"": -0.01403050497174263}, {""bin"": 3, ""n"": 2445, ""mean_x"": 0.13061712682247162, ""mean_y"": -0.04636223614215851}]",9777,validation,485314720bf7e0d54ce3b2ce98b77148d2e6a9674c92dcf42abcb6a4ba3779d7
ele-fashion,43,self,0.8637618901503529,0.7504766981050832,0.9169095961404047,6156,FrozenProbeProtocolV1,485314720bf7e0d54ce3b2ce98b77148d2e6a9674c92dcf42abcb6a4ba3779d7,,,,,,,
ele-fashion,43,context,0.8499539736115372,0.7271929588417193,0.8818766088750234,6156,FrozenProbeProtocolV1,485314720bf7e0d54ce3b2ce98b77148d2e6a9674c92dcf42abcb6a4ba3779d7,,,,,,,
ele-fashion,43,uniform,0.8667280351846169,0.7584453765518078,0.9217170425680629,3084,FrozenProbeProtocolV1,485314720bf7e0d54ce3b2ce98b77148d2e6a9674c92dcf42abcb6a4ba3779d7,,,,,,,
ele-fashion,43,,,,,,,,D_SC_vs_G_struct,model,-0.18222322514887782,"[{""bin"": 0, ""n"": 2444, ""mean_x"": 0.0005535500240512192, ""mean_y"": 0.0011175803374499083}, {""bin"": 1, ""n"": 2444, ""mean_x"": 0.004081559367477894, ""mean_y"": 0.007720311172306538}, {""bin"": 2, ""n"": 2444, ""mean_x"": 0.01746305264532566, ""mean_y"": -0.0033956647384911776}, {""bin"": 3, ""n"": 2445, ""mean_x"": 0.13647079467773438, ""mean_y"": -0.041430696845054626}]",9777,validation,485314720bf7e0d54ce3b2ce98b77148d2e6a9674c92dcf42abcb6a4ba3779d7
ele-fashion,43,,,,,,,,D_SC_vs_G_struct,probe,0.014919381400803323,"[{""bin"": 0, ""n"": 2444, ""mean_x"": 0.0005535500240512192, ""mean_y"": -0.02797880582511425}, {""bin"": 1, ""n"": 2444, ""mean_x"": 0.004081559367477894, ""mean_y"": -0.02528771199285984}, {""bin"": 2, ""n"": 2444, ""mean_x"": 0.01746305264532566, ""mean_y"": -0.03321639075875282}, {""bin"": 3, ""n"": 2445, ""mean_x"": 0.13647079467773438, ""mean_y"": -0.08060824871063232}]",9777,validation,485314720bf7e0d54ce3b2ce98b77148d2e6a9674c92dcf42abcb6a4ba3779d7
ele-fashion,44,self,0.8671371586376189,0.7553627423291313,0.9073799416969263,6156,FrozenProbeProtocolV1,485314720bf7e0d54ce3b2ce98b77148d2e6a9674c92dcf42abcb6a4ba3779d7,,,,,,,
ele-fashion,44,context,0.8500562544747877,0.7250101484858577,0.8750745836103582,6156,FrozenProbeProtocolV1,485314720bf7e0d54ce3b2ce98b77148d2e6a9674c92dcf42abcb6a4ba3779d7,,,,,,,
ele-fashion,44,uniform,0.8680576864068733,0.7601747506888562,0.9107724304880751,3084,FrozenProbeProtocolV1,485314720bf7e0d54ce3b2ce98b77148d2e6a9674c92dcf42abcb6a4ba3779d7,,,,,,,
ele-fashion,44,,,,,,,,D_SC_vs_G_struct,model,-0.24193822627922013,"[{""bin"": 0, ""n"": 2444, ""mean_x"": 0.000630767666734755, ""mean_y"": 0.013865725137293339}, {""bin"": 1, ""n"": 2443, ""mean_x"": 0.00413859449326992, ""mean_y"": 0.013317525386810303}, {""bin"": 2, ""n"": 2445, ""mean_x"": 0.01637662947177887, ""mean_y"": 0.03110971860587597}, {""bin"": 3, ""n"": 2445, ""mean_x"": 0.13172614574432373, ""mean_y"": -0.01434921845793724}]",9777,validation,485314720bf7e0d54ce3b2ce98b77148d2e6a9674c92dcf42abcb6a4ba3779d7
ele-fashion,44,,,,,,,,D_SC_vs_G_struct,probe,0.009061669526152682,"[{""bin"": 0, ""n"": 2444, ""mean_x"": 0.000630767666734755, ""mean_y"": -0.01687651500105858}, {""bin"": 1, ""n"": 2443, ""mean_x"": 0.00413859449326992, ""mean_y"": -0.021592648699879646}, {""bin"": 2, ""n"": 2445, ""mean_x"": 0.01637662947177887, ""mean_y"": -0.009134114719927311}, {""bin"": 3, ""n"": 2445, ""mean_x"": 0.13172614574432373, ""mean_y"": -0.03838396817445755}]",9777,validation,485314720bf7e0d54ce3b2ce98b77148d2e6a9674c92dcf42abcb6a4ba3779d7
Reddit-S,42,self,0.9248191255111671,0.874972185433284,0.994861577181208,10260,FrozenProbeProtocolV1,485314720bf7e0d54ce3b2ce98b77148d2e6a9674c92dcf42abcb6a4ba3779d7,,,,,,,
Reddit-S,42,context,0.9440075495438818,0.9064924847619695,0.9704278523489933,10260,FrozenProbeProtocolV1,485314720bf7e0d54ce3b2ce98b77148d2e6a9674c92dcf42abcb6a4ba3779d7,,,,,,,
Reddit-S,42,uniform,0.954388172381252,0.9136019711881689,0.985738255033557,5140,FrozenProbeProtocolV1,485314720bf7e0d54ce3b2ce98b77148d2e6a9674c92dcf42abcb6a4ba3779d7,,,,,,,
Reddit-S,42,,,,,,,,D_SC_vs_G_struct,model,0.04350259881020279,"[{""bin"": 0, ""n"": 795, ""mean_x"": 1.4754527910554316e-05, ""mean_y"": -0.00016236185911111534}, {""bin"": 1, ""n"": 794, ""mean_x"": 0.00018201595230493695, ""mean_y"": -0.001665923511609435}, {""bin"": 2, ""n"": 795, ""mean_x"": 0.002844040747731924, ""mean_y"": 0.018968960270285606}, {""bin"": 3, ""n"": 795, ""mean_x"": 0.21226800978183746, ""mean_y"": 0.5043402314186096}]",3179,validation,485314720bf7e0d54ce3b2ce98b77148d2e6a9674c92dcf42abcb6a4ba3779d7
Reddit-S,42,,,,,,,,D_SC_vs_G_struct,probe,0.2715126735120823,"[{""bin"": 0, ""n"": 795, ""mean_x"": 1.4754527910554316e-05, ""mean_y"": 0.0036120812874287367}, {""bin"": 1, ""n"": 794, ""mean_x"": 0.00018201595230493695, ""mean_y"": -0.0068033551797270775}, {""bin"": 2, ""n"": 795, ""mean_x"": 0.002844040747731924, ""mean_y"": -0.02081594243645668}, {""bin"": 3, ""n"": 795, ""mean_x"": 0.21226800978183746, ""mean_y"": 0.3489649295806885}]",3179,validation,485314720bf7e0d54ce3b2ce98b77148d2e6a9674c92dcf42abcb6a4ba3779d7
Reddit-S,43,self,0.9418055992450456,0.8966794829932377,0.9923447986577181,10260,FrozenProbeProtocolV1,485314720bf7e0d54ce3b2ce98b77148d2e6a9674c92dcf42abcb6a4ba3779d7,,,,,,,
Reddit-S,43,context,0.9490405787983642,0.906755480885332,0.967386744966443,10260,FrozenProbeProtocolV1,485314720bf7e0d54ce3b2ce98b77148d2e6a9674c92dcf42abcb6a4ba3779d7,,,,,,,
Reddit-S,43,uniform,0.9751494180559924,0.9463099754531745,0.9770343959731543,5140,FrozenProbeProtocolV1,485314720bf7e0d54ce3b2ce98b77148d2e6a9674c92dcf42abcb6a4ba3779d7,,,,,,,
Reddit-S,43,,,,,,,,D_SC_vs_G_struct,model,0.2814445132894565,"[{""bin"": 0, ""n"": 795, ""mean_x"": 4.16018083342351e-05, ""mean_y"": 0.0015128256054595113}, {""bin"": 1, ""n"": 794, ""mean_x"": 0.00038784617208875716, ""mean_y"": 0.0013351025991141796}, {""bin"": 2, ""n"": 795, ""mean_x"": 0.003730703378096223, ""mean_y"": 0.017295371741056442}, {""bin"": 3, ""n"": 795, ""mean_x"": 0.18602940440177917, ""mean_y"": 0.32714030146598816}]",3179,validation,485314720bf7e0d54ce3b2ce98b77148d2e6a9674c92dcf42abcb6a4ba3779d7
Reddit-S,43,,,,,,,,D_SC_vs_G_struct,probe,0.19389295428954753,"[{""bin"": 0, ""n"": 795, ""mean_x"": 4.16018083342351e-05, ""mean_y"": -0.0001516351185273379}, {""bin"": 1, ""n"": 794, ""mean_x"": 0.00038784617208875716, ""mean_y"": -0.00452828872948885}, {""bin"": 2, ""n"": 795, ""mean_x"": 0.003730703378096223, ""mean_y"": 0.002000244800001383}, {""bin"": 3, ""n"": 795, ""mean_x"": 0.18602940440177917, ""mean_y"": 0.4017120599746704}]",3179,validation,485314720bf7e0d54ce3b2ce98b77148d2e6a9674c92dcf42abcb6a4ba3779d7
Reddit-S,44,self,0.9411764705882353,0.9010109897499913,0.9924496644295302,10260,FrozenProbeProtocolV1,485314720bf7e0d54ce3b2ce98b77148d2e6a9674c92dcf42abcb6a4ba3779d7,,,,,,,
Reddit-S,44,context,0.9490405787983642,0.9159668938773988,0.9688548657718121,10260,FrozenProbeProtocolV1,485314720bf7e0d54ce3b2ce98b77148d2e6a9674c92dcf42abcb6a4ba3779d7,,,,,,,
Reddit-S,44,uniform,0.9779804970116389,0.9567864892318058,0.9820679530201343,5140,FrozenProbeProtocolV1,485314720bf7e0d54ce3b2ce98b77148d2e6a9674c92dcf42abcb6a4ba3779d7,,,,,,,
Reddit-S,44,,,,,,,,D_SC_vs_G_struct,model,0.14904023131274302,"[{""bin"": 0, ""n"": 795, ""mean_x"": 2.2461817934527062e-05, ""mean_y"": 0.0005743168294429779}, {""bin"": 1, ""n"": 794, ""mean_x"": 0.00027578402659855783, ""mean_y"": 0.0029512536711990833}, {""bin"": 2, ""n"": 795, ""mean_x"": 0.0030932591762393713, ""mean_y"": 0.008177187293767929}, {""bin"": 3, ""n"": 795, ""mean_x"": 0.1953347623348236, ""mean_y"": 0.17338654398918152}]",3179,validation,485314720bf7e0d54ce3b2ce98b77148d2e6a9674c92dcf42abcb6a4ba3779d7
Reddit-S,44,,,,,,,,D_SC_vs_G_struct,probe,0.25958728717718577,"[{""bin"": 0, ""n"": 795, ""mean_x"": 2.2461817934527062e-05, ""mean_y"": 6.443422898883e-05}, {""bin"": 1, ""n"": 794, ""mean_x"": 0.00027578402659855783, ""mean_y"": -0.005616148002445698}, {""bin"": 2, ""n"": 795, ""mean_x"": 0.0030932591762393713, ""mean_y"": 0.007703463081270456}, {""bin"": 3, ""n"": 795, ""mean_x"": 0.1953347623348236, ""mean_y"": 0.3572080731391907}]",3179,validation,485314720bf7e0d54ce3b2ce98b77148d2e6a9674c92dcf42abcb6a4ba3779d7
