dataset,seed,variant,modality,controller_dim,mean,V_total,V_within,V_between,within_ratio,between_ratio,decomposition_error,weighted_mean_within_target_pairwise_L2
Movies,42,s44_scalar_rel,text,0,0.5580380047846561,0.012405496344736715,0.004424384640693625,0.00798111170404309,0.3566471278330399,0.64335287216696,0.0,0.0770838673461243
Movies,42,s44_scalar_rel,visual,0,1.1698936898988188,0.06928437790728315,0.020024574000064112,0.04925980390721903,0.28902004470417764,0.7109799552958223,6.938893903907228e-18,0.17722905810527917
Movies,42,s44_lowrank_rel,text,0,0.438946538751874,0.015113922566183111,0.0020842914780765964,0.013029631088106515,0.1379053960975113,0.8620946039024887,0.0,0.15410769271324895
Movies,42,s44_lowrank_rel,text,1,-0.12287271684380978,0.0015592794104312537,0.00015936220505261562,0.001399917205378638,0.10220246864450062,0.8977975313554993,0.0,0.15410769271324895
Movies,42,s44_lowrank_rel,text,2,0.5781001064259446,0.029876135478993145,0.0036032356582793488,0.02627289982071379,0.12060581465808715,0.8793941853419127,6.938893903907228e-18,0.15410769271324895
Movies,42,s44_lowrank_rel,text,3,0.47746975744716685,0.02042523679877856,0.0024038595406796082,0.018021377258098954,0.11769065711998797,0.8823093428800121,-3.469446951953614e-18,0.15410769271324895
Movies,42,s44_lowrank_rel,text,4,0.25702206747521017,0.006014787473057678,0.0006795172803175177,0.00533527019274016,0.11297444562444003,0.88702555437556,0.0,0.15410769271324895
Movies,42,s44_lowrank_rel,text,5,0.7390667805221286,0.048453625676311576,0.005608076669365668,0.04284554900694591,0.11574111516091132,0.8842588848390888,-6.938893903907228e-18,0.15410769271324895
Movies,42,s44_lowrank_rel,text,6,0.0655701343318696,0.0004255917238993584,3.631556676699101e-05,0.00038927615713236737,0.08532958872945265,0.9146704112705474,0.0,0.15410769271324895
Movies,42,s44_lowrank_rel,text,7,-0.33137436025922434,0.009247018028767508,0.0012413090903042306,0.008005708938463278,0.13423885261632595,0.865761147383674,0.0,0.15410769271324895
Movies,42,s44_lowrank_rel,visual,0,0.9392650921466724,0.0657270314690168,0.0039658220044490175,0.06176120946456778,0.060337762345443434,0.9396622376545565,6.938893903907228e-18,0.5122533183090402
Movies,42,s44_lowrank_rel,visual,1,1.3107155470011982,0.12510283407846085,0.00789553388216461,0.11720730019629623,0.0631123502542937,0.9368876497457063,0.0,0.5122533183090402
Movies,42,s44_lowrank_rel,visual,2,2.193872426333281,0.4814463499673521,0.028221277140494685,0.4532250728268575,0.0586176988202495,0.9413823011797506,-5.551115123125783e-17,0.5122533183090402
Movies,42,s44_lowrank_rel,visual,3,1.4028883766272957,0.16371805298139236,0.010077320412021269,0.15364073256937105,0.06155289675456025,0.9384471032454396,2.7755575615628914e-17,0.5122533183090402
Movies,42,s44_lowrank_rel,visual,4,2.5654818493968876,0.48456421918556847,0.031425568908590266,0.4531386502769782,0.06485325920557818,0.9351467407944218,0.0,0.5122533183090402
Movies,42,s44_lowrank_rel,visual,5,-3.450949167653627,0.9239624092947811,0.057200390745181656,0.8667620185495996,0.06190770335433899,0.9380922966456611,-1.1102230246251565e-16,0.5122533183090402
Movies,42,s44_lowrank_rel,visual,6,-0.5698479556101655,0.03171615745647256,0.0017470059349013003,0.029969151521571265,0.05508252181238857,0.9449174781876115,-3.469446951953614e-18,0.5122533183090402
Movies,42,s44_lowrank_rel,visual,7,2.1992746692482488,0.3995006426289484,0.024359189277792667,0.3751414533511557,0.06097409285125281,0.939025907148747,5.551115123125783e-17,0.5122533183090402
Movies,42,s44_expert_rel,text,0,0.5545907768896974,0.015825514730323773,0.0004147636319590859,0.015410751098364686,0.02620853975538275,0.9737914602446173,0.0,0.03472365358741065
Movies,42,s44_expert_rel,text,1,0.44540922299106567,0.015825514728794704,0.000414763628191342,0.015410751100603361,0.026208539519834692,0.9737914604801653,1.734723475976807e-18,0.03472365358741065
Movies,42,s44_expert_rel,visual,0,0.6002553986566641,0.008558644379005852,0.0005382702111878086,0.008020374167818043,0.06289199402982235,0.9371080059701776,0.0,0.040866068307333026
Movies,42,s44_expert_rel,visual,1,0.3997446012121164,0.008558644424995366,0.000538270209571378,0.00802037421542399,0.06289199350300961,0.9371080064969906,-1.734723475976807e-18,0.040866068307333026
Movies,43,s44_scalar_rel,text,0,0.3221489143214273,0.00758468912963362,0.002817717564888216,0.004766971564745403,0.37150073216307633,0.6284992678369236,8.673617379884035e-19,0.06509821616664362
Movies,43,s44_scalar_rel,visual,0,1.2139853999110017,0.05199155700132454,0.02180131860848303,0.03019023839284151,0.41932421081229826,0.5806757891877018,-3.469446951953614e-18,0.18594786319421805
Movies,43,s44_lowrank_rel,text,0,0.19789835182474924,0.004454669830246501,0.00026353210683930473,0.004191137723407196,0.05915861711006359,0.9408413828899364,0.0,0.038011228678468366
Movies,43,s44_lowrank_rel,text,1,0.01117552952828863,3.160926334662726e-05,1.3127353839813913e-05,1.8481909506813353e-05,0.41530084696562897,0.5846991530343711,-3.3881317890172014e-21,0.038011228678468366
Movies,43,s44_lowrank_rel,text,2,-0.017130914248194566,2.641394712128259e-05,8.64974915082226e-06,1.7764197970460332e-05,0.32746901139409307,0.6725309886059071,-3.3881317890172014e-21,0.038011228678468366
Movies,43,s44_lowrank_rel,text,3,0.02028183597267509,2.6245309159814103e-05,9.92172756309216e-06,1.632358159672194e-05,0.3780381287443152,0.6219618712556847,3.3881317890172014e-21,0.038011228678468366
Movies,43,s44_lowrank_rel,text,4,0.19909542199791985,0.006222716178687659,0.00045776469063757495,0.005764951488050084,0.07356348538044931,0.9264365146195507,0.0,0.038011228678468366
Movies,43,s44_lowrank_rel,text,5,0.009510281668853798,5.433084009940029e-06,1.6027110049368991e-06,3.830373005003129e-06,0.29499102204285443,0.7050089779571453,8.470329472543003e-22,0.038011228678468366
Movies,43,s44_lowrank_rel,text,6,0.051776666798802544,0.000159756203777162,1.8500410425932022e-05,0.00014125579335123,0.11580401880190869,0.8841959811980915,-2.710505431213761e-20,0.038011228678468366
Movies,43,s44_lowrank_rel,text,7,-0.11053909473696784,0.000765024452161219,5.476676762137773e-05,0.0007102576845398412,0.0715882576911886,0.9284117423088114,0.0,0.038011228678468366
Movies,43,s44_lowrank_rel,visual,0,-0.09210623073855582,0.0014435599320788384,7.969343544594876e-05,0.0013638664966328902,0.05520618415280065,0.9447938158471997,-4.336808689942018e-19,0.7411232831330927
Movies,43,s44_lowrank_rel,visual,1,-3.12949184021108,1.6365244032048634,0.10150469737442093,1.5350197058304424,0.06202455470608364,0.9379754452939164,0.0,0.7411232831330927
Movies,43,s44_lowrank_rel,visual,2,0.5797297654756236,0.053216576693753195,0.003287088492169246,0.04992948820158393,0.06176813121756288,0.9382318687824368,2.0816681711721685e-17,0.7411232831330927
Movies,43,s44_lowrank_rel,visual,3,2.6961783789880913,1.1860536753100859,0.07330873210188499,1.1127449432082008,0.06180894982068911,0.9381910501793108,0.0,0.7411232831330927
Movies,43,s44_lowrank_rel,visual,4,1.5670574866295917,0.4063226288813074,0.024913091899668328,0.38140953698163915,0.06131357234092369,0.9386864276590766,-1.1102230246251565e-16,0.7411232831330927
Movies,43,s44_lowrank_rel,visual,5,1.5428179844534085,0.3931556139591354,0.024509091196501753,0.3686465227626337,0.062339415555310446,0.9376605844446897,-5.551115123125783e-17,0.7411232831330927
Movies,43,s44_lowrank_rel,visual,6,-2.3678858022594333,0.9260334528436595,0.05756773728061518,0.8684657155630443,0.062165936990544374,0.9378340630094557,0.0,0.7411232831330927
Movies,43,s44_lowrank_rel,visual,7,2.829961599312779,1.3354373854982882,0.08297041682436576,1.252466968673922,0.062129769411395676,0.9378702305886041,4.440892098500626e-16,0.7411232831330927
Movies,43,s44_expert_rel,text,0,0.542545759409366,0.0005122597221668656,0.000226698092222147,0.00028556162994471866,0.44254522152007375,0.5574547784799263,-5.421010862427522e-20,0.02613710471650627
Movies,43,s44_expert_rel,text,1,0.45745424048725825,0.0005122597225812167,0.00022669808672496063,0.00028556163585625614,0.44254521043086414,0.557454789569136,-1.0842021724855044e-19,0.02613710471650627
Movies,43,s44_expert_rel,visual,0,0.3859476266139446,0.021449327433434806,0.0009933530127536826,0.020455974420681124,0.04631161586937513,0.9536883841306248,0.0,0.053464223395590434
Movies,43,s44_expert_rel,visual,1,0.6140523734073555,0.021449327440326058,0.0009933530070338262,0.020455974433292227,0.04631161558782777,0.953688384412172,3.469446951953614e-18,0.053464223395590434
Movies,44,s44_scalar_rel,text,0,0.6447689153402549,0.007140444942619208,0.003397610510243575,0.003742834432375631,0.4758261617513834,0.5241738382486163,1.734723475976807e-18,0.06804155787392098
Movies,44,s44_scalar_rel,visual,0,0.9869356590132486,0.030072897164312908,0.011586210222493544,0.018486686941819364,0.38527083570261195,0.614729164297388,0.0,0.12163960536830654
Movies,44,s44_lowrank_rel,text,0,-0.5742377662801491,0.020759457054994813,0.0007516478876963426,0.02000780916729847,0.03620749259988439,0.9637925074001157,0.0,0.11801730818258362
Movies,44,s44_lowrank_rel,text,1,-0.6866382583053128,0.02732311575290459,0.0010420797381410767,0.02628103601476352,0.038139125404477274,0.9618608745955229,-6.938893903907228e-18,0.11801730818258362
Movies,44,s44_lowrank_rel,text,2,0.8472270531576058,0.04226758832166253,0.0014099719160148155,0.04085761640564771,0.03335822960337181,0.966641770396628,6.938893903907228e-18,0.11801730818258362
Movies,44,s44_lowrank_rel,text,3,0.5545992610795806,0.0164534690378823,0.0005983122709629476,0.015855156766919353,0.03636389806826752,0.9636361019317325,0.0,0.11801730818258362
Movies,44,s44_lowrank_rel,text,4,-0.025203252458553198,4.1843972908638797e-05,7.2874306377008045e-06,3.455654227093799e-05,0.1741572353469404,0.8258427646530596,0.0,0.11801730818258362
Movies,44,s44_lowrank_rel,text,5,0.9613168287728647,0.05085968927934873,0.0018839634531656363,0.0489757258261831,0.03704237048751708,0.962957629512483,-6.938893903907228e-18,0.11801730818258362
Movies,44,s44_lowrank_rel,text,6,0.7177099669472817,0.03350040593366551,0.0010302782897632138,0.0324701276439023,0.030754203152143236,0.9692457968478569,-6.938893903907228e-18,0.11801730818258362
Movies,44,s44_lowrank_rel,text,7,0.9686197301197276,0.05563731335055493,0.0020325651098981614,0.053604748240656766,0.036532409411855406,0.9634675905881445,6.938893903907228e-18,0.11801730818258362
Movies,44,s44_lowrank_rel,visual,0,-0.4133368552310968,0.3818156655088338,0.04472195432803251,0.33709371118080134,0.11712969992583454,0.8828703000741657,-5.551115123125783e-17,0.5897870655160091
Movies,44,s44_lowrank_rel,visual,1,0.12434672453749694,0.021240828806936823,0.0025913830064133573,0.018649445800523464,0.1220000890721865,0.8779999109278135,0.0,0.5897870655160091
Movies,44,s44_lowrank_rel,visual,2,0.43252923840352536,0.47682904860102004,0.05724546360609162,0.4195835849949284,0.12005448026718471,0.8799455197328153,0.0,0.5897870655160091
Movies,44,s44_lowrank_rel,visual,3,0.25525319323736406,0.06162839651697939,0.00831030427429508,0.05331809224268431,0.13484537557301995,0.86515462442698,6.938893903907228e-18,0.5897870655160091
Movies,44,s44_lowrank_rel,visual,4,-0.3615782798853577,0.3187508780948077,0.03882527702970363,0.27992560106510406,0.12180445513362831,0.8781955448663717,0.0,0.5897870655160091
Movies,44,s44_lowrank_rel,visual,5,-0.42779298963450696,0.3245589995994513,0.04010094147701153,0.28445805812243974,0.12355516724694553,0.8764448327530544,0.0,0.5897870655160091
Movies,44,s44_lowrank_rel,visual,6,0.16930242542626298,0.11307181760293764,0.01386245806788464,0.09920935953505297,0.12259870197332434,0.8774012980266754,2.7755575615628914e-17,0.5897870655160091
Movies,44,s44_lowrank_rel,visual,7,0.34601931348443116,0.2593250945275946,0.030489306820285195,0.2288357877073095,0.11757175631547238,0.882428243684528,-8.326672684688674e-17,0.5897870655160091
Movies,44,s44_expert_rel,text,0,0.40829445257346575,0.01916382762101551,0.0011425995292808906,0.018021228091734617,0.05962272004721482,0.940377279952785,3.469446951953614e-18,0.058146099304641784
Movies,44,s44_expert_rel,text,1,0.5917055475017552,0.01916382762751466,0.0011425995163424647,0.018021228111172193,0.05962271935184628,0.9403772806481536,3.469446951953614e-18,0.058146099304641784
Movies,44,s44_expert_rel,visual,0,0.45728824749824015,0.06349745137010697,0.0016465624265044258,0.06185088894360254,0.025931157723278114,0.9740688422767219,0.0,0.06875510183478821
Movies,44,s44_expert_rel,visual,1,0.5427117526183683,0.0634974515020409,0.00164656243222186,0.06185088906981905,0.025931157759440736,0.9740688422405593,-6.938893903907228e-18,0.06875510183478821
Grocery,42,s44_scalar_rel,text,0,1.1997386933321068,0.007744194329336906,0.0008214925722062914,0.006922701757130616,0.10607850697835361,0.8939214930216466,-8.673617379884035e-19,0.03623102059855161
Grocery,42,s44_scalar_rel,visual,0,0.9998924837759817,0.16711180609552584,0.0711151805171754,0.09599662557835045,0.4255544965896901,0.57444550341031,-1.3877787807814457e-17,0.3175539931096523
Grocery,42,s44_lowrank_rel,text,0,4.38548871083048,1.001285027784792,0.170564915632447,0.830720112152345,0.1703460162685133,0.8296539837314867,0.0,1.4418156079925317
Grocery,42,s44_lowrank_rel,text,1,4.705541364779671,1.1617291418676479,0.19882111339617442,0.9629080284714733,0.17114239991995095,0.8288576000800489,2.220446049250313e-16,1.4418156079925317
Grocery,42,s44_lowrank_rel,text,2,-3.4002303237759772,0.6020173823005985,0.10343870559407735,0.4985786767065213,0.17182013117094427,0.8281798688290559,-1.1102230246251565e-16,1.4418156079925317
Grocery,42,s44_lowrank_rel,text,3,6.0289821572967695,1.8955081655447217,0.3249903836427698,1.5705177819019516,0.1714529061653373,0.8285470938346625,2.220446049250313e-16,1.4418156079925317
Grocery,42,s44_lowrank_rel,text,4,-4.174040887764895,0.9072825252983414,0.1572632227573118,0.7500193025410296,0.17333434555636237,0.8266656544436376,0.0,1.4418156079925317
Grocery,42,s44_lowrank_rel,text,5,-2.5457774780963187,0.34019671813946695,0.058415617043315736,0.28178110109615123,0.17171128917054304,0.828288710829457,0.0,1.4418156079925317
Grocery,42,s44_lowrank_rel,text,6,3.2994951678435585,0.567014551119745,0.09801805503827893,0.46899649608146604,0.17286691292968068,0.8271330870703193,0.0,1.4418156079925317
Grocery,42,s44_lowrank_rel,text,7,5.03137756527865,1.3201062823269365,0.22668902704122745,1.093417255285709,0.1717202850073899,0.8282797149926101,0.0,1.4418156079925317
Grocery,42,s44_lowrank_rel,visual,0,2.430453658465516,2.07308254996386,0.21298284916600185,1.8600997007978581,0.10273727361687299,0.897262726383127,2.220446049250313e-16,1.2082621772404836
Grocery,42,s44_lowrank_rel,visual,1,-1.9163238225230803,1.230488394097245,0.12802216215140713,1.1024662319458378,0.10404174697261678,0.8959582530273831,2.220446049250313e-16,1.2082621772404836
Grocery,42,s44_lowrank_rel,visual,2,1.7701640979918243,1.0480268764515372,0.11037203997108831,0.9376548364804489,0.10531413120319165,0.8946858687968083,0.0,1.2082621772404836
Grocery,42,s44_lowrank_rel,visual,3,-0.8293982717853118,0.23565010590060162,0.024804824467067183,0.21084528143353445,0.10526124897024226,0.8947387510297579,-2.7755575615628914e-17,1.2082621772404836
Grocery,42,s44_lowrank_rel,visual,4,2.421006261974291,2.027452980321358,0.20854063666309638,1.8189123436582617,0.10285843306217735,0.8971415669378227,0.0,1.2082621772404836
Grocery,42,s44_lowrank_rel,visual,5,1.089379111231133,0.3982640706047364,0.0413197835738473,0.35694428703088904,0.10374971438198297,0.8962502856180169,5.551115123125783e-17,1.2082621772404836
Grocery,42,s44_lowrank_rel,visual,6,2.3207989593547076,1.874656128059543,0.19284990403667798,1.681806224022865,0.10287214873711104,0.897127851262889,0.0,1.2082621772404836
Grocery,42,s44_lowrank_rel,visual,7,1.1128334993380629,0.40748331672546395,0.04286092694386827,0.3646223897815957,0.10518449513049685,0.8948155048695032,-5.551115123125783e-17,1.2082621772404836
Grocery,42,s44_expert_rel,text,0,0.40427051875906544,0.172633825530669,0.015751777020850767,0.15688204850981818,0.09124386239157059,0.9087561376084291,5.551115123125783e-17,0.15474722589212656
Grocery,42,s44_expert_rel,text,1,0.5957294811288827,0.17263382510858796,0.015751777006372678,0.1568820481022153,0.09124386253079136,0.9087561374692087,0.0,0.15474722589212656
Grocery,42,s44_expert_rel,visual,0,0.13941792517014595,0.06713359011853245,0.007112587130914555,0.0600210029876179,0.10594677147991675,0.8940532285200833,0.0,0.09131088400894323
Grocery,42,s44_expert_rel,visual,1,0.8605820744262302,0.06713358995575361,0.0071125871213094894,0.060021002834444136,0.10594677159373202,0.8940532284062682,-1.3877787807814457e-17,0.09131088400894323
Grocery,43,s44_scalar_rel,text,0,1.485732966576573,0.18453798510396438,0.04267658844403343,0.14186139665993094,0.2312618099736509,0.768738190026349,0.0,0.23505251581600656
Grocery,43,s44_scalar_rel,visual,0,0.84171313821325,0.19445261216560772,0.07568067758276198,0.11877193458284575,0.3891985648323803,0.6108014351676198,-1.3877787807814457e-17,0.34191168963607527
Grocery,43,s44_lowrank_rel,text,0,4.0759131823773,1.5521532961656757,0.2323183071915654,1.3198349889741103,0.14967484704343786,0.8503251529565622,0.0,1.3370270316762816
Grocery,43,s44_lowrank_rel,text,1,1.5063393108914565,0.21276020213428495,0.03156882161875419,0.1811913805155308,0.14837747521422887,0.8516225247857713,-2.7755575615628914e-17,1.3370270316762816
Grocery,43,s44_lowrank_rel,text,2,-2.3547814745734796,0.5277279463568505,0.07569356266093977,0.45203438369591065,0.14343292445186456,0.8565670755481353,1.1102230246251565e-16,1.3370270316762816
Grocery,43,s44_lowrank_rel,text,3,-3.682373917589518,1.275782064444575,0.19028677211549572,1.0854952923290793,0.1491530390798675,0.8508469609201325,0.0,1.3370270316762816
Grocery,43,s44_lowrank_rel,text,4,4.055487055836741,1.54034881152916,0.22600812996064062,1.3143406815685192,0.14672529252401875,0.8532747074759812,0.0,1.3370270316762816
Grocery,43,s44_lowrank_rel,text,5,-3.8025913243024143,1.3543796020638927,0.20223949145508316,1.1521401106088096,0.14932260582402254,0.8506773941759774,0.0,1.3370270316762816
Grocery,43,s44_lowrank_rel,text,6,-2.496181359767145,0.5890552256088262,0.08681639462200018,0.5022388309868261,0.14738243690524924,0.8526175630947509,-1.1102230246251565e-16,1.3370270316762816
Grocery,43,s44_lowrank_rel,text,7,-2.665754617501697,0.6679691947419248,0.09772661675550788,0.570242577986417,0.14630407738079199,0.853695922619208,0.0,1.3370270316762816
Grocery,43,s44_lowrank_rel,visual,0,0.30197770140110347,0.021504121079293392,0.002257117841609919,0.01924700323768348,0.10496210625336033,0.8950378937466399,-6.938893903907228e-18,0.9280758387991735
Grocery,43,s44_lowrank_rel,visual,1,1.1702278494304732,0.8918973631112581,0.08285366087664134,0.8090437022346169,0.0928959590009528,0.9071040409990473,-1.1102230246251565e-16,0.9280758387991735
Grocery,43,s44_lowrank_rel,visual,2,-0.3216392271279258,0.10757322670039049,0.008966494315936642,0.09860673238445387,0.0833524715300196,0.9166475284699807,-2.7755575615628914e-17,0.9280758387991735
Grocery,43,s44_lowrank_rel,visual,3,-1.0599681122264881,0.8584194394662492,0.07584011883282385,0.7825793206334253,0.08834855706434137,0.9116514429356586,1.1102230246251565e-16,0.9280758387991735
Grocery,43,s44_lowrank_rel,visual,4,1.4721875585462298,1.5925527571023372,0.14267930088231054,1.4498734562200268,0.08959156941332147,0.9104084305866786,-2.220446049250313e-16,0.9280758387991735
Grocery,43,s44_lowrank_rel,visual,5,1.7490176162986044,2.435697638716323,0.22175728910789988,2.2139403496084227,0.091044670562957,0.9089553294370427,4.440892098500626e-16,0.9280758387991735
Grocery,43,s44_lowrank_rel,visual,6,0.38530142731224337,0.10569295685897413,0.009989926318378821,0.09570303054059531,0.09451837298589684,0.9054816270141032,0.0,0.9280758387991735
Grocery,43,s44_lowrank_rel,visual,7,-0.6132973779115303,0.3077045138597804,0.027300983448998912,0.28040353041078153,0.08872467649740051,0.9112753235025995,0.0,0.9280758387991735
Grocery,43,s44_expert_rel,text,0,0.6679647302382709,0.15012167458516443,0.009222076085869012,0.1408995984992954,0.06143067689161237,0.9385693231083875,2.7755575615628914e-17,0.11816796172408377
Grocery,43,s44_expert_rel,text,1,0.33203526960751956,0.1501216748359443,0.009222076105020493,0.14089959873092375,0.06143067691656482,0.9385693230834349,5.551115123125783e-17,0.11816796172408377
Grocery,43,s44_expert_rel,visual,0,0.3932152217257599,0.11767101876003766,0.02423979144131347,0.09343122731872419,0.20599627416114086,0.7940037258388591,0.0,0.23845759323629923
Grocery,43,s44_expert_rel,visual,1,0.6067847782988948,0.11767101879267364,0.024239791496667225,0.0934312272960064,0.20599627457441907,0.7940037254255808,1.3877787807814457e-17,0.23845759323629923
Grocery,44,s44_scalar_rel,text,0,1.4192670235235456,0.26056143295984385,0.06140387310905069,0.19915755985079317,0.2356598688130253,0.7643401311869747,0.0,0.2847280195153311
Grocery,44,s44_scalar_rel,visual,0,1.006256570313862,0.24698034594395543,0.10045048669494998,0.14652985924900547,0.4067144950786656,0.5932855049213345,0.0,0.39789264298417415
Grocery,44,s44_lowrank_rel,text,0,3.817744324506968,0.731080142211334,0.08634566735336888,0.6447344748579651,0.11810697947860395,0.8818930205213961,0.0,1.3861971779737776
Grocery,44,s44_lowrank_rel,text,1,-4.626327792389721,1.0696768898281237,0.1264804360024599,0.9431964538256636,0.118241720659014,0.8817582793409858,2.220446049250313e-16,1.3861971779737776
Grocery,44,s44_lowrank_rel,text,2,6.408995208982052,2.0624652263620873,0.24431836393997008,1.818146862422117,0.118459385795762,0.8815406142042379,2.220446049250313e-16,1.3861971779737776
Grocery,44,s44_lowrank_rel,text,3,4.739151803099166,1.1319081844851737,0.13452741939058915,0.9973807650945846,0.11885011632085364,0.8811498836791464,-1.1102230246251565e-16,1.3861971779737776
Grocery,44,s44_lowrank_rel,text,4,-6.088577383071403,1.8640874628128092,0.22082501242565344,1.6432624503871558,0.11846279578128818,0.8815372042187118,0.0,1.3861971779737776
Grocery,44,s44_lowrank_rel,text,5,6.142839637155797,1.8989702790701837,0.22385227649037326,1.6751180025798103,0.11788087415458699,0.882119125845413,2.220446049250313e-16,1.3861971779737776
Grocery,44,s44_lowrank_rel,text,6,-3.909177059442768,0.7680133329866411,0.0906480883610663,0.6773652446255747,0.11802931598668359,0.8819706840133162,1.1102230246251565e-16,1.3861971779737776
Grocery,44,s44_lowrank_rel,text,7,3.9575747805190162,0.785779993963311,0.09304971630191437,0.6927302776613965,0.11841700859879487,0.881582991401205,1.1102230246251565e-16,1.3861971779737776
Grocery,44,s44_lowrank_rel,visual,0,-3.480220832843281,0.973326576494437,0.06750593598424887,0.9058206405101882,0.0693558951481427,0.9306441048518573,-1.1102230246251565e-16,0.8383178738050756
Grocery,44,s44_lowrank_rel,visual,1,-3.0297697501810497,0.7113347972689057,0.05113400371369483,0.6602007935552108,0.07188458080501389,0.928115419194986,1.1102230246251565e-16,0.8383178738050756
Grocery,44,s44_lowrank_rel,visual,2,-2.566928548269815,0.5128787424225892,0.037370092327712275,0.475508650094877,0.07286340656505702,0.927136593434943,0.0,0.8383178738050756
Grocery,44,s44_lowrank_rel,visual,3,1.9583500923978072,0.3094460205143193,0.021068084487533258,0.28837793602678596,0.0680832296777213,0.9319167703222785,5.551115123125783e-17,0.8383178738050756
Grocery,44,s44_lowrank_rel,visual,4,5.30388877632365,2.223745904296858,0.15856446305528915,2.0651814412415685,0.0713051175266478,0.9286948824733521,0.0,0.8383178738050756
Grocery,44,s44_lowrank_rel,visual,5,3.3298380471580495,0.89183835463079,0.061300141309696916,0.830538213321093,0.06873458737382339,0.9312654126261766,0.0,0.8383178738050756
Grocery,44,s44_lowrank_rel,visual,6,2.041977155207467,0.3249032648570727,0.022697961328241274,0.30220530352883135,0.06986067480185608,0.9301393251981436,1.1102230246251565e-16,0.8383178738050756
Grocery,44,s44_lowrank_rel,visual,7,-2.495513448902553,0.504676198745194,0.03570144091645096,0.468974757828743,0.07074128125165709,0.9292587187483429,5.551115123125783e-17,0.8383178738050756
Grocery,44,s44_expert_rel,text,0,0.6599310337920703,0.13949870592603175,0.007581283718652978,0.13191742220737876,0.05434662399429642,0.9456533760057034,2.7755575615628914e-17,0.11154564501810309
Grocery,44,s44_expert_rel,text,1,0.3400689660720564,0.13949870609202364,0.007581283744137695,0.13191742234788598,0.05434662411231629,0.945653375887684,-2.7755575615628914e-17,0.11154564501810309
Grocery,44,s44_expert_rel,visual,0,0.34254181907815034,0.1530687729454945,0.011407751173418985,0.14166102177207557,0.07452696558481665,0.9254730344151836,-5.551115123125783e-17,0.1312847885486628
Grocery,44,s44_expert_rel,visual,1,0.6574581806777385,0.15306877290945559,0.011407751178129326,0.14166102173132625,0.0745269656331362,0.9254730343668637,0.0,0.1312847885486628
ele-fashion,42,s44_scalar_rel,text,0,1.0128431556234654,0.35012259986711103,0.06714409815613644,0.2829785017109746,0.19177310513980236,0.8082268948601977,0.0,0.3224033452872359
ele-fashion,42,s44_scalar_rel,visual,0,1.0703426978694823,0.3236789330153142,0.06376260388156774,0.25991632913374646,0.19699337021279337,0.8030066297872066,0.0,0.32535647176756743
ele-fashion,42,s44_lowrank_rel,text,0,-3.1269012534082234,5.318714512468355,0.23703071099456685,5.081683801473789,0.04456541339808885,0.9554345866019113,-8.881784197001252e-16,1.3761641914138456
ele-fashion,42,s44_lowrank_rel,text,1,3.042193537891287,5.596129960041644,0.25157575312224867,5.344554206919395,0.04495530927955371,0.9550446907204463,0.0,1.3761641914138456
ele-fashion,42,s44_lowrank_rel,text,2,-3.371186730476778,5.005050310425217,0.22281471891077992,4.782235591514436,0.044517977860616176,0.9554820221393836,8.881784197001252e-16,1.3761641914138456
ele-fashion,42,s44_lowrank_rel,text,3,2.17274223990095,3.685602546275494,0.1640665630708618,3.521535983204632,0.044515533351978,0.955484466648022,0.0,1.3761641914138456
ele-fashion,42,s44_lowrank_rel,text,4,1.867412552434673,1.7715414328042747,0.0791823883642828,1.6923590444399919,0.044696887635837255,0.9553031123641628,0.0,1.3761641914138456
ele-fashion,42,s44_lowrank_rel,text,5,-2.40410161384905,1.5781534709707714,0.06923390447443553,1.5089195664963362,0.04387019751117589,0.9561298024888243,-2.220446049250313e-16,1.3761641914138456
ele-fashion,42,s44_lowrank_rel,text,6,-1.8116199861570512,0.8928633332301085,0.0392188530153385,0.8536444802147699,0.04392481083690221,0.9560751891630977,1.1102230246251565e-16,1.3761641914138456
ele-fashion,42,s44_lowrank_rel,text,7,3.221574239236759,3.347371907168051,0.1479560485125747,3.1994158586554766,0.04420066028389081,0.9557993397161092,0.0,1.3761641914138456
ele-fashion,42,s44_lowrank_rel,visual,0,1.9186532118704238,0.27854979012040954,0.022712679145203453,0.255837110975206,0.08153902803296091,0.9184609719670388,5.551115123125783e-17,0.4191277015778172
ele-fashion,42,s44_lowrank_rel,visual,1,1.1210346352153635,0.1443490982380826,0.01319614037561445,0.1311529578624681,0.09141823909318338,0.9085817609068164,2.7755575615628914e-17,0.4191277015778172
ele-fashion,42,s44_lowrank_rel,visual,2,-0.4116337331515901,0.28978256802669483,0.014793508384782666,0.2749890596419122,0.051050373683691995,0.9489496263163082,-5.551115123125783e-17,0.4191277015778172
ele-fashion,42,s44_lowrank_rel,visual,3,0.9133417966720153,0.03886094746591952,0.004193979045732494,0.034666968420187017,0.10792271725774448,0.8920772827422553,6.938893903907228e-18,0.4191277015778172
ele-fashion,42,s44_lowrank_rel,visual,4,-0.8062488029607994,0.03200894297224143,0.0036258751229560865,0.028383067849285352,0.11327694032572372,0.8867230596742764,-6.938893903907228e-18,0.4191277015778172
ele-fashion,42,s44_lowrank_rel,visual,5,-1.542146958160997,0.16141327538908637,0.016732349280132983,0.14468092610895342,0.10366154357378406,0.8963384564262161,-2.7755575615628914e-17,0.4191277015778172
ele-fashion,42,s44_lowrank_rel,visual,6,-1.1195851627037219,0.1810645552479623,0.014171803686853814,0.1668927515611085,0.07826934248641854,0.9217306575135815,0.0,0.4191277015778172
ele-fashion,42,s44_lowrank_rel,visual,7,0.7486068346570203,0.018969655784467764,0.0021567803709134966,0.01681287541355426,0.11369633668732435,0.8863036633126754,3.469446951953614e-18,0.4191277015778172
ele-fashion,42,s44_expert_rel,text,0,0.05174640657463226,0.012488058948609453,0.0002816803025828965,0.012206378646026556,0.022555971567884185,0.9774440284321158,1.734723475976807e-18,0.016162519682217484
ele-fashion,42,s44_expert_rel,text,1,0.948253592972031,0.012488058944540623,0.0002816802978709384,0.012206378646669685,0.022555971197916226,0.9774440288020838,-1.734723475976807e-18,0.016162519682217484
ele-fashion,42,s44_expert_rel,visual,0,0.7349375994837435,0.10861978538050311,0.008159960374020307,0.10045982500648279,0.07512407012622391,0.924875929873776,1.3877787807814457e-17,0.11976348610595396
ele-fashion,42,s44_expert_rel,visual,1,0.26506240046983043,0.10861978532327461,0.008159960373740595,0.10045982494953401,0.07512407016322938,0.9248759298367706,0.0,0.11976348610595396
ele-fashion,43,s44_scalar_rel,text,0,1.2149587723700122,0.36156287812954646,0.06152353241897322,0.3000393457105733,0.17015998085104744,0.8298400191489527,-5.551115123125783e-17,0.29566295962253913
ele-fashion,43,s44_scalar_rel,visual,0,1.5341945537623694,0.2650193648087898,0.05409962533819501,0.21091973947059484,0.2041346124922895,0.7958653875077107,-5.551115123125783e-17,0.26512562811328944
ele-fashion,43,s44_lowrank_rel,text,0,0.9815063273720467,3.6202738806024235,0.07270600053916992,3.547567880063252,0.02008301110275984,0.9799169888972397,1.7763568394002505e-15,0.6640115365101262
ele-fashion,43,s44_lowrank_rel,text,1,0.45636639748611246,1.0979907612151976,0.021925944727517056,1.0760648164876805,0.01996915229345882,0.9800308477065411,0.0,0.6640115365101262
ele-fashion,43,s44_lowrank_rel,text,2,0.4448726956895107,0.9701018845063579,0.020800666790688222,0.9493012177156698,0.021441734237298966,0.9785582657627011,-1.1102230246251565e-16,0.6640115365101262
ele-fashion,43,s44_lowrank_rel,text,3,0.429956713582601,0.9771654152554416,0.019016073292280035,0.9581493419631618,0.019460444460479627,0.9805395555395205,-2.220446049250313e-16,0.6640115365101262
ele-fashion,43,s44_lowrank_rel,text,4,-0.5999658649916793,2.273480648836907,0.04448993709453342,2.2289907117423735,0.019569085453748677,0.9804309145462513,0.0,0.6640115365101262
ele-fashion,43,s44_lowrank_rel,text,5,-0.8344134076146071,2.929053283524555,0.06014385888527242,2.868909424639283,0.020533548919567893,0.9794664510804322,0.0,0.6640115365101262
ele-fashion,43,s44_lowrank_rel,text,6,0.3420287915811246,0.4882318026585135,0.009608734664732985,0.47862306799378057,0.01968068161969709,0.980319318380303,-5.551115123125783e-17,0.6640115365101262
ele-fashion,43,s44_lowrank_rel,text,7,-0.6462854160473801,1.7274610492200018,0.03471112350570214,1.6927499257142995,0.020093722820190483,0.9799062771798095,2.220446049250313e-16,0.6640115365101262
ele-fashion,43,s44_lowrank_rel,visual,0,-1.3833394405346726,3.7433392731380217,0.15680655689134915,3.5865327162466714,0.04188948568370054,0.9581105143162991,1.3322676295501878e-15,1.6785817079890608
ele-fashion,43,s44_lowrank_rel,visual,1,1.4250779136700185,4.7617101281462615,0.19364134752068735,4.568068780625573,0.040666345138500086,0.9593336548614997,8.881784197001252e-16,1.6785817079890608
ele-fashion,43,s44_lowrank_rel,visual,2,1.2323406974777835,3.665968824739558,0.14630222074679955,3.519666603992758,0.03990820100800866,0.9600917989919913,4.440892098500626e-16,1.6785817079890608
ele-fashion,43,s44_lowrank_rel,visual,3,1.6768491266402679,6.424450171059609,0.2629742977239101,6.161475873335699,0.04093335471859326,0.9590666452814067,0.0,1.6785817079890608
ele-fashion,43,s44_lowrank_rel,visual,4,1.0858396840141185,2.937994961862502,0.1183801616307572,2.8196148002317454,0.04029284024221461,0.9597071597577856,-8.881784197001252e-16,1.6785817079890608
ele-fashion,43,s44_lowrank_rel,visual,5,-1.2502440144369473,3.7047669495820332,0.1471111448057825,3.5576558047762505,0.0397086096933518,0.9602913903066481,0.0,1.6785817079890608
ele-fashion,43,s44_lowrank_rel,visual,6,2.2914479202826348,11.27064849036686,0.4592277209677759,10.811420769399083,0.04074545678185977,0.9592545432181402,0.0,1.6785817079890608
ele-fashion,43,s44_lowrank_rel,visual,7,-1.806046563270027,7.472228660084628,0.30199984178006484,7.1702288183045635,0.04041630088132828,0.9595836991186717,0.0,1.6785817079890608
ele-fashion,43,s44_expert_rel,text,0,0.472355928648041,0.2006018322559115,0.011278314229490525,0.18932351802642097,0.05622238891169533,0.9437776110883047,0.0,0.11370604840893402
ele-fashion,43,s44_expert_rel,text,1,0.5276440712695554,0.20060183202187726,0.011278314226443365,0.18932351779543394,0.056222388962097684,0.9437776110379026,-5.551115123125783e-17,0.11370604840893402
ele-fashion,43,s44_expert_rel,visual,0,0.35057685215520223,0.16260429950284422,0.013557719429213686,0.14904658007363053,0.083378603583459,0.916621396416541,0.0,0.14857565747639945
ele-fashion,43,s44_expert_rel,visual,1,0.6494231474939214,0.16260429926284484,0.013557719439615637,0.14904657982322925,0.08337860377049441,0.9166213962295059,-5.551115123125783e-17,0.14857565747639945
ele-fashion,44,s44_scalar_rel,text,0,1.4132720313015885,0.24993609766642422,0.03934381092576897,0.21059228674065525,0.15741548056927318,0.8425845194307268,0.0,0.2373706704448709
ele-fashion,44,s44_scalar_rel,visual,0,1.4709109229459831,0.2849354390047247,0.04624441003648721,0.23869102896823743,0.1622978531488335,0.8377021468511664,2.7755575615628914e-17,0.248872576327423
ele-fashion,44,s44_lowrank_rel,text,0,1.8538706819899966,2.453375688726151,0.09370676418603235,2.3596689245401183,0.038195032508326135,0.9618049674916737,4.440892098500626e-16,1.0766308524712902
ele-fashion,44,s44_lowrank_rel,text,1,-0.8172575549289331,0.5145401373262791,0.019442901311614236,0.4950972360146648,0.037786947802840004,0.9622130521971599,5.551115123125783e-17,1.0766308524712902
ele-fashion,44,s44_lowrank_rel,text,2,-2.2734587736237075,3.8479595812907323,0.1465304446449292,3.701429136645803,0.03808003736769451,0.9619199626323055,0.0,1.0766308524712902
ele-fashion,44,s44_lowrank_rel,text,3,1.7038331013542953,2.152927443772994,0.08251812226218987,2.070409321510804,0.03832833405550226,0.9616716659444977,0.0,1.0766308524712902
ele-fashion,44,s44_lowrank_rel,text,4,-1.9511529782089174,2.888308139101156,0.10917058516000293,2.779137553941153,0.03779741630821181,0.9622025836917882,0.0,1.0766308524712902
ele-fashion,44,s44_lowrank_rel,text,5,1.6218757608219272,1.9326952482775843,0.07406237827954434,1.8586328699980408,0.03832077423771215,0.9616792257622883,-8.881784197001252e-16,1.0766308524712902
ele-fashion,44,s44_lowrank_rel,text,6,2.413491295460578,4.480996974814001,0.1693526140118349,4.311644360802166,0.03779351223928565,0.9622064877607143,0.0,1.0766308524712902
ele-fashion,44,s44_lowrank_rel,text,7,1.6571085175312328,1.9612979376266315,0.07562414800874928,1.8856737896178828,0.038558215229789174,0.9614417847702111,-4.440892098500626e-16,1.0766308524712902
ele-fashion,44,s44_lowrank_rel,visual,0,-0.9974809681442006,0.41732799089054395,0.027657957422126907,0.38967003346841705,0.06627390931316894,0.9337260906868311,0.0,0.8493598266820569
ele-fashion,44,s44_lowrank_rel,visual,1,-1.6636564761610881,1.8001628340810591,0.11985490184469429,1.6803079322363648,0.06658003352562125,0.9334199664743787,0.0,0.8493598266820569
ele-fashion,44,s44_lowrank_rel,visual,2,-2.245618584316532,0.8603432486952969,0.06544458373958885,0.7948986649557079,0.07606799244235948,0.9239320075576404,1.1102230246251565e-16,0.8493598266820569
ele-fashion,44,s44_lowrank_rel,visual,3,1.9149666896513349,2.097948241196369,0.13750536328768173,1.9604428779086862,0.06554278155559662,0.934457218444403,8.881784197001252e-16,0.8493598266820569
ele-fashion,44,s44_lowrank_rel,visual,4,1.5112769697218076,0.288298360197682,0.02343840569305142,0.2648599545046305,0.08129912940531485,0.9187008705946849,5.551115123125783e-17,0.8493598266820569
ele-fashion,44,s44_lowrank_rel,visual,5,-1.0000725217331734,0.3362114898434934,0.021980599041176236,0.3142308908023172,0.06537729882880627,0.9346227011711937,0.0,0.8493598266820569
ele-fashion,44,s44_lowrank_rel,visual,6,0.9312490566064382,0.07587951382181085,0.006484790400666236,0.06939472342114462,0.08546167567565838,0.9145383243243418,-1.3877787807814457e-17,0.8493598266820569
ele-fashion,44,s44_lowrank_rel,visual,7,1.1274516601706097,0.028251434727918814,0.0027926679197759338,0.02545876680814288,0.09885048128250087,0.9011495187174992,0.0,0.8493598266820569
ele-fashion,44,s44_expert_rel,text,0,0.5558461881241223,0.15386767746965768,0.011779218052605971,0.14208845941705175,0.07655420713638056,0.9234457928636197,-5.551115123125783e-17,0.15530952465962522
ele-fashion,44,s44_expert_rel,text,1,0.4441538116972672,0.15386767757483608,0.011779218051148345,0.14208845952368773,0.07655420707457762,0.9234457929254224,0.0,0.15530952465962522
ele-fashion,44,s44_expert_rel,visual,0,0.8549450361556522,0.08569088349176684,0.003840662217645835,0.08185022127412102,0.04481996288455638,0.9551800371154437,-1.3877787807814457e-17,0.05757546694858868
ele-fashion,44,s44_expert_rel,visual,1,0.14505496394820286,0.08569088336506323,0.0038406622256948447,0.08185022113936838,0.0448199630447585,0.9551800369552415,0.0,0.05757546694858868
Reddit-S,42,s44_scalar_rel,text,0,1.0354598258069225,0.11684160951890558,0.033413878662113226,0.08342773085679236,0.28597585055268077,0.7140241494473193,0.0,0.23643654144765952
Reddit-S,42,s44_scalar_rel,visual,0,1.002793150355192,0.3158465833443057,0.033504719550487505,0.28234186379381826,0.10607909446328842,0.8939209055367118,-5.551115123125783e-17,0.18278283899209888
Reddit-S,42,s44_lowrank_rel,text,0,-0.49350699277587823,0.06299685973577268,0.0030375345761154827,0.0599593251596572,0.04821723795211054,0.9517827620478895,0.0,0.11060410364672393
Reddit-S,42,s44_lowrank_rel,text,1,0.25792208488402046,0.01627845296607995,0.0008165854376742045,0.015461867528405742,0.05016357754485365,0.9498364224551461,5.204170427930421e-18,0.11060410364672393
Reddit-S,42,s44_lowrank_rel,text,2,0.18733631298067138,0.00795702308261623,0.0003930596676386087,0.00756396341497762,0.049397829258196975,0.9506021707418028,1.734723475976807e-18,0.11060410364672393
Reddit-S,42,s44_lowrank_rel,text,3,-0.2736743118124408,0.018395660209263014,0.0009130040094301911,0.017482656199832823,0.04963148911450615,0.9503685108854939,0.0,0.11060410364672393
Reddit-S,42,s44_lowrank_rel,text,4,-0.15688174679924816,0.007434882127266542,0.0003741417173790383,0.0070607404098875035,0.050322481375584725,0.9496775186244152,0.0,0.11060410364672393
Reddit-S,42,s44_lowrank_rel,text,5,0.1365540122749886,0.0044910637513513015,0.0002231828011531084,0.004267880950198193,0.04969486373600367,0.9503051362639963,8.673617379884035e-19,0.11060410364672393
Reddit-S,42,s44_lowrank_rel,text,6,0.2626917805175189,0.01559962478823074,0.0007610226291254198,0.01483860215910532,0.04878467523780311,0.9512153247621968,0.0,0.11060410364672393
Reddit-S,42,s44_lowrank_rel,text,7,-0.1734551637677807,0.008026576989230847,0.00041288738943609434,0.007613689599794752,0.05144003352737536,0.9485599664726245,8.673617379884035e-19,0.11060410364672393
Reddit-S,42,s44_lowrank_rel,visual,0,-1.9651569673425466,0.14670335108274737,0.006426625703464095,0.1402767253792833,0.04380694548578638,0.9561930545142137,0.0,0.3139865802931188
Reddit-S,42,s44_lowrank_rel,visual,1,-0.6336017552000087,0.01537991890799819,0.0006644493413880267,0.014715469566610163,0.04320239562787849,0.9567976043721216,0.0,0.3139865802931188
Reddit-S,42,s44_lowrank_rel,visual,2,-1.9493966691752644,0.14645122277178016,0.006341512080875161,0.14010971069090497,0.0433011890297246,0.9566988109702752,2.7755575615628914e-17,0.3139865802931188
Reddit-S,42,s44_lowrank_rel,visual,3,0.03897018367965045,6.275411636075747e-05,3.92737645194842e-06,5.8826739908809056e-05,0.06258356709814748,0.9374164329018526,-6.776263578034403e-21,0.3139865802931188
Reddit-S,42,s44_lowrank_rel,visual,4,3.990980566659117,0.6066226910208056,0.026494232139150347,0.5801284588816553,0.04367497710078515,0.9563250228992151,-1.1102230246251565e-16,0.3139865802931188
Reddit-S,42,s44_lowrank_rel,visual,5,3.7602223691272116,0.5424544011664981,0.02364886702137682,0.5188055341451213,0.043596045991187674,0.9564039540088124,0.0,0.3139865802931188
Reddit-S,42,s44_lowrank_rel,visual,6,-1.1186653293079591,0.04738317285915377,0.0020781511676306614,0.04530502169152311,0.04385842150773556,0.9561415784922644,0.0,0.3139865802931188
Reddit-S,42,s44_lowrank_rel,visual,7,2.5068722537434587,0.23910337487417435,0.010441866868832412,0.22866150800534182,0.0436709305099827,0.9563290694900168,1.1102230246251565e-16,0.3139865802931188
Reddit-S,42,s44_expert_rel,text,0,0.3821057439677024,0.00032451721929674984,8.565459424076918e-05,0.00023886262505598067,0.26394468196907495,0.736055318030925,0.0,0.017661389319540897
Reddit-S,42,s44_expert_rel,text,1,0.6178942562332975,0.0003245172224598501,8.565459331918739e-05,0.00023886262914066275,0.2639446765565262,0.7360553234434739,-5.421010862427522e-20,0.017661389319540897
Reddit-S,42,s44_expert_rel,visual,0,0.0012491107248008189,3.975418670401104e-06,4.2070848209561267e-07,3.5547101883054927e-06,0.10582746547627518,0.8941725345237251,-1.2705494208814505e-21,0.0006734329719023848
Reddit-S,42,s44_expert_rel,visual,1,0.9987508887443375,3.975410625022421e-06,4.2070782834460437e-07,3.5547027966778186e-06,0.1058275151996988,0.8941724848003018,-2.117582368135751e-21,0.0006734329719023848
Reddit-S,43,s44_scalar_rel,text,0,0.9612437002607743,0.09146865633134503,0.02018368122495426,0.07128497510639079,0.22066226874306444,0.7793377312569357,-1.3877787807814457e-17,0.18866102453819822
Reddit-S,43,s44_scalar_rel,visual,0,1.0963227076743387,0.12016542912952813,0.013138276322252194,0.10702715280727594,0.10933490952784972,0.8906650904721504,-1.3877787807814457e-17,0.1133812612811695
Reddit-S,43,s44_lowrank_rel,text,0,-0.8794070569214081,0.05066896886039445,0.005827797750613944,0.0448411711097805,0.1150170978744598,0.8849829021255401,6.938893903907228e-18,0.15011036326410995
Reddit-S,43,s44_lowrank_rel,text,1,0.2669049345486829,0.0033701532120128876,0.00028033653888372785,0.0030898166731291605,0.08318213483128013,0.9168178651687201,-8.673617379884035e-19,0.15011036326410995
Reddit-S,43,s44_lowrank_rel,text,2,-0.022541193608640087,0.0005548563502412851,4.984181548118242e-05,0.0005050145347601028,0.08982832305966792,0.9101716769403322,0.0,0.15011036326410995
Reddit-S,43,s44_lowrank_rel,text,3,-0.4815240266659818,0.008402843547199187,0.0007217273243446888,0.007681116222854495,0.08589084400902038,0.9141091559909793,3.469446951953614e-18,0.15011036326410995
Reddit-S,43,s44_lowrank_rel,text,4,0.18785380060473747,0.004192454378156443,0.00037228106367688285,0.0038201733144795605,0.0887978806916885,0.9112021193083116,-4.336808689942018e-19,0.15011036326410995
Reddit-S,43,s44_lowrank_rel,text,5,-0.4303709821824802,0.007475762774322031,0.0006266860010570721,0.006849076773264959,0.08382903791565344,0.9161709620843466,0.0,0.15011036326410995
Reddit-S,43,s44_lowrank_rel,text,6,-0.31069342150198165,0.022582601275221763,0.0019233575380045124,0.02065924373721725,0.08516988430889368,0.9148301156911063,0.0,0.15011036326410995
Reddit-S,43,s44_lowrank_rel,text,7,0.2797384415557982,0.0025938076109810544,0.0002534778121022427,0.0023403297988788116,0.09772421479107694,0.902275785208923,0.0,0.15011036326410995
Reddit-S,43,s44_lowrank_rel,visual,0,5.055593025049958,7.876278603639226,0.08541731982635324,7.790861283812873,0.010844882986603122,0.989155117013397,-8.881784197001252e-16,0.6148780292908576
Reddit-S,43,s44_lowrank_rel,visual,1,-1.8143762844937603,1.0057771587057471,0.010714776969736443,0.9950623817360104,0.01065323156028361,0.989346768439716,3.3306690738754696e-16,0.6148780292908576
Reddit-S,43,s44_lowrank_rel,visual,2,3.6023496579935212,3.9736912234292796,0.04341264204776432,3.930278581381515,0.010925016466251594,0.9890749835337483,4.440892098500626e-16,0.6148780292908576
Reddit-S,43,s44_lowrank_rel,visual,3,-1.5073879040401843,0.6912316996610096,0.007485272316156279,0.6837464273448534,0.010828890399307742,0.9891711096006923,0.0,0.6148780292908576
Reddit-S,43,s44_lowrank_rel,visual,4,3.87018656583664,4.653971101371902,0.05088920135491076,4.603081900016991,0.010934576138624839,0.9890654238613751,0.0,0.6148780292908576
Reddit-S,43,s44_lowrank_rel,visual,5,3.0658864478435355,2.8775475785570532,0.03136399240546368,2.8461835861515894,0.010899556497061,0.9891004435029389,0.0,0.6148780292908576
Reddit-S,43,s44_lowrank_rel,visual,6,-3.444082029462315,3.702996017606931,0.04027861674264659,3.6627174008642847,0.01087730490422637,0.9891226950957737,0.0,0.6148780292908576
Reddit-S,43,s44_lowrank_rel,visual,7,1.2164012193289115,0.4506635547726669,0.004955850883364084,0.44570770388930275,0.01099678647381197,0.9890032135261879,5.551115123125783e-17,0.6148780292908576
Reddit-S,43,s44_expert_rel,text,0,0.6858705206347454,0.1438683695205678,0.0038535550041945456,0.14001481451637324,0.02678528308228051,0.9732147169177193,2.7755575615628914e-17,0.07906777278326414
Reddit-S,43,s44_expert_rel,text,1,0.3141294788037316,0.14386836980498957,0.0038535549978865337,0.14001481480710304,0.026785282985481405,0.9732147170145186,0.0,0.07906777278326414
Reddit-S,43,s44_expert_rel,visual,0,0.5994111726045355,0.14052156847453967,0.0022181592122104093,0.13830340926232926,0.015785186831388843,0.9842148131686111,0.0,0.05819086574269691
Reddit-S,43,s44_expert_rel,visual,1,0.4005888279672633,0.14052156904030355,0.0022181592100272837,0.13830340983027625,0.015785186752299105,0.9842148132477008,2.7755575615628914e-17,0.05819086574269691
Reddit-S,44,s44_scalar_rel,text,0,1.0903349687380817,0.21966731577993326,0.04720749007156596,0.17245982570836732,0.21490447909355476,0.7850955209064453,-2.7755575615628914e-17,0.2863666579748627
Reddit-S,44,s44_scalar_rel,visual,0,0.989811765714992,0.272236870222621,0.04438881000302235,0.22784806021959872,0.1630521610343357,0.8369478389656646,-8.326672684688674e-17,0.2304117027829373
Reddit-S,44,s44_lowrank_rel,text,0,-1.1141473569665272,0.33376152209254284,0.010212277895463693,0.32354924419707914,0.030597529132288984,0.969402470867711,0.0,0.7431691945794447
Reddit-S,44,s44_lowrank_rel,text,1,2.906981922546339,2.231615260390013,0.07024614852344035,2.1613691118665725,0.03147771471645325,0.9685222852835468,0.0,0.7431691945794447
Reddit-S,44,s44_lowrank_rel,text,2,1.9925413000435572,1.0444800477388005,0.032842194578149714,1.0116378531606507,0.03144358252630093,0.9685564174736989,2.220446049250313e-16,0.7431691945794447
Reddit-S,44,s44_lowrank_rel,text,3,-1.5955575320676336,0.6766027511828004,0.020993688875766033,0.6556090623070343,0.03102808677479658,0.9689719132252033,1.1102230246251565e-16,0.7431691945794447
Reddit-S,44,s44_lowrank_rel,text,4,-2.5222866980646743,1.6408270238647151,0.05351837649609466,1.5873086473686207,0.03261670835359621,0.9673832916464039,-2.220446049250313e-16,0.7431691945794447
Reddit-S,44,s44_lowrank_rel,text,5,1.7694090915338405,0.8080980903599073,0.026317118585978194,0.781780971773929,0.032566737751177195,0.9674332622488226,1.1102230246251565e-16,0.7431691945794447
Reddit-S,44,s44_lowrank_rel,text,6,-2.809370769460612,2.0716226414927807,0.06587421643195127,2.005748425060829,0.03179836670663305,0.9682016332933666,4.440892098500626e-16,0.7431691945794447
Reddit-S,44,s44_lowrank_rel,text,7,-1.9621738111866094,1.0230405188610132,0.03227601037088449,0.9907645084901289,0.0315491026756384,0.9684508973243617,-1.1102230246251565e-16,0.7431691945794447
Reddit-S,44,s44_lowrank_rel,visual,0,0.30562628526685215,0.1523241640766163,0.0017929323465503831,0.1505312317300659,0.011770505076585029,0.9882294949234148,0.0,0.29400689945293373
Reddit-S,44,s44_lowrank_rel,visual,1,-0.3030035456475464,0.19750186053373886,0.0021687012762208876,0.19533315925751796,0.010980662513052188,0.9890193374869477,2.7755575615628914e-17,0.29400689945293373
Reddit-S,44,s44_lowrank_rel,visual,2,-0.6006130399232378,1.055629819325605,0.010977629561393169,1.0446521897642123,0.010399127952264827,0.9896008720477355,-4.440892098500626e-16,0.29400689945293373
Reddit-S,44,s44_lowrank_rel,visual,3,-0.8027732954484842,1.5961743590242807,0.01696838290989184,1.5792059761143884,0.01063065749299743,0.9893693425070023,4.440892098500626e-16,0.29400689945293373
Reddit-S,44,s44_lowrank_rel,visual,4,0.15405326176859288,0.05867953100010706,0.0006116410309088236,0.058067889969198226,0.010423413760885507,0.9895765862391143,1.3877787807814457e-17,0.29400689945293373
Reddit-S,44,s44_lowrank_rel,visual,5,-0.9229048704719014,2.1061937701680806,0.022519730432848335,2.0836740397352314,0.010692145590693296,0.9893078544093062,8.881784197001252e-16,0.29400689945293373
Reddit-S,44,s44_lowrank_rel,visual,6,0.18895264435533113,0.1600617028213913,0.0016606231881879647,0.1584010796332033,0.010374893924757324,0.9896251060752425,2.7755575615628914e-17,0.29400689945293373
Reddit-S,44,s44_lowrank_rel,visual,7,-0.7562645011952919,1.302421677713179,0.01407844507724321,1.2883432326359354,0.010809437003507541,0.9891905629964922,2.220446049250313e-16,0.29400689945293373
Reddit-S,44,s44_expert_rel,text,0,0.3794945533190661,0.08359700771892037,0.005579430718857835,0.07801757700006254,0.06674199078533587,0.9332580092146642,0.0,0.12491383452195957
Reddit-S,44,s44_expert_rel,text,1,0.6205054465594495,0.08359700778991659,0.005579430715468876,0.07801757707444769,0.06674199068811483,0.9332580093118849,2.7755575615628914e-17,0.12491383452195957
Reddit-S,44,s44_expert_rel,visual,0,0.35880636910535707,0.13866970956157043,0.000614937964192775,0.13805477159737764,0.004434551468644547,0.9955654485313553,2.7755575615628914e-17,0.03234119881441365
Reddit-S,44,s44_expert_rel,visual,1,0.6411936301356749,0.13866970984150082,0.0006149379640903575,0.13805477187741047,0.004434551458954016,0.9955654485410461,0.0,0.03234119881441365
