dataset,seed,modality,val_acc,val_macro_f1,true_label_ce,mean_target_dosage,mean_abs_target_dosage_deviation_from_one,dosage_weighted_mass_error,redistribution_row_mass_error,interpretation
Movies,42,text,0.5518895983695984,0.4428177927506363,1.4958667755126953,0.5563462356269903,0.4436537643730097,1.5563534114804156e-06,2.3551805976573803e-06,frozen sensitivity; not retrained causal ablation
Movies,42,visual,0.5518895983695984,0.4428177927506363,1.4958667755126953,1.1643516820875102,0.23585741377780625,3.8658211298781e-06,2.5332933670796365e-06,frozen sensitivity; not retrained causal ablation
Movies,43,text,0.5584883093833923,0.4677640318447752,1.5400644540786743,0.3227262979604826,0.6772737020395174,7.884755566234247e-07,2.331207807237945e-06,frozen sensitivity; not retrained causal ablation
Movies,43,visual,0.5584883093833923,0.4677640318447752,1.5400644540786743,1.2090183113220785,0.23376386747078795,2.7624409550952578e-06,2.0406554455121295e-06,frozen sensitivity; not retrained causal ablation
Movies,44,text,0.5554888844490051,0.4686137104693987,1.5632766485214233,0.6452340940835809,0.3547659059164191,9.707810979531217e-07,1.7487774206514928e-06,frozen sensitivity; not retrained causal ablation
Movies,44,visual,0.5554888844490051,0.4686137104693987,1.5632766485214233,0.9851251220913343,0.1178587509101103,2.167787962026324e-06,2.2235020451510934e-06,frozen sensitivity; not retrained causal ablation
Grocery,42,text,0.8207906484603882,0.7424991346103536,0.7868956923484802,1.1976314396297987,0.1979327339945625,1.0498565256256143e-05,9.42580683194194e-06,frozen sensitivity; not retrained causal ablation
Grocery,42,visual,0.8207906484603882,0.7424991346103536,0.7868956923484802,0.989099613012203,0.2821062104849594,1.030777309729558e-05,8.3844645555331e-06,frozen sensitivity; not retrained causal ablation
Grocery,43,text,0.8295754194259644,0.7642890426335769,1.0164999961853027,1.470310739123066,0.5565581071099226,1.592773435277195e-05,9.815808971858075e-06,frozen sensitivity; not retrained causal ablation
Grocery,43,visual,0.8295754194259644,0.7642890426335769,1.0164999961853027,0.840386293999108,0.3392134906969117,6.226491883865037e-06,5.767243484555706e-06,frozen sensitivity; not retrained causal ablation
Grocery,44,text,0.8251830339431763,0.7459124555514741,1.0840799808502197,1.4058217801714068,0.5584982833358136,1.5058512852661465e-05,7.91506524144836e-06,frozen sensitivity; not retrained causal ablation
Grocery,44,visual,0.8251830339431763,0.7459124555514741,1.0840799808502197,0.9954242065735008,0.3547633688093319,8.54595160859617e-06,6.773459674924709e-06,frozen sensitivity; not retrained causal ablation
ele-fashion,42,text,0.8808428049087524,0.7677971931108792,0.4661403000354767,1.0219192647208084,0.4703034850599395,6.316538781625525e-05,4.704986734971328e-05,frozen sensitivity; not retrained causal ablation
ele-fashion,42,visual,0.8808428049087524,0.7677971931108792,0.4661403000354767,1.1321429300581123,0.48346570834172853,0.00017522929228874773,9.686370936634603e-05,frozen sensitivity; not retrained causal ablation
ele-fashion,43,text,0.882377028465271,0.7809328214064709,0.5065142512321472,1.167825590647456,0.5316067518663891,0.00011772169629509222,0.00010069452374317223,frozen sensitivity; not retrained causal ablation
ele-fashion,43,visual,0.882377028465271,0.7809328214064709,0.5065142512321472,1.5379520804361753,0.6567729039007627,0.00014670026576268924,7.540191762345216e-05,frozen sensitivity; not retrained causal ablation
ele-fashion,44,text,0.8806382417678833,0.7674581469312507,0.45705166459083557,1.4425506506501167,0.570949351424393,5.4503332648891956e-05,3.608645855024406e-05,frozen sensitivity; not retrained causal ablation
ele-fashion,44,visual,0.8806382417678833,0.7674581469312507,0.45705166459083557,1.4992855881794036,0.6412920257847473,0.00011308444299729103,5.807173458372006e-05,frozen sensitivity; not retrained causal ablation
Reddit-S,42,text,0.9619377255439758,0.9243920199391524,0.1997361183166504,1.0212479894440534,0.2513429320832086,2.59406107550042e-06,2.0468139708684774e-06,frozen sensitivity; not retrained causal ablation
Reddit-S,42,visual,0.9619377255439758,0.9243920199391524,0.1997361183166504,0.9921265093887904,0.46240319901233773,3.139177770394852e-06,2.0934025791730093e-06,frozen sensitivity; not retrained causal ablation
Reddit-S,43,text,0.9606794714927673,0.9215068143352572,0.16327551007270813,0.9603962146821106,0.2193910915742539,2.8366771496202148e-06,2.0741842274851763e-06,frozen sensitivity; not retrained causal ablation
Reddit-S,43,visual,0.9606794714927673,0.9215068143352572,0.16327551007270813,1.0870143048408063,0.27930513979864524,3.1466105387956134e-06,1.9548984233619393e-06,frozen sensitivity; not retrained causal ablation
Reddit-S,44,text,0.9625668525695801,0.9273381814409498,0.23403163254261017,1.0870928232799135,0.36177788467636435,3.0608241807783543e-06,2.2204773901801644e-06,frozen sensitivity; not retrained causal ablation
Reddit-S,44,visual,0.9625668525695801,0.9273381814409498,0.23403163254261017,0.9818742462599467,0.41162488114581447,3.1200243029161356e-06,2.0398992021108953e-06,frozen sensitivity; not retrained causal ablation
