dataset,seed,variant,intervention,val_acc,val_macro_f1,true_label_ce,delta_val_acc,delta_val_macro_f1,delta_true_label_ce,prediction_flip_rate,note,frozen_sensitivity_not_retrained_causal_ablation
Movies,42,s44_scalar_rel,TARGET_MEAN_REPLACE,0.5521895289421082,0.4456644675417074,1.4980590343475342,0.0002999305725097656,0.002846674791071091,0.002192258834838867,0.01739652082324028,both modalities replaced by P_rel-weighted target means,
Movies,42,s44_scalar_rel,DOSAGE_ONLY,0.5518895983695984,0.4431700585089001,1.4975919723510742,0.0,0.00035226575826380335,0.0017251968383789062,0.0032993401400744915,,True
Movies,42,s44_scalar_rel,REDISTRIBUTION_ONLY,0.5524894595146179,0.4466261985012416,1.4935740232467651,0.0005998611450195312,0.0038084057506052593,-0.0022927522659301758,0.008998200297355652,,True
Movies,42,s44_scalar_rel,DOSAGE_ONLY,0.5527894496917725,0.44620764311452127,1.4963219165802002,0.0008998513221740723,0.0033898503638849498,0.0004551410675048828,0.01589682139456272,,True
Movies,42,s44_scalar_rel,REDISTRIBUTION_ONLY,0.5503898859024048,0.4428891733787269,1.4938557147979736,-0.0014997124671936035,7.138062809058932e-05,-0.0020110607147216797,0.010797840543091297,,True
Movies,42,s44_lowrank_rel,TARGET_MEAN_REPLACE,0.5560887455940247,0.46128862978025653,1.6226131916046143,-0.0002999305725097656,-0.0013864306289226858,0.00022649765014648438,0.0011997600086033344,both modalities replaced by P_rel-weighted target means,
Movies,42,s44_expert_rel,TARGET_MEAN_REPLACE,0.5686862468719482,0.4800746049797267,1.6346848011016846,0.0005998611450195312,0.00025565607295424675,5.1140785217285156e-05,0.0005998800043016672,both modalities replaced by P_rel-weighted target means,
Movies,43,s44_scalar_rel,TARGET_MEAN_REPLACE,0.5572885274887085,0.4650819719256508,1.5451924800872803,-0.0011997818946838379,-0.002682059919124402,0.005128026008605957,0.016496701166033745,both modalities replaced by P_rel-weighted target means,
Movies,43,s44_scalar_rel,DOSAGE_ONLY,0.5584883093833923,0.46825090308559797,1.540702223777771,0.0,0.00048687124082275046,0.0006377696990966797,0.004799040034413338,,True
Movies,43,s44_scalar_rel,REDISTRIBUTION_ONLY,0.5542891025543213,0.46175123999879436,1.5333482027053833,-0.004199206829071045,-0.006012791845980858,-0.006716251373291016,0.04289142042398453,,True
Movies,43,s44_scalar_rel,DOSAGE_ONLY,0.5560887455940247,0.46322480217974527,1.5446521043777466,-0.0023995637893676758,-0.0045392296650299535,0.004587650299072266,0.014097180217504501,,True
Movies,43,s44_scalar_rel,REDISTRIBUTION_ONLY,0.5587882399559021,0.4650040681417786,1.540671706199646,0.0002999305725097656,-0.0027599637029966373,0.0006072521209716797,0.005998800043016672,,True
Movies,43,s44_lowrank_rel,TARGET_MEAN_REPLACE,0.5635872483253479,0.46533525962383726,1.4464685916900635,0.0002999305725097656,0.00036886731988716726,-2.5987625122070312e-05,0.001499700010754168,both modalities replaced by P_rel-weighted target means,
Movies,43,s44_expert_rel,TARGET_MEAN_REPLACE,0.561187744140625,0.47690000314873304,1.620361328125,0.0,-2.038747251376094e-05,-1.239776611328125e-05,0.0002999400021508336,both modalities replaced by P_rel-weighted target means,
Movies,44,s44_scalar_rel,TARGET_MEAN_REPLACE,0.5521895289421082,0.45760589165411253,1.569870948791504,-0.0032993555068969727,-0.011007818815286174,0.006594300270080566,0.01589682139456272,both modalities replaced by P_rel-weighted target means,
Movies,44,s44_scalar_rel,DOSAGE_ONLY,0.553389310836792,0.46585920679484516,1.564145565032959,-0.0020995736122131348,-0.0027545036745535434,0.0008689165115356445,0.004199160262942314,,True
Movies,44,s44_scalar_rel,REDISTRIBUTION_ONLY,0.5518895983695984,0.4631957458450441,1.5627706050872803,-0.0035992860794067383,-0.005417964624354621,-0.0005060434341430664,0.011697660200297832,,True
Movies,44,s44_scalar_rel,DOSAGE_ONLY,0.5530893802642822,0.46030770152135353,1.5688834190368652,-0.0023995041847229004,-0.008306008948045174,0.0056067705154418945,0.014997000806033611,,True
Movies,44,s44_scalar_rel,REDISTRIBUTION_ONLY,0.5557888150215149,0.4684219028274327,1.5637484788894653,0.0002999305725097656,-0.00019180764196602418,0.0004718303680419922,0.0032993401400744915,,True
Movies,44,s44_lowrank_rel,TARGET_MEAN_REPLACE,0.5587882399559021,0.4790889735993247,1.5858170986175537,-0.0005998611450195312,-0.000712726040907552,-0.00013816356658935547,0.001499700010754168,both modalities replaced by P_rel-weighted target means,
Movies,44,s44_expert_rel,TARGET_MEAN_REPLACE,0.5518895983695984,0.469463981860555,1.7826515436172485,0.0,-3.5115913500249896e-05,6.67572021484375e-06,0.0008998200646601617,both modalities replaced by P_rel-weighted target means,
Grocery,42,s44_scalar_rel,TARGET_MEAN_REPLACE,0.8219619393348694,0.7453021528021215,0.7808896899223328,0.0011712908744812012,0.002803018191767981,-0.006006002426147461,0.01229868270456791,both modalities replaced by P_rel-weighted target means,
Grocery,42,s44_scalar_rel,DOSAGE_ONLY,0.8207906484603882,0.7425190791874158,0.7868200540542603,0.0,1.99445770622253e-05,-7.56382942199707e-05,0.00029282577452249825,,True
Grocery,42,s44_scalar_rel,REDISTRIBUTION_ONLY,0.8207906484603882,0.7429886299899053,0.7880722284317017,0.0,0.0004894953795517853,0.0011765360832214355,0.0017569545889273286,,True
Grocery,42,s44_scalar_rel,DOSAGE_ONLY,0.8219619393348694,0.7453021528021215,0.7809304594993591,0.0011712908744812012,0.002803018191767981,-0.005965232849121094,0.01229868270456791,,True
Grocery,42,s44_scalar_rel,REDISTRIBUTION_ONLY,0.8193265199661255,0.7391938079317025,0.7879358530044556,-0.0014641284942626953,-0.0033053266786510216,0.0010401606559753418,0.005856515374034643,,True
Grocery,42,s44_lowrank_rel,TARGET_MEAN_REPLACE,0.83162522315979,0.7577562610889621,0.9275514483451843,0.0014641284942626953,0.002579489994192663,0.00026166439056396484,0.002635431941598654,both modalities replaced by P_rel-weighted target means,
Grocery,42,s44_expert_rel,TARGET_MEAN_REPLACE,0.8248901963233948,0.7511716162510975,0.9744295477867126,-0.0008785128593444824,-0.0024143481870452232,7.748603820800781e-05,0.0008784772944636643,both modalities replaced by P_rel-weighted target means,
Grocery,43,s44_scalar_rel,TARGET_MEAN_REPLACE,0.826647162437439,0.7568625951350296,1.0178680419921875,-0.0029282569885253906,-0.007426447498547262,0.0013680458068847656,0.016105417162179947,both modalities replaced by P_rel-weighted target means,
Grocery,43,s44_scalar_rel,DOSAGE_ONLY,0.8289897441864014,0.7638350539040718,1.0169122219085693,-0.0005856752395629883,-0.00045398872950508373,0.00041222572326660156,0.002049780450761318,,True
Grocery,43,s44_scalar_rel,REDISTRIBUTION_ONLY,0.8292825818061829,0.7662663426293983,1.0196887254714966,-0.00029283761978149414,0.0019772999958214132,0.0031887292861938477,0.003513909177854657,,True
Grocery,43,s44_scalar_rel,DOSAGE_ONLY,0.8269400000572205,0.7569565864060361,1.01676344871521,-0.0026354193687438965,-0.007332456227540751,0.00026345252990722656,0.016983894631266594,,True
Grocery,43,s44_scalar_rel,REDISTRIBUTION_ONLY,0.8286969661712646,0.7651846922389984,1.0248304605484009,-0.000878453254699707,0.0008956496054215446,0.008330464363098145,0.013177159242331982,,True
Grocery,43,s44_lowrank_rel,TARGET_MEAN_REPLACE,0.8210834860801697,0.7484733662367387,0.8520253896713257,-0.0005856156349182129,-0.002314524449240296,0.00013715028762817383,0.0008784772944636643,both modalities replaced by P_rel-weighted target means,
Grocery,43,s44_expert_rel,TARGET_MEAN_REPLACE,0.8245973587036133,0.7561040377747074,0.9355858564376831,0.0005856156349182129,0.0008583300354815249,-8.684396743774414e-05,0.0005856515490449965,both modalities replaced by P_rel-weighted target means,
Grocery,44,s44_scalar_rel,TARGET_MEAN_REPLACE,0.8251830339431763,0.7423280705296286,1.082557201385498,0.0,-0.0035843850218455486,-0.0015227794647216797,0.016691068187355995,both modalities replaced by P_rel-weighted target means,
Grocery,44,s44_scalar_rel,DOSAGE_ONLY,0.8257687091827393,0.7465149814832063,1.0860060453414917,0.0005856752395629883,0.0006025259317321563,0.0019260644912719727,0.002635431941598654,,True
Grocery,44,s44_scalar_rel,REDISTRIBUTION_ONLY,0.8243045806884766,0.7405872926546657,1.086763620376587,-0.000878453254699707,-0.0053251628968084,0.0026836395263671875,0.005270863883197308,,True
Grocery,44,s44_scalar_rel,DOSAGE_ONLY,0.8251830339431763,0.740794554121395,1.0805543661117554,0.0,-0.005117901430079064,-0.0035256147384643555,0.016691068187355995,,True
Grocery,44,s44_scalar_rel,REDISTRIBUTION_ONLY,0.8237189054489136,0.7433240293696448,1.0873160362243652,-0.0014641284942626953,-0.0025884261818293064,0.003236055374145508,0.008491947315633297,,True
Grocery,44,s44_lowrank_rel,TARGET_MEAN_REPLACE,0.8204978108406067,0.7403090640769966,0.8128871917724609,-0.00029283761978149414,-0.0009221954118939779,-0.00020188093185424805,0.0014641288435086608,both modalities replaced by P_rel-weighted target means,
Grocery,44,s44_expert_rel,TARGET_MEAN_REPLACE,0.8275256156921387,0.7594019365604362,1.1861599683761597,-0.00029283761978149414,-0.0002115138617485579,-0.0003943443298339844,0.001171303098089993,both modalities replaced by P_rel-weighted target means,
ele-fashion,42,s44_scalar_rel,TARGET_MEAN_REPLACE,0.8800245523452759,0.7679643639082673,0.4649474322795868,-0.0008182525634765625,0.00016717079738803875,-0.0011928677558898926,0.003068425925448537,both modalities replaced by P_rel-weighted target means,
ele-fashion,42,s44_scalar_rel,DOSAGE_ONLY,0.8810473680496216,0.7671917515642946,0.46546193957328796,0.00020456314086914062,-0.0006054415465845953,-0.0006783604621887207,0.0018410555785521865,,True
ele-fashion,42,s44_scalar_rel,REDISTRIBUTION_ONLY,0.8819679021835327,0.7641775514569832,0.46725690364837646,0.0011250972747802734,-0.003619641653896055,0.0011166036128997803,0.009102996438741684,,True
ele-fashion,42,s44_scalar_rel,DOSAGE_ONLY,0.8801268339157104,0.7676044296914548,0.4656676948070526,-0.0007159709930419922,-0.00019276341942442432,-0.00047260522842407227,0.0016364938346669078,,True
ele-fashion,42,s44_scalar_rel,REDISTRIBUTION_ONLY,0.8812519311904907,0.7679202994160016,0.4690498411655426,0.00040912628173828125,0.00012310630512235576,0.002909541130065918,0.005932290107011795,,True
ele-fashion,42,s44_lowrank_rel,TARGET_MEAN_REPLACE,0.8797177076339722,0.7645841195735049,0.4412989318370819,0.00010228157043457031,-3.1767135481253206e-05,4.3392181396484375e-05,0.0006136851734481752,both modalities replaced by P_rel-weighted target means,
ele-fashion,42,s44_expert_rel,TARGET_MEAN_REPLACE,0.8798199892044067,0.7730612522925409,0.4774227440357208,0.0,0.0,-4.3064355850219727e-05,0.0,both modalities replaced by P_rel-weighted target means,
ele-fashion,43,s44_scalar_rel,TARGET_MEAN_REPLACE,0.8820701837539673,0.7790351760292599,0.5065191984176636,-0.00030684471130371094,-0.0018976453772110435,4.947185516357422e-06,0.0016364938346669078,both modalities replaced by P_rel-weighted target means,
ele-fashion,43,s44_scalar_rel,DOSAGE_ONLY,0.8820701837539673,0.7805151272581046,0.5059921145439148,-0.00030684471130371094,-0.0004176941483663432,-0.0005221366882324219,0.0013296512188389897,,True
ele-fashion,43,s44_scalar_rel,REDISTRIBUTION_ONLY,0.8804336786270142,0.7751300037914404,0.5000993609428406,-0.001943349838256836,-0.005802817615030542,-0.006414890289306641,0.009818962775170803,,True
ele-fashion,43,s44_scalar_rel,DOSAGE_ONLY,0.8821724653244019,0.7791003681989781,0.5070211887359619,-0.00020456314086914062,-0.0018324532074928124,0.0005069375038146973,0.0006136851734481752,,True
ele-fashion,43,s44_scalar_rel,REDISTRIBUTION_ONLY,0.8812519311904907,0.7758714916914198,0.5127251744270325,-0.0011250972747802734,-0.005061329715051133,0.006210923194885254,0.00828474946320057,,True
ele-fashion,43,s44_lowrank_rel,TARGET_MEAN_REPLACE,0.8781834840774536,0.7625490761593116,0.4499625861644745,-0.00020456314086914062,-0.0001907633876978565,0.00020137429237365723,0.00040912345866672695,both modalities replaced by P_rel-weighted target means,
ele-fashion,43,s44_expert_rel,TARGET_MEAN_REPLACE,0.8786948919296265,0.7640876250543923,0.4582611322402954,0.0,0.0,0.00019797682762145996,0.0,both modalities replaced by P_rel-weighted target means,
ele-fashion,44,s44_scalar_rel,TARGET_MEAN_REPLACE,0.8804336786270142,0.7675716600607358,0.4567987322807312,-0.00020456314086914062,0.00011351312948515435,-0.0002529323101043701,0.0016364938346669078,both modalities replaced by P_rel-weighted target means,
ele-fashion,44,s44_scalar_rel,DOSAGE_ONLY,0.8805359601974487,0.7673370604058996,0.45689135789871216,-0.00010228157043457031,-0.00012108652535114395,-0.00016030669212341309,0.0008182469173334539,,True
ele-fashion,44,s44_scalar_rel,REDISTRIBUTION_ONLY,0.8807405233383179,0.7672205893140663,0.4593088924884796,0.00010228157043457031,-0.00023755761718435853,0.002257227897644043,0.0032729876693338156,,True
ele-fashion,44,s44_scalar_rel,DOSAGE_ONLY,0.8805359601974487,0.7673615947024075,0.45695698261260986,-0.00010228157043457031,-9.655222884319414e-05,-9.468197822570801e-05,0.0008182469173334539,,True
ele-fashion,44,s44_scalar_rel,REDISTRIBUTION_ONLY,0.8799222707748413,0.76361222148373,0.4618018567562103,-0.0007159709930419922,-0.003845925447520715,0.004750192165374756,0.0068528177216649055,,True
ele-fashion,44,s44_lowrank_rel,TARGET_MEAN_REPLACE,0.8800245523452759,0.774106628646816,0.48534461855888367,0.00020456314086914062,0.002392917579155718,0.0003933906555175781,0.00040912345866672695,both modalities replaced by P_rel-weighted target means,
ele-fashion,44,s44_expert_rel,TARGET_MEAN_REPLACE,0.8798199892044067,0.7628335922228228,0.4490557909011841,0.0,-5.9800016083966234e-05,0.0001285076141357422,0.00020456172933336347,both modalities replaced by P_rel-weighted target means,
Reddit-S,42,s44_scalar_rel,TARGET_MEAN_REPLACE,0.9619377255439758,0.9250427047883569,0.19718797504901886,0.0,0.000650684849204497,-0.0025481432676315308,0.0012582573108375072,both modalities replaced by P_rel-weighted target means,
Reddit-S,42,s44_scalar_rel,DOSAGE_ONLY,0.9622522592544556,0.9250042213351539,0.19957083463668823,0.00031453371047973633,0.0006122013960014883,-0.0001652836799621582,0.0003145643277093768,,True
Reddit-S,42,s44_scalar_rel,REDISTRIBUTION_ONLY,0.9616231322288513,0.9231741515039215,0.19956067204475403,-0.0003145933151245117,-0.0012178684352309732,-0.0001754462718963623,0.001572821638546884,,True
Reddit-S,42,s44_scalar_rel,DOSAGE_ONLY,0.9613085985183716,0.9238154159388298,0.19716863334178925,-0.000629127025604248,-0.0005766040003226669,-0.002567484974861145,0.0006291286554187536,,True
Reddit-S,42,s44_scalar_rel,REDISTRIBUTION_ONLY,0.9619377255439758,0.9243109630990407,0.1998317539691925,0.0,-8.10568401117262e-05,9.563565254211426e-05,0.0012582573108375072,,True
Reddit-S,42,s44_lowrank_rel,TARGET_MEAN_REPLACE,0.9594212174415588,0.91369667344069,0.16591617465019226,0.0,0.0,-1.2770295143127441e-05,0.0,both modalities replaced by P_rel-weighted target means,
Reddit-S,42,s44_expert_rel,TARGET_MEAN_REPLACE,0.9606794714927673,0.9235237654553782,0.16655988991260529,0.0,0.0,-1.4007091522216797e-06,0.0,both modalities replaced by P_rel-weighted target means,
Reddit-S,43,s44_scalar_rel,TARGET_MEAN_REPLACE,0.9603648781776428,0.9209536562756735,0.16269762814044952,-0.0003145933151245117,-0.0005531580595836694,-0.000577881932258606,0.001572821638546884,both modalities replaced by P_rel-weighted target means,
Reddit-S,43,s44_scalar_rel,DOSAGE_ONLY,0.9609940052032471,0.9217397735629789,0.16316106915473938,0.00031453371047973633,0.0002329592277217074,-0.00011444091796875,0.0006291286554187536,,True
Reddit-S,43,s44_scalar_rel,REDISTRIBUTION_ONLY,0.9603648781776428,0.9217736092707799,0.16340354084968567,-0.0003145933151245117,0.0002667949355227295,0.00012803077697753906,0.0012582573108375072,,True
Reddit-S,43,s44_scalar_rel,DOSAGE_ONLY,0.9606794714927673,0.9214997093829927,0.1626824587583542,0.0,-7.104952264413988e-06,-0.0005930513143539429,0.0012582573108375072,,True
Reddit-S,43,s44_scalar_rel,REDISTRIBUTION_ONLY,0.9613085985183716,0.9228105571461489,0.16354727745056152,0.000629127025604248,0.0013037428108917393,0.00027176737785339355,0.0009436929831281304,,True
Reddit-S,43,s44_lowrank_rel,TARGET_MEAN_REPLACE,0.9600503444671631,0.9180642516108712,0.23196114599704742,0.0,0.0,1.1652708053588867e-05,0.0,both modalities replaced by P_rel-weighted target means,
Reddit-S,43,s44_expert_rel,TARGET_MEAN_REPLACE,0.9609940052032471,0.922797181326813,0.23599840700626373,0.0,0.0,3.375113010406494e-05,0.0,both modalities replaced by P_rel-weighted target means,
Reddit-S,44,s44_scalar_rel,TARGET_MEAN_REPLACE,0.9619377255439758,0.9260759355631164,0.2317063808441162,-0.000629127025604248,-0.0012622458778334122,-0.0023252516984939575,0.001572821638546884,both modalities replaced by P_rel-weighted target means,
Reddit-S,44,s44_scalar_rel,DOSAGE_ONLY,0.9622522592544556,0.9264476523512848,0.23419542610645294,-0.0003145933151245117,-0.0008905290896650264,0.00016379356384277344,0.001572821638546884,,True
Reddit-S,44,s44_scalar_rel,REDISTRIBUTION_ONLY,0.9616231322288513,0.9264368408125913,0.23416481912136078,-0.0009437203407287598,-0.0009013406283585601,0.00013318657875061035,0.001572821638546884,,True
Reddit-S,44,s44_scalar_rel,DOSAGE_ONLY,0.9622522592544556,0.92684489197161,0.23156872391700745,-0.0003145933151245117,-0.0004932894693397971,-0.002462908625602722,0.0009436929831281304,,True
Reddit-S,44,s44_scalar_rel,REDISTRIBUTION_ONLY,0.9613085985183716,0.9262469635432726,0.23699021339416504,-0.001258254051208496,-0.001091217897677188,0.0029585808515548706,0.0022019504103809595,,True
Reddit-S,44,s44_lowrank_rel,TARGET_MEAN_REPLACE,0.9609940052032471,0.9230145325951948,0.24149301648139954,0.0,0.0,-2.987682819366455e-05,0.0,both modalities replaced by P_rel-weighted target means,
Reddit-S,44,s44_expert_rel,TARGET_MEAN_REPLACE,0.9638251066207886,0.9283794646701213,0.21508371829986572,0.0,0.0,-2.174079418182373e-05,0.0,both modalities replaced by P_rel-weighted target means,
