dataset,encoder_seed,modality,order,innovation_energy_ratio,cosine_previous,cosine_s0
Movies,42,text,1,0.5909244418144226,-0.6637561917304993,-0.6637561917304993
Movies,42,visual,1,0.5923765301704407,-0.6700301170349121,-0.6700301170349121
Movies,42,text,2,0.1985630989074707,-0.37101781368255615,-0.2878083288669586
Movies,42,visual,2,0.2020987719297409,-0.39306455850601196,-0.30436113476753235
Movies,42,text,3,0.09614812582731247,-0.3097635805606842,-0.6096446514129639
Movies,42,visual,3,0.10026683658361435,-0.3409115672111511,-0.6296589970588684
Movies,43,text,1,0.5884965658187866,-0.6607277393341064,-0.6607277393341064
Movies,43,visual,1,0.5851026773452759,-0.6633880734443665,-0.6633880734443665
Movies,43,text,2,0.197625070810318,-0.36780697107315063,-0.2846323847770691
Movies,43,visual,2,0.19930221140384674,-0.3906691074371338,-0.30488908290863037
Movies,43,text,3,0.0954681783914566,-0.30666080117225647,-0.6073528528213501
Movies,43,visual,3,0.09917356818914413,-0.3411247134208679,-0.6282389163970947
Movies,44,text,1,0.5931538343429565,-0.6657374501228333,-0.6657374501228333
Movies,44,visual,1,0.59740149974823,-0.6749626994132996,-0.6749626994132996
Movies,44,text,2,0.19959738850593567,-0.37129655480384827,-0.2871094346046448
Movies,44,visual,2,0.204355850815773,-0.3953813314437866,-0.3050346076488495
Movies,44,text,3,0.09649258106946945,-0.30870121717453003,-0.6098067164421082
Movies,44,visual,3,0.10135993361473083,-0.3403218984603882,-0.6303949952125549
Toys,42,text,1,0.5198813080787659,-0.5881026387214661,-0.5881026387214661
Toys,42,visual,1,0.5126517415046692,-0.5787860751152039,-0.5787860751152039
Toys,42,text,2,0.1938936412334442,-0.3419668972492218,-0.22479408979415894
Toys,42,visual,2,0.18984867632389069,-0.334250271320343,-0.2177274525165558
Toys,42,text,3,0.09919796884059906,-0.2937808930873871,-0.5703190565109253
Toys,42,visual,3,0.09717754274606705,-0.28820309042930603,-0.560343861579895
Toys,43,text,1,0.5164051055908203,-0.5836936831474304,-0.5836936831474304
Toys,43,visual,1,0.5089023113250732,-0.5747965574264526,-0.5747965574264526
Toys,43,text,2,0.1923149824142456,-0.33828863501548767,-0.22119908034801483
Toys,43,visual,2,0.18829408288002014,-0.33232855796813965,-0.21640516817569733
Toys,43,text,3,0.09828896075487137,-0.29059866070747375,-0.5663384795188904
Toys,43,visual,3,0.09646143019199371,-0.28778746724128723,-0.5581910014152527
Toys,44,text,1,0.5261064171791077,-0.5949349403381348,-0.5949349403381348
Toys,44,visual,1,0.5165984630584717,-0.5830877423286438,-0.5830877423286438
Toys,44,text,2,0.19696356356143951,-0.34623461961746216,-0.22732490301132202
Toys,44,visual,2,0.19158178567886353,-0.3371773064136505,-0.21942266821861267
Toys,44,text,3,0.10082448273897171,-0.295973002910614,-0.5744221806526184
Toys,44,visual,3,0.09813035279512405,-0.29052871465682983,-0.5632803440093994
Grocery,42,text,1,0.5692702531814575,-0.6604771018028259,-0.6604771018028259
Grocery,42,visual,1,0.5834919810295105,-0.6727930307388306,-0.6727930307388306
Grocery,42,text,2,0.23884034156799316,-0.4209006428718567,-0.28687041997909546
Grocery,42,visual,2,0.24221915006637573,-0.4201923906803131,-0.2881351411342621
Grocery,42,text,3,0.1292673945426941,-0.3642818033695221,-0.6357497572898865
Grocery,42,visual,3,0.12950414419174194,-0.3557678759098053,-0.633330225944519
Grocery,43,text,1,0.5771544575691223,-0.6681486368179321,-0.6681486368179321
Grocery,43,visual,1,0.5917735695838928,-0.6815283298492432,-0.6815283298492432
Grocery,43,text,2,0.2425885945558548,-0.42476287484169006,-0.2882715165615082
Grocery,43,visual,2,0.24640494585037231,-0.42578163743019104,-0.29183676838874817
Grocery,43,text,3,0.13122820854187012,-0.3646644353866577,-0.637345552444458
Grocery,43,visual,3,0.13154640793800354,-0.3577108383178711,-0.637441873550415
Grocery,44,text,1,0.5788140296936035,-0.6705015301704407,-0.6705015301704407
Grocery,44,visual,1,0.5982177257537842,-0.6884996891021729,-0.6884996891021729
Grocery,44,text,2,0.24336841702461243,-0.4262728691101074,-0.291180282831192
Grocery,44,visual,2,0.24949884414672852,-0.430179238319397,-0.2956584095954895
Grocery,44,text,3,0.13156335055828094,-0.3649015724658966,-0.6386929750442505
Grocery,44,visual,3,0.1331106275320053,-0.35954979062080383,-0.6400574445724487
ele-fashion,42,text,1,0.5748794078826904,-0.5562456250190735,-0.5562456250190735
ele-fashion,42,visual,1,0.6029375791549683,-0.594242513179779,-0.594242513179779
ele-fashion,42,text,2,0.33234068751335144,-0.32705315947532654,0.0430559366941452
ele-fashion,42,visual,2,0.3477761149406433,-0.34266263246536255,0.0234842412173748
ele-fashion,42,text,3,0.2006533294916153,-0.22605396807193756,-0.47622302174568176
ele-fashion,42,visual,3,0.20984646677970886,-0.228054478764534,-0.4860721826553345
ele-fashion,43,text,1,0.5769028663635254,-0.5631135106086731,-0.5631135106086731
ele-fashion,43,visual,1,0.604932427406311,-0.6000920534133911,-0.6000920534133911
ele-fashion,43,text,2,0.33347025513648987,-0.3316342830657959,0.03324684500694275
ele-fashion,43,visual,2,0.34884870052337646,-0.34634876251220703,0.015475139021873474
ele-fashion,43,text,3,0.20127548277378082,-0.2291419506072998,-0.4811442494392395
ele-fashion,43,visual,3,0.2103727161884308,-0.2300974726676941,-0.48961904644966125
ele-fashion,44,text,1,0.5762549042701721,-0.5555590391159058,-0.5555590391159058
ele-fashion,44,visual,1,0.6057305335998535,-0.5977347493171692,-0.5977347493171692
ele-fashion,44,text,2,0.33374014496803284,-0.326671838760376,0.04722005873918533
ele-fashion,44,visual,2,0.349775105714798,-0.34514573216438293,0.02208642289042473
ele-fashion,44,text,3,0.20178930461406708,-0.2256048619747162,-0.47523608803749084
ele-fashion,44,visual,3,0.2112637758255005,-0.22991643846035004,-0.4880591630935669
Reddit-S,42,text,1,0.5187016725540161,-0.5188130140304565,-0.5188130140304565
Reddit-S,42,visual,1,0.3450488746166229,-0.34512463212013245,-0.34512463212013245
Reddit-S,42,text,2,1.3632831041832105e-07,-0.7546246647834778,-0.6450762152671814
Reddit-S,42,visual,2,1.3359890260744578e-07,-0.743633508682251,-0.6979305148124695
Reddit-S,42,text,3,1.326780534327554e-07,-0.7414873838424683,-0.6339741945266724
Reddit-S,42,visual,3,1.2946567551352928e-07,-0.7316491603851318,-0.6865519285202026
Reddit-S,43,text,1,0.5263627767562866,-0.5264741778373718,-0.5264741778373718
Reddit-S,43,visual,1,0.34569987654685974,-0.34577879309654236,-0.34577879309654236
Reddit-S,43,text,2,1.3664312348282692e-07,-0.753038763999939,-0.6402315497398376
Reddit-S,43,visual,2,1.3409702148692304e-07,-0.7452535033226013,-0.6992114186286926
Reddit-S,43,text,3,1.3290055278503132e-07,-0.7432094216346741,-0.63188236951828
Reddit-S,43,visual,3,1.2991053210953396e-07,-0.7336186170578003,-0.6883465051651001
Reddit-S,44,text,1,0.5386734008789062,-0.5387930274009705,-0.5387930274009705
Reddit-S,44,visual,1,0.3482348620891571,-0.3483128547668457,-0.3483128547668457
Reddit-S,44,text,2,1.3684991984064254e-07,-0.7559819221496582,-0.6367684006690979
Reddit-S,44,visual,2,1.3404054755028483e-07,-0.7444416284561157,-0.6976664066314697
Reddit-S,44,text,3,1.331474948074174e-07,-0.7436378002166748,-0.6264224648475647
Reddit-S,44,visual,3,1.296179732435121e-07,-0.7325587272644043,-0.6866530776023865
