dataset,encoder_seed,readout_source,modality,variance_decrease,effective_rank_decrease,dirichlet_energy_decrease,node_similarity_increase,joint_smoothing_collapse_evidence
Grocery,42,gpr,text,True,True,True,True,True
Grocery,42,gpr,visual,True,True,True,True,True
Grocery,42,uniform,text,True,True,True,True,True
Grocery,42,uniform,visual,True,True,True,True,True
Grocery,43,gpr,text,True,True,True,True,True
Grocery,43,gpr,visual,True,True,True,True,True
Grocery,43,uniform,text,True,True,True,True,True
Grocery,43,uniform,visual,True,True,True,True,True
Grocery,44,gpr,text,True,True,True,True,True
Grocery,44,gpr,visual,True,True,True,True,True
Grocery,44,uniform,text,True,True,True,True,True
Grocery,44,uniform,visual,True,True,True,True,True
Movies,42,gpr,text,True,True,True,True,True
Movies,42,gpr,visual,True,True,True,True,True
Movies,42,uniform,text,True,True,True,True,True
Movies,42,uniform,visual,True,True,True,True,True
Movies,43,gpr,text,True,True,True,True,True
Movies,43,gpr,visual,True,True,True,True,True
Movies,43,uniform,text,True,True,True,True,True
Movies,43,uniform,visual,True,True,True,True,True
Movies,44,gpr,text,True,True,True,True,True
Movies,44,gpr,visual,True,True,True,True,True
Movies,44,uniform,text,True,True,True,True,True
Movies,44,uniform,visual,True,True,True,True,True
Reddit-S,42,gpr,text,True,True,True,True,True
Reddit-S,42,gpr,visual,True,True,True,True,True
Reddit-S,42,uniform,text,True,True,True,True,True
Reddit-S,42,uniform,visual,True,True,True,True,True
Reddit-S,43,gpr,text,True,True,True,True,True
Reddit-S,43,gpr,visual,True,True,True,True,True
Reddit-S,43,uniform,text,True,True,True,True,True
Reddit-S,43,uniform,visual,True,True,True,True,True
Reddit-S,44,gpr,text,True,True,True,True,True
Reddit-S,44,gpr,visual,True,True,True,True,True
Reddit-S,44,uniform,text,True,True,True,True,True
Reddit-S,44,uniform,visual,True,True,True,True,True
Toys,42,gpr,text,True,True,True,True,True
Toys,42,gpr,visual,True,True,True,True,True
Toys,42,uniform,text,True,True,True,True,True
Toys,42,uniform,visual,True,True,True,True,True
Toys,43,gpr,text,True,True,True,True,True
Toys,43,gpr,visual,True,True,True,True,True
Toys,43,uniform,text,True,True,True,True,True
Toys,43,uniform,visual,True,True,True,True,True
Toys,44,gpr,text,True,True,True,True,True
Toys,44,gpr,visual,True,True,True,True,True
Toys,44,uniform,text,True,True,True,True,True
Toys,44,uniform,visual,True,True,True,True,True
ele-fashion,42,gpr,text,True,True,True,True,True
ele-fashion,42,gpr,visual,True,True,True,True,True
ele-fashion,42,uniform,text,True,True,True,True,True
ele-fashion,42,uniform,visual,True,True,True,True,True
ele-fashion,43,gpr,text,True,True,True,True,True
ele-fashion,43,gpr,visual,True,True,True,True,True
ele-fashion,43,uniform,text,True,True,True,True,True
ele-fashion,43,uniform,visual,True,True,True,True,True
ele-fashion,44,gpr,text,True,True,True,True,True
ele-fashion,44,gpr,visual,True,True,True,True,True
ele-fashion,44,uniform,text,True,True,True,True,True
ele-fashion,44,uniform,visual,True,True,True,True,True
