dataset,seed,variant,trainable_params,peak_cuda_memory_mb,wall_clock_seconds,mean_epoch_seconds_proxy,historical_mob_uniform_epoch_seconds_proxy,historical_mob_uniform_epoch_ratio,best_epoch,complexity_status
Movies,42,s45_identity_terminal,597012,961,48.14059976488352,0.10721737141399447,0.1078649323791333,0.9939965570750767,131,WITHIN_REFERENCE
Movies,42,s45_identity_uniform,597012,1001,58.368994634831324,0.13542690170494506,0.1078649323791333,1.2555229834005224,135,WITHIN_REFERENCE
Movies,42,s45_identity_propagated_uniform,597012,4690,47.02237089094706,0.10403179400652005,0.1078649323791333,0.9644635352002985,134,WITHIN_REFERENCE
Movies,42,s45_unconstrained_entry_uniform,640342,5556,82.848040494835,0.17932476297583333,0.1078649323791333,1.6624936299549757,128,WITHIN_REFERENCE
Movies,42,s45_masspres_entry_terminal,640342,1773,75.61181695293635,0.1476793299862038,0.1078649323791333,1.3691134526198683,132,WITHIN_REFERENCE
Movies,42,s45_masspres_entry_uniform,640342,1809,84.96482226694934,0.1917941811895019,0.1078649323791333,1.778095781077084,119,WITHIN_REFERENCE
Movies,42,s45_masspres_entry_propagated_uniform,640342,1809,71.58664040081203,0.15802790375455195,0.1078649323791333,1.465053565315383,143,WITHIN_REFERENCE
Movies,42,s45_masspres_persistent_uniform,640342,1817,89.95096224592999,0.18394879804893657,0.1078649323791333,1.7053623823021267,137,WITHIN_REFERENCE
Movies,43,s45_identity_terminal,597012,961,48.14059976488352,0.10721737141399447,0.1078649323791333,0.9939965570750767,90,WITHIN_REFERENCE
Movies,43,s45_identity_uniform,597012,1001,58.368994634831324,0.13542690170494506,0.1078649323791333,1.2555229834005224,91,WITHIN_REFERENCE
Movies,43,s45_identity_propagated_uniform,597012,4690,47.02237089094706,0.10403179400652005,0.1078649323791333,0.9644635352002985,119,WITHIN_REFERENCE
Movies,43,s45_unconstrained_entry_uniform,640342,5556,82.848040494835,0.17932476297583333,0.1078649323791333,1.6624936299549757,122,WITHIN_REFERENCE
Movies,43,s45_masspres_entry_terminal,640342,1773,75.61181695293635,0.1476793299862038,0.1078649323791333,1.3691134526198683,173,WITHIN_REFERENCE
Movies,43,s45_masspres_entry_uniform,640342,1809,84.96482226694934,0.1917941811895019,0.1078649323791333,1.778095781077084,90,WITHIN_REFERENCE
Movies,43,s45_masspres_entry_propagated_uniform,640342,1809,71.58664040081203,0.15802790375455195,0.1078649323791333,1.465053565315383,101,WITHIN_REFERENCE
Movies,43,s45_masspres_persistent_uniform,640342,1817,89.95096224592999,0.18394879804893657,0.1078649323791333,1.7053623823021267,119,WITHIN_REFERENCE
Movies,44,s45_identity_terminal,597012,961,48.14059976488352,0.10721737141399447,0.1078649323791333,0.9939965570750767,138,WITHIN_REFERENCE
Movies,44,s45_identity_uniform,597012,1001,58.368994634831324,0.13542690170494506,0.1078649323791333,1.2555229834005224,115,WITHIN_REFERENCE
Movies,44,s45_identity_propagated_uniform,597012,4690,47.02237089094706,0.10403179400652005,0.1078649323791333,0.9644635352002985,109,WITHIN_REFERENCE
Movies,44,s45_unconstrained_entry_uniform,640342,5556,82.848040494835,0.17932476297583333,0.1078649323791333,1.6624936299549757,122,WITHIN_REFERENCE
Movies,44,s45_masspres_entry_terminal,640342,1773,75.61181695293635,0.1476793299862038,0.1078649323791333,1.3691134526198683,117,WITHIN_REFERENCE
Movies,44,s45_masspres_entry_uniform,640342,1809,84.96482226694934,0.1917941811895019,0.1078649323791333,1.778095781077084,144,WITHIN_REFERENCE
Movies,44,s45_masspres_entry_propagated_uniform,640342,1809,71.58664040081203,0.15802790375455195,0.1078649323791333,1.465053565315383,119,WITHIN_REFERENCE
Movies,44,s45_masspres_persistent_uniform,640342,1817,89.95096224592999,0.18394879804893657,0.1078649323791333,1.7053623823021267,143,WITHIN_REFERENCE
Grocery,42,s45_identity_terminal,597012,1348,59.219328498933464,0.08472006938330967,0.0742748619920532,1.1406291053408355,171,WITHIN_REFERENCE
Grocery,42,s45_identity_uniform,597012,1007,44.989025990944356,0.09716852265862712,0.0742748619920532,1.3082289223105301,137,WITHIN_REFERENCE
Grocery,42,s45_identity_propagated_uniform,597012,4526,54.10989781585522,0.11661615908589487,0.0742748619920532,1.5700622789224683,137,WITHIN_REFERENCE
Grocery,42,s45_unconstrained_entry_uniform,640342,3992,58.03483540401794,0.11357110646578854,0.0742748619920532,1.5290651967544513,187,WITHIN_REFERENCE
Grocery,42,s45_masspres_entry_terminal,640342,1681,80.42345079686493,0.13677457618514444,0.0742748619920532,1.84146523489708,140,WITHIN_REFERENCE
Grocery,42,s45_masspres_entry_uniform,640342,1717,52.93494950002059,0.1126275521277034,0.0742748619920532,1.5163616478984991,138,WITHIN_REFERENCE
Grocery,42,s45_masspres_entry_propagated_uniform,640342,1717,61.085157132009044,0.1394638290685138,0.0742748619920532,1.877672005414635,133,WITHIN_REFERENCE
Grocery,42,s45_masspres_persistent_uniform,640342,1721,56.00133096706122,0.122273648399697,0.0742748619920532,1.646231916429266,115,WITHIN_REFERENCE
Grocery,43,s45_identity_terminal,597012,1348,59.219328498933464,0.08472006938330967,0.0742748619920532,1.1406291053408355,240,WITHIN_REFERENCE
Grocery,43,s45_identity_uniform,597012,1007,44.989025990944356,0.09716852265862712,0.0742748619920532,1.3082289223105301,132,WITHIN_REFERENCE
Grocery,43,s45_identity_propagated_uniform,597012,4526,54.10989781585522,0.11661615908589487,0.0742748619920532,1.5700622789224683,131,WITHIN_REFERENCE
Grocery,43,s45_unconstrained_entry_uniform,640342,3992,58.03483540401794,0.11357110646578854,0.0742748619920532,1.5290651967544513,139,WITHIN_REFERENCE
Grocery,43,s45_masspres_entry_terminal,640342,1681,80.42345079686493,0.13677457618514444,0.0742748619920532,1.84146523489708,199,WITHIN_REFERENCE
Grocery,43,s45_masspres_entry_uniform,640342,1717,52.93494950002059,0.1126275521277034,0.0742748619920532,1.5163616478984991,142,WITHIN_REFERENCE
Grocery,43,s45_masspres_entry_propagated_uniform,640342,1717,61.085157132009044,0.1394638290685138,0.0742748619920532,1.877672005414635,103,WITHIN_REFERENCE
Grocery,43,s45_masspres_persistent_uniform,640342,1721,56.00133096706122,0.122273648399697,0.0742748619920532,1.646231916429266,125,WITHIN_REFERENCE
Grocery,44,s45_identity_terminal,597012,1348,59.219328498933464,0.08472006938330967,0.0742748619920532,1.1406291053408355,198,WITHIN_REFERENCE
Grocery,44,s45_identity_uniform,597012,1007,44.989025990944356,0.09716852265862712,0.0742748619920532,1.3082289223105301,104,WITHIN_REFERENCE
Grocery,44,s45_identity_propagated_uniform,597012,4526,54.10989781585522,0.11661615908589487,0.0742748619920532,1.5700622789224683,106,WITHIN_REFERENCE
Grocery,44,s45_unconstrained_entry_uniform,640342,3992,58.03483540401794,0.11357110646578854,0.0742748619920532,1.5290651967544513,95,WITHIN_REFERENCE
Grocery,44,s45_masspres_entry_terminal,640342,1681,80.42345079686493,0.13677457618514444,0.0742748619920532,1.84146523489708,159,WITHIN_REFERENCE
Grocery,44,s45_masspres_entry_uniform,640342,1717,52.93494950002059,0.1126275521277034,0.0742748619920532,1.5163616478984991,100,WITHIN_REFERENCE
Grocery,44,s45_masspres_entry_propagated_uniform,640342,1717,61.085157132009044,0.1394638290685138,0.0742748619920532,1.877672005414635,112,WITHIN_REFERENCE
Grocery,44,s45_masspres_persistent_uniform,640342,1721,56.00133096706122,0.122273648399697,0.0742748619920532,1.646231916429266,128,WITHIN_REFERENCE
ele-fashion,42,s45_identity_terminal,463884,3551,340.8563777639065,0.3791505870566257,0.392008169877782,0.967200727410439,269,WITHIN_REFERENCE
ele-fashion,42,s45_identity_uniform,463884,9786,211.57825619797222,0.3053077290014029,0.392008169877782,0.7788300154473565,208,WITHIN_REFERENCE
ele-fashion,42,s45_identity_propagated_uniform,463884,3753,197.39610934909433,0.3013681058764799,0.392008169877782,0.7687801659093959,186,WITHIN_REFERENCE
ele-fashion,42,s45_unconstrained_entry_uniform,507214,5387,340.7760550461244,0.5071072247710184,0.392008169877782,1.2936139186311382,166,WITHIN_REFERENCE
ele-fashion,42,s45_masspres_entry_terminal,507214,6846,277.67454932513647,0.4077453000369111,0.392008169877782,1.0401449035208516,206,WITHIN_REFERENCE
ele-fashion,42,s45_masspres_entry_uniform,507214,5409,293.90794114698656,0.5111442454730201,0.392008169877782,1.3039122261976879,173,WITHIN_REFERENCE
ele-fashion,42,s45_masspres_entry_propagated_uniform,507214,5409,265.4651355170645,0.4187147247903225,0.392008169877782,1.0681275467316587,184,WITHIN_REFERENCE
ele-fashion,42,s45_masspres_persistent_uniform,507214,5405,277.7483925218694,0.4523589454753573,0.392008169877782,1.1539528515856983,149,WITHIN_REFERENCE
ele-fashion,43,s45_identity_terminal,463884,3551,340.8563777639065,0.3791505870566257,0.392008169877782,0.967200727410439,285,WITHIN_REFERENCE
ele-fashion,43,s45_identity_uniform,463884,9786,211.57825619797222,0.3053077290014029,0.392008169877782,0.7788300154473565,215,WITHIN_REFERENCE
ele-fashion,43,s45_identity_propagated_uniform,463884,3753,197.39610934909433,0.3013681058764799,0.392008169877782,0.7687801659093959,156,WITHIN_REFERENCE
ele-fashion,43,s45_unconstrained_entry_uniform,507214,5387,340.7760550461244,0.5071072247710184,0.392008169877782,1.2936139186311382,189,WITHIN_REFERENCE
ele-fashion,43,s45_masspres_entry_terminal,507214,6846,277.67454932513647,0.4077453000369111,0.392008169877782,1.0401449035208516,187,WITHIN_REFERENCE
ele-fashion,43,s45_masspres_entry_uniform,507214,5409,293.90794114698656,0.5111442454730201,0.392008169877782,1.3039122261976879,157,WITHIN_REFERENCE
ele-fashion,43,s45_masspres_entry_propagated_uniform,507214,5409,265.4651355170645,0.4187147247903225,0.392008169877782,1.0681275467316587,169,WITHIN_REFERENCE
ele-fashion,43,s45_masspres_persistent_uniform,507214,5405,277.7483925218694,0.4523589454753573,0.392008169877782,1.1539528515856983,171,WITHIN_REFERENCE
ele-fashion,44,s45_identity_terminal,463884,3551,340.8563777639065,0.3791505870566257,0.392008169877782,0.967200727410439,270,WITHIN_REFERENCE
ele-fashion,44,s45_identity_uniform,463884,9786,211.57825619797222,0.3053077290014029,0.392008169877782,0.7788300154473565,180,WITHIN_REFERENCE
ele-fashion,44,s45_identity_propagated_uniform,463884,3753,197.39610934909433,0.3013681058764799,0.392008169877782,0.7687801659093959,223,WITHIN_REFERENCE
ele-fashion,44,s45_unconstrained_entry_uniform,507214,5387,340.7760550461244,0.5071072247710184,0.392008169877782,1.2936139186311382,227,WITHIN_REFERENCE
ele-fashion,44,s45_masspres_entry_terminal,507214,6846,277.67454932513647,0.4077453000369111,0.392008169877782,1.0401449035208516,198,WITHIN_REFERENCE
ele-fashion,44,s45_masspres_entry_uniform,507214,5409,293.90794114698656,0.5111442454730201,0.392008169877782,1.3039122261976879,155,WITHIN_REFERENCE
ele-fashion,44,s45_masspres_entry_propagated_uniform,507214,5409,265.4651355170645,0.4187147247903225,0.392008169877782,1.0681275467316587,191,WITHIN_REFERENCE
ele-fashion,44,s45_masspres_persistent_uniform,507214,5405,277.7483925218694,0.4523589454753573,0.392008169877782,1.1539528515856983,204,WITHIN_REFERENCE
Reddit-S,42,s45_identity_terminal,597012,1035,24.44844203791581,0.11062643456070503,0.08905916659518723,1.2421678619961767,44,WITHIN_REFERENCE
Reddit-S,42,s45_identity_uniform,597012,971,26.493165294174105,0.11419467799212976,0.08905916659518723,1.2822338492251382,44,WITHIN_REFERENCE
Reddit-S,42,s45_identity_propagated_uniform,597012,971,25.463802912039682,0.11317245738684303,0.08905916659518723,1.2707558549392364,44,WITHIN_REFERENCE
Reddit-S,42,s45_unconstrained_entry_uniform,640342,2417,52.971816550940275,0.1783562846833006,0.08905916659518723,2.002671836061612,124,WITHIN_REFERENCE
Reddit-S,42,s45_masspres_entry_terminal,640342,2401,40.703672530828044,0.18090521124812464,0.08905916659518723,2.0312924336067253,52,WITHIN_REFERENCE
Reddit-S,42,s45_masspres_entry_uniform,640342,2433,49.85234506218694,0.1774104806483521,0.08905916659518723,1.992051884504603,60,WITHIN_REFERENCE
Reddit-S,42,s45_masspres_entry_propagated_uniform,640342,2433,59.02998729492538,0.17516316704725632,0.08905916659518723,1.9668179452368935,88,WITHIN_REFERENCE
Reddit-S,42,s45_masspres_persistent_uniform,640342,2461,45.78619618015364,0.16589201514548418,0.08905916659518723,1.8627169048138053,60,WITHIN_REFERENCE
Reddit-S,43,s45_identity_terminal,597012,1035,24.44844203791581,0.11062643456070503,0.08905916659518723,1.2421678619961767,45,WITHIN_REFERENCE
Reddit-S,43,s45_identity_uniform,597012,971,26.493165294174105,0.11419467799212976,0.08905916659518723,1.2822338492251382,46,WITHIN_REFERENCE
Reddit-S,43,s45_identity_propagated_uniform,597012,971,25.463802912039682,0.11317245738684303,0.08905916659518723,1.2707558549392364,49,WITHIN_REFERENCE
Reddit-S,43,s45_unconstrained_entry_uniform,640342,2417,52.971816550940275,0.1783562846833006,0.08905916659518723,2.002671836061612,37,WITHIN_REFERENCE
Reddit-S,43,s45_masspres_entry_terminal,640342,2401,40.703672530828044,0.18090521124812464,0.08905916659518723,2.0312924336067253,45,WITHIN_REFERENCE
Reddit-S,43,s45_masspres_entry_uniform,640342,2433,49.85234506218694,0.1774104806483521,0.08905916659518723,1.992051884504603,56,WITHIN_REFERENCE
Reddit-S,43,s45_masspres_entry_propagated_uniform,640342,2433,59.02998729492538,0.17516316704725632,0.08905916659518723,1.9668179452368935,79,WITHIN_REFERENCE
Reddit-S,43,s45_masspres_persistent_uniform,640342,2461,45.78619618015364,0.16589201514548418,0.08905916659518723,1.8627169048138053,60,WITHIN_REFERENCE
Reddit-S,44,s45_identity_terminal,597012,1035,24.44844203791581,0.11062643456070503,0.08905916659518723,1.2421678619961767,42,WITHIN_REFERENCE
Reddit-S,44,s45_identity_uniform,597012,971,26.493165294174105,0.11419467799212976,0.08905916659518723,1.2822338492251382,52,WITHIN_REFERENCE
Reddit-S,44,s45_identity_propagated_uniform,597012,971,25.463802912039682,0.11317245738684303,0.08905916659518723,1.2707558549392364,42,WITHIN_REFERENCE
Reddit-S,44,s45_unconstrained_entry_uniform,640342,2417,52.971816550940275,0.1783562846833006,0.08905916659518723,2.002671836061612,46,WITHIN_REFERENCE
Reddit-S,44,s45_masspres_entry_terminal,640342,2401,40.703672530828044,0.18090521124812464,0.08905916659518723,2.0312924336067253,38,WITHIN_REFERENCE
Reddit-S,44,s45_masspres_entry_uniform,640342,2433,49.85234506218694,0.1774104806483521,0.08905916659518723,1.992051884504603,75,WITHIN_REFERENCE
Reddit-S,44,s45_masspres_entry_propagated_uniform,640342,2433,59.02998729492538,0.17516316704725632,0.08905916659518723,1.9668179452368935,80,WITHIN_REFERENCE
Reddit-S,44,s45_masspres_persistent_uniform,640342,2461,45.78619618015364,0.16589201514548418,0.08905916659518723,1.8627169048138053,66,WITHIN_REFERENCE
