dataset,seed,historical_variant,checkpoint,recomputed_val_acc,historical_table_val_acc,abs_recomputed_table_val_acc_delta,recomputed_val_macro_f1,historical_table_val_macro_f1,abs_recomputed_table_val_macro_f1_delta,abs_recomputed_checkpoint_val_acc_delta,abs_recomputed_checkpoint_val_macro_f1_delta,identity_model_max_abs_logit_delta_from_same_weights,test_evaluation
Movies,42,mob_terminal_plain,/hdd1/DataInHere/YHF/baseline/outputs/mob_factorial_nc_v1/Movies/mob_terminal_plain/best_run1.pt,0.5485902428627014,0.5485903024673462,5.960464477539063e-08,0.45450367590348506,0.45450367590348506,0.0,5.960464477539063e-08,0.0,2.86102294921875e-06,False
Movies,43,mob_terminal_plain,/hdd1/DataInHere/YHF/baseline/outputs/mob_factorial_nc_v1/Movies/mob_terminal_plain/best_run2.pt,0.5482903122901917,0.5482903122901917,0.0,0.4510231585834813,0.4510231585834813,0.0,0.0,0.0,2.86102294921875e-06,False
Movies,44,mob_terminal_plain,/hdd1/DataInHere/YHF/baseline/outputs/mob_factorial_nc_v1/Movies/mob_terminal_plain/best_run3.pt,0.5482903122901917,0.5482903122901917,0.0,0.45559441806872814,0.45559441806872814,0.0,0.0,0.0,2.6226043701171875e-06,False
Movies,42,mob_uniform_plain,/hdd1/DataInHere/YHF/baseline/outputs/mob_factorial_nc_v1/Movies/mob_uniform_plain/best_run1.pt,0.5728853940963745,0.5728853940963745,0.0,0.4903058012491247,0.4903058012491247,0.0,0.0,0.0,1.9073486328125e-06,False
Movies,43,mob_uniform_plain,/hdd1/DataInHere/YHF/baseline/outputs/mob_factorial_nc_v1/Movies/mob_uniform_plain/best_run2.pt,0.5746850371360779,0.5746850371360779,0.0,0.49154346406724453,0.49154346406724453,0.0,0.0,0.0,1.9073486328125e-06,False
Movies,44,mob_uniform_plain,/hdd1/DataInHere/YHF/baseline/outputs/mob_factorial_nc_v1/Movies/mob_uniform_plain/best_run3.pt,0.5785842537879944,0.5785842537879944,0.0,0.48335035573924773,0.48335035573924773,0.0,0.0,0.0,1.9073486328125e-06,False
Grocery,42,mob_terminal_plain,/hdd1/DataInHere/YHF/baseline/outputs/mob_factorial_nc_v1/Grocery/mob_terminal_plain/best_run1.pt,0.7985358834266663,0.7985358834266663,0.0,0.6979890240672545,0.6979890240672545,0.0,0.0,0.0,5.7220458984375e-06,False
Grocery,43,mob_terminal_plain,/hdd1/DataInHere/YHF/baseline/outputs/mob_factorial_nc_v1/Grocery/mob_terminal_plain/best_run2.pt,0.800000011920929,0.800000011920929,0.0,0.7033472178969881,0.7033472178969881,0.0,0.0,0.0,3.814697265625e-06,False
Grocery,44,mob_terminal_plain,/hdd1/DataInHere/YHF/baseline/outputs/mob_factorial_nc_v1/Grocery/mob_terminal_plain/best_run3.pt,0.8026354312896729,0.8026354312896729,0.0,0.720991015849095,0.720991015849095,0.0,0.0,0.0,4.76837158203125e-06,False
Grocery,42,mob_uniform_plain,/hdd1/DataInHere/YHF/baseline/outputs/mob_factorial_nc_v1/Grocery/mob_uniform_plain/best_run1.pt,0.8278184533119202,0.8278184533119202,0.0,0.7316992795349787,0.7316992795349787,0.0,0.0,0.0,3.814697265625e-06,False
Grocery,43,mob_uniform_plain,/hdd1/DataInHere/YHF/baseline/outputs/mob_factorial_nc_v1/Grocery/mob_uniform_plain/best_run2.pt,0.8289897441864014,0.8289897441864014,0.0,0.7624822256408944,0.7624822256408944,0.0,0.0,0.0,4.76837158203125e-06,False
Grocery,44,mob_uniform_plain,/hdd1/DataInHere/YHF/baseline/outputs/mob_factorial_nc_v1/Grocery/mob_uniform_plain/best_run3.pt,0.8327965140342712,0.8327965140342712,0.0,0.7647673637239638,0.7647673637239638,0.0,0.0,0.0,3.814697265625e-06,False
ele-fashion,42,mob_terminal_plain,/hdd1/DataInHere/YHF/baseline/outputs/mob_factorial_nc_v1/ele-fashion/mob_terminal_plain/best_run1.pt,0.8311343193054199,0.8311343193054199,0.0,0.6734258456624699,0.6734258456624699,0.0,0.0,0.0,7.62939453125e-06,False
ele-fashion,43,mob_terminal_plain,/hdd1/DataInHere/YHF/baseline/outputs/mob_factorial_nc_v1/ele-fashion/mob_terminal_plain/best_run2.pt,0.8344072699546814,0.8344072699546814,0.0,0.6901266023698641,0.6901266023698641,0.0,0.0,0.0,7.62939453125e-06,False
ele-fashion,44,mob_terminal_plain,/hdd1/DataInHere/YHF/baseline/outputs/mob_factorial_nc_v1/ele-fashion/mob_terminal_plain/best_run3.pt,0.8336912989616394,0.8336912989616394,0.0,0.6750157686002214,0.6750157686002214,0.0,0.0,0.0,7.62939453125e-06,False
ele-fashion,42,mob_uniform_plain,/hdd1/DataInHere/YHF/baseline/outputs/mob_factorial_nc_v1/ele-fashion/mob_uniform_plain/best_run1.pt,0.876137912273407,0.8761378526687622,5.960464477539063e-08,0.7612287305958861,0.7612287305958861,0.0,5.960464477539063e-08,0.0,5.7220458984375e-06,False
ele-fashion,43,mob_uniform_plain,/hdd1/DataInHere/YHF/baseline/outputs/mob_factorial_nc_v1/ele-fashion/mob_uniform_plain/best_run2.pt,0.875421941280365,0.8754218816757202,5.960464477539063e-08,0.749690281139252,0.749690281139252,0.0,5.960464477539063e-08,0.0,5.7220458984375e-06,False
ele-fashion,44,mob_uniform_plain,/hdd1/DataInHere/YHF/baseline/outputs/mob_factorial_nc_v1/ele-fashion/mob_uniform_plain/best_run3.pt,0.8753196597099304,0.8753196001052856,5.960464477539063e-08,0.7460937491895993,0.7460937491895993,0.0,5.960464477539063e-08,0.0,7.62939453125e-06,False
Reddit-S,42,mob_terminal_plain,/hdd1/DataInHere/YHF/baseline/outputs/mob_factorial_nc_v1/Reddit-S/mob_terminal_plain/best_run1.pt,0.9449512362480164,0.9449512362480164,0.0,0.9042547986134227,0.9042547986134227,0.0,0.0,0.0,1.430511474609375e-06,False
Reddit-S,43,mob_terminal_plain,/hdd1/DataInHere/YHF/baseline/outputs/mob_factorial_nc_v1/Reddit-S/mob_terminal_plain/best_run2.pt,0.9446367025375366,0.9446367025375366,0.0,0.9072422951508644,0.9072422951508644,0.0,0.0,0.0,1.6689300537109375e-06,False
Reddit-S,44,mob_terminal_plain,/hdd1/DataInHere/YHF/baseline/outputs/mob_factorial_nc_v1/Reddit-S/mob_terminal_plain/best_run3.pt,0.9443221092224121,0.9443221092224121,0.0,0.9025817381383441,0.9025817381383441,0.0,0.0,0.0,1.430511474609375e-06,False
Reddit-S,42,mob_uniform_plain,/hdd1/DataInHere/YHF/baseline/outputs/mob_factorial_nc_v1/Reddit-S/mob_uniform_plain/best_run1.pt,0.9594212174415588,0.9594212174415588,0.0,0.9178945227262041,0.9178945227262041,0.0,0.0,0.0,1.430511474609375e-06,False
Reddit-S,43,mob_uniform_plain,/hdd1/DataInHere/YHF/baseline/outputs/mob_factorial_nc_v1/Reddit-S/mob_uniform_plain/best_run2.pt,0.9591066241264343,0.9591066241264343,0.0,0.9242677480022415,0.9242677480022415,0.0,0.0,0.0,1.430511474609375e-06,False
Reddit-S,44,mob_uniform_plain,/hdd1/DataInHere/YHF/baseline/outputs/mob_factorial_nc_v1/Reddit-S/mob_uniform_plain/best_run3.pt,0.9600503444671631,0.9600503444671631,0.0,0.9276943609271386,0.9276943609271386,0.0,0.0,0.0,1.430511474609375e-06,False
