dataset,seed,variant,modality,max_abs_row_mass_error,mean_abs_row_mass_error,max_abs_self_diagonal_error,operator_asymmetry_frobenius_ratio,edge_support_matches_original,row_mass_constraint,row_mass_invariant_pass,one_step_row_mass_only
Movies,42,s45_unconstrained_entry_uniform,text,4.726345869942662,0.6711520010497498,0.0,0.0001222282999803676,True,UNCONSTRAINED,NOT_APPLICABLE,True
Movies,42,s45_unconstrained_entry_uniform,visual,3.724108844064176,0.486821154516952,0.0,0.1776332255107547,True,UNCONSTRAINED,NOT_APPLICABLE,True
Movies,42,s45_masspres_entry_terminal,text,4.237517714500427e-08,4.919709964215598e-09,0.0,0.5183942909802651,True,PRESERVED,True,True
Movies,42,s45_masspres_entry_terminal,visual,7.249764166772366e-08,7.8960847056821e-09,0.0,0.9717472658407605,True,PRESERVED,True,True
Movies,42,s45_masspres_entry_uniform,text,8.839682141825733e-08,8.589990888961878e-09,0.0,1.0591808977295762,True,PRESERVED,True,True
Movies,42,s45_masspres_entry_uniform,visual,6.789923645555973e-08,6.892863738516702e-09,0.0,0.8644746519661184,True,PRESERVED,True,True
Movies,42,s45_masspres_entry_propagated_uniform,text,1.1079610739983536e-07,8.563649884095387e-09,0.0,1.0230332737315748,True,PRESERVED,True,True
Movies,42,s45_masspres_entry_propagated_uniform,visual,1.0890335033764131e-07,8.17985281001266e-09,0.0,0.9931313912861759,True,PRESERVED,True,True
Movies,42,s45_masspres_persistent_uniform,text,5.1746610552072525e-08,5.964655066297981e-09,0.0,0.7028567087867148,True,PRESERVED,True,True
Movies,42,s45_masspres_persistent_uniform,visual,7.843482308089733e-08,6.934233745957784e-09,0.0,0.8557752392445654,True,PRESERVED,True,True
Movies,43,s45_unconstrained_entry_uniform,text,4.719544693886746,0.6702671880148934,0.0,0.0010179312362876471,True,UNCONSTRAINED,NOT_APPLICABLE,True
Movies,43,s45_unconstrained_entry_uniform,visual,4.099379260558635,0.4893579620809536,0.0,0.20450758165642852,True,UNCONSTRAINED,NOT_APPLICABLE,True
Movies,43,s45_masspres_entry_terminal,text,3.3527612686157227e-08,4.407170422164269e-09,0.0,0.33325498084957705,True,PRESERVED,True,True
Movies,43,s45_masspres_entry_terminal,visual,1.2942526605996818e-07,9.972778128999993e-09,0.0,1.1345457941205344,True,PRESERVED,True,True
Movies,43,s45_masspres_entry_uniform,text,6.779464456485584e-08,7.550259128081238e-09,0.0,0.9653581002135587,True,PRESERVED,True,True
Movies,43,s45_masspres_entry_uniform,visual,7.42365955375135e-08,7.420819521255544e-09,0.0,0.9477458434589989,True,PRESERVED,True,True
Movies,43,s45_masspres_entry_propagated_uniform,text,8.856454769556876e-08,7.207992428347552e-09,0.0,0.9494836557810356,True,PRESERVED,True,True
Movies,43,s45_masspres_entry_propagated_uniform,visual,1.1116958376078401e-07,7.766025952833834e-09,0.0,0.9601098447468067,True,PRESERVED,True,True
Movies,43,s45_masspres_persistent_uniform,text,5.587935447692871e-08,5.251505327419487e-09,0.0,0.5789222632817228,True,PRESERVED,True,True
Movies,43,s45_masspres_persistent_uniform,visual,6.664777174592018e-08,6.764453146056727e-09,0.0,0.8543129676495054,True,PRESERVED,True,True
Movies,44,s45_unconstrained_entry_uniform,text,4.71937071180264,0.6701785656847461,0.0,0.0013961470407037552,True,UNCONSTRAINED,NOT_APPLICABLE,True
Movies,44,s45_unconstrained_entry_uniform,visual,4.166144717950374,0.48693511703005204,0.0,0.1688680046667237,True,UNCONSTRAINED,NOT_APPLICABLE,True
Movies,44,s45_masspres_entry_terminal,text,3.725290298461914e-08,4.492037973836808e-09,0.0,0.3669424679832728,True,PRESERVED,True,True
Movies,44,s45_masspres_entry_terminal,visual,6.296340870903805e-08,6.957883417643487e-09,0.0,0.8809765924832493,True,PRESERVED,True,True
Movies,44,s45_masspres_entry_uniform,text,8.772768111953155e-08,8.725322919169678e-09,0.0,1.061945560181502,True,PRESERVED,True,True
Movies,44,s45_masspres_entry_uniform,visual,7.024937076494098e-08,7.50717487577126e-09,0.0,0.9465039112157121,True,PRESERVED,True,True
Movies,44,s45_masspres_entry_propagated_uniform,text,9.03905874594102e-08,8.772480843727978e-09,0.0,1.0347761626907068,True,PRESERVED,True,True
Movies,44,s45_masspres_entry_propagated_uniform,visual,7.215749064926058e-08,7.413521200212274e-09,0.0,0.9170365334277083,True,PRESERVED,True,True
Movies,44,s45_masspres_persistent_uniform,text,6.881600711494684e-08,6.724585152313538e-09,0.0,0.822915410590751,True,PRESERVED,True,True
Movies,44,s45_masspres_persistent_uniform,visual,6.816117092967033e-08,6.6445855411979425e-09,0.0,0.8191262370843474,True,PRESERVED,True,True
Grocery,42,s45_unconstrained_entry_uniform,text,9.416773065462621,0.3397788972163457,0.0,0.3478676981206125,True,UNCONSTRAINED,NOT_APPLICABLE,True
Grocery,42,s45_unconstrained_entry_uniform,visual,9.080573468701914,0.5575705492234428,0.0,0.005333381751434931,True,UNCONSTRAINED,NOT_APPLICABLE,True
Grocery,42,s45_masspres_entry_terminal,text,1.5741175474204283e-07,6.6072517718799124e-09,0.0,0.8935941684003124,True,PRESERVED,True,True
Grocery,42,s45_masspres_entry_terminal,visual,1.067593320414062e-07,8.050151072057953e-09,0.0,1.0319076457923655,True,PRESERVED,True,True
Grocery,42,s45_masspres_entry_uniform,text,1.0933490557363257e-07,7.609118224238194e-09,0.0,1.0013966083922137,True,PRESERVED,True,True
Grocery,42,s45_masspres_entry_uniform,visual,1.3502889117944505e-07,8.434755165210324e-09,0.0,1.0738678460523283,True,PRESERVED,True,True
Grocery,42,s45_masspres_entry_propagated_uniform,text,2.2303945446111584e-07,7.248174638723271e-09,0.0,0.9484103567142309,True,PRESERVED,True,True
Grocery,42,s45_masspres_entry_propagated_uniform,visual,1.8429813053444377e-07,7.768177064719025e-09,0.0,1.002102355334138,True,PRESERVED,True,True
Grocery,42,s45_masspres_persistent_uniform,text,8.612551027908921e-08,6.524241531703071e-09,0.0,0.8473205705877218,True,PRESERVED,True,True
Grocery,42,s45_masspres_persistent_uniform,visual,6.790651241317391e-08,6.5722815111526665e-09,0.0,0.8530405195657572,True,PRESERVED,True,True
Grocery,43,s45_unconstrained_entry_uniform,text,9.39486109209065,0.4121154606418719,0.0,0.3215830773536748,True,UNCONSTRAINED,NOT_APPLICABLE,True
Grocery,43,s45_unconstrained_entry_uniform,visual,9.620816432870924,0.5934385883650399,0.0,9.728391713472648e-05,True,UNCONSTRAINED,NOT_APPLICABLE,True
Grocery,43,s45_masspres_entry_terminal,text,1.2203958021927974e-07,7.659667022540348e-09,0.0,1.012906788322963,True,PRESERVED,True,True
Grocery,43,s45_masspres_entry_terminal,visual,1.1433471769350945e-07,8.776070328160609e-09,0.0,1.0931096128558835,True,PRESERVED,True,True
Grocery,43,s45_masspres_entry_uniform,text,2.082633727695793e-07,7.387932478260447e-09,0.0,0.9660941257055443,True,PRESERVED,True,True
Grocery,43,s45_masspres_entry_uniform,visual,1.7218238745897452e-07,8.077095412560292e-09,0.0,1.0438699110457634,True,PRESERVED,True,True
Grocery,43,s45_masspres_entry_propagated_uniform,text,1.2956973094446766e-07,6.327967821450138e-09,0.0,0.8473848008558171,True,PRESERVED,True,True
Grocery,43,s45_masspres_entry_propagated_uniform,visual,1.5338944692189216e-07,7.175645215472052e-09,0.0,0.9508794649196903,True,PRESERVED,True,True
Grocery,43,s45_masspres_persistent_uniform,text,1.2302189134061337e-07,6.153873175256738e-09,0.0,0.7853349580211448,True,PRESERVED,True,True
Grocery,43,s45_masspres_persistent_uniform,visual,7.941071089589968e-08,6.5199671859070444e-09,0.0,0.8556715191932066,True,PRESERVED,True,True
Grocery,44,s45_unconstrained_entry_uniform,text,5.736422458081506,0.2228270825931767,0.0,0.057007541785366316,True,UNCONSTRAINED,NOT_APPLICABLE,True
Grocery,44,s45_unconstrained_entry_uniform,visual,9.617349469102919,0.5933775795753807,0.0,0.00011839543768325961,True,UNCONSTRAINED,NOT_APPLICABLE,True
Grocery,44,s45_masspres_entry_terminal,text,1.064645402948372e-07,6.3936602061423745e-09,0.0,0.8667881788687796,True,PRESERVED,True,True
Grocery,44,s45_masspres_entry_terminal,visual,1.2555288542159815e-07,8.103165419473229e-09,0.0,1.0472285738231755,True,PRESERVED,True,True
Grocery,44,s45_masspres_entry_uniform,text,1.368720461414341e-07,6.887521931699321e-09,0.0,0.9235902624651127,True,PRESERVED,True,True
Grocery,44,s45_masspres_entry_uniform,visual,1.219419516473863e-07,7.303203414439676e-09,0.0,0.9706416574119793,True,PRESERVED,True,True
Grocery,44,s45_masspres_entry_propagated_uniform,text,2.5228970734758605e-07,6.832495981235215e-09,0.0,0.9098881031995016,True,PRESERVED,True,True
Grocery,44,s45_masspres_entry_propagated_uniform,visual,1.8319815353606828e-07,7.188397724060043e-09,0.0,0.9448818685254571,True,PRESERVED,True,True
Grocery,44,s45_masspres_persistent_uniform,text,8.766210157773457e-08,6.46837151737574e-09,0.0,0.8259838758177233,True,PRESERVED,True,True
Grocery,44,s45_masspres_persistent_uniform,visual,5.7058059610426426e-08,5.830723747277016e-09,0.0,0.7336033942117529,True,PRESERVED,True,True
ele-fashion,42,s45_unconstrained_entry_uniform,text,14.87558483742032,0.26173243755457914,0.0,0.15373825732703386,True,UNCONSTRAINED,NOT_APPLICABLE,True
ele-fashion,42,s45_unconstrained_entry_uniform,visual,14.806809823894582,0.27746448566819815,0.0,0.37071735734918515,True,UNCONSTRAINED,NOT_APPLICABLE,True
ele-fashion,42,s45_masspres_entry_terminal,text,4.0309961768514313e-07,4.546047549063951e-09,0.0,0.863426881293613,True,PRESERVED,True,True
ele-fashion,42,s45_masspres_entry_terminal,visual,4.866082363719215e-07,5.29750251907227e-09,0.0,0.9719580637603239,True,PRESERVED,True,True
ele-fashion,42,s45_masspres_entry_uniform,text,4.633629515637949e-07,3.381753804941682e-09,0.0,0.8259454219902913,True,PRESERVED,True,True
ele-fashion,42,s45_masspres_entry_uniform,visual,2.724596441794347e-07,5.224038237622674e-09,0.0,0.921436034399432,True,PRESERVED,True,True
ele-fashion,42,s45_masspres_entry_propagated_uniform,text,2.1995583665557206e-07,3.442846899702427e-09,0.0,0.6379652856480948,True,PRESERVED,True,True
ele-fashion,42,s45_masspres_entry_propagated_uniform,visual,4.715097627894238e-07,5.417838842845966e-09,0.0,1.0082414927181722,True,PRESERVED,True,True
ele-fashion,42,s45_masspres_persistent_uniform,text,2.4103792384266853e-07,3.159223160959096e-09,0.0,0.42308368426053233,True,PRESERVED,True,True
ele-fashion,42,s45_masspres_persistent_uniform,visual,3.2843308872543275e-07,4.4061537290415926e-09,0.0,0.8019799129905313,True,PRESERVED,True,True
ele-fashion,43,s45_unconstrained_entry_uniform,text,13.529937491941382,0.2650618567821059,0.0,0.15148815310051159,True,UNCONSTRAINED,NOT_APPLICABLE,True
ele-fashion,43,s45_unconstrained_entry_uniform,visual,15.024537009126448,0.3173169902085291,0.0,0.3663651392224585,True,UNCONSTRAINED,NOT_APPLICABLE,True
ele-fashion,43,s45_masspres_entry_terminal,text,4.241600777277199e-07,4.50969068238181e-09,0.0,0.8535177470526338,True,PRESERVED,True,True
ele-fashion,43,s45_masspres_entry_terminal,visual,4.1902058001141995e-07,5.260916340777136e-09,0.0,0.9397387300580781,True,PRESERVED,True,True
ele-fashion,43,s45_masspres_entry_uniform,text,2.9347913077515386e-07,2.858275973098679e-09,0.0,0.6584199760534153,True,PRESERVED,True,True
ele-fashion,43,s45_masspres_entry_uniform,visual,3.902034286795697e-07,5.4489239589370035e-09,0.0,0.9905129145271889,True,PRESERVED,True,True
ele-fashion,43,s45_masspres_entry_propagated_uniform,text,4.893299774266779e-07,3.4467265242977765e-09,0.0,0.7109433892405904,True,PRESERVED,True,True
ele-fashion,43,s45_masspres_entry_propagated_uniform,visual,4.814782847972765e-07,5.17982554818508e-09,0.0,0.9429068948678794,True,PRESERVED,True,True
ele-fashion,43,s45_masspres_persistent_uniform,text,3.5751963878283277e-07,2.963870333376566e-09,0.0,0.4706270026668572,True,PRESERVED,True,True
ele-fashion,43,s45_masspres_persistent_uniform,visual,4.3639092695002546e-07,4.63162151583815e-09,0.0,0.8410746183869853,True,PRESERVED,True,True
ele-fashion,44,s45_unconstrained_entry_uniform,text,15.075246004900464,0.28345459291594005,0.0,0.22372266282089612,True,UNCONSTRAINED,NOT_APPLICABLE,True
ele-fashion,44,s45_unconstrained_entry_uniform,visual,14.803547196729596,0.29844832959637524,0.0,0.4207906569049543,True,UNCONSTRAINED,NOT_APPLICABLE,True
ele-fashion,44,s45_masspres_entry_terminal,text,4.03604996535023e-07,4.605992492854255e-09,0.0,0.8844506937451186,True,PRESERVED,True,True
ele-fashion,44,s45_masspres_entry_terminal,visual,6.654697006780452e-07,5.4982598825266135e-09,0.0,0.9866513677533244,True,PRESERVED,True,True
ele-fashion,44,s45_masspres_entry_uniform,text,4.2267282651664573e-07,4.1999926397797366e-09,0.0,0.7807314742420294,True,PRESERVED,True,True
ele-fashion,44,s45_masspres_entry_uniform,visual,4.6048842072821117e-07,5.726919340727023e-09,0.0,1.018371572926536,True,PRESERVED,True,True
ele-fashion,44,s45_masspres_entry_propagated_uniform,text,4.41091792424686e-07,3.6316347244984474e-09,0.0,0.751352347629955,True,PRESERVED,True,True
ele-fashion,44,s45_masspres_entry_propagated_uniform,visual,4.460906311010149e-07,5.408615214889218e-09,0.0,0.9715931563533405,True,PRESERVED,True,True
ele-fashion,44,s45_masspres_persistent_uniform,text,3.369245860085357e-07,3.2249004967908304e-09,0.0,0.44335495709038253,True,PRESERVED,True,True
ele-fashion,44,s45_masspres_persistent_uniform,visual,4.5656831026974487e-07,4.8710453496099726e-09,0.0,0.8901362800648938,True,PRESERVED,True,True
Reddit-S,42,s45_unconstrained_entry_uniform,text,0.954868549015373,0.3085012289561579,0.0,0.19543177409600468,True,UNCONSTRAINED,NOT_APPLICABLE,True
Reddit-S,42,s45_unconstrained_entry_uniform,visual,0.5212468730751425,0.16948287518535263,0.0,0.04588369801403177,True,UNCONSTRAINED,NOT_APPLICABLE,True
Reddit-S,42,s45_masspres_entry_terminal,text,3.9814040064811707e-08,4.329698224152879e-09,0.0,0.3357390735461354,True,PRESERVED,True,True
Reddit-S,42,s45_masspres_entry_terminal,visual,2.9802322387695312e-08,3.1365777083548472e-09,0.0,0.16120608133941888,True,PRESERVED,True,True
Reddit-S,42,s45_masspres_entry_uniform,text,4.0512531995773315e-08,6.180913389989221e-09,0.0,0.5828868075828489,True,PRESERVED,True,True
Reddit-S,42,s45_masspres_entry_uniform,visual,3.3527612686157227e-08,3.5350972974521264e-09,0.0,0.24561822516147452,True,PRESERVED,True,True
Reddit-S,42,s45_masspres_entry_propagated_uniform,text,4.347657522885129e-08,6.783117067012305e-09,0.0,0.6564334605451836,True,PRESERVED,True,True
Reddit-S,42,s45_masspres_entry_propagated_uniform,visual,3.725290298461914e-08,4.445068159812182e-09,0.0,0.37402259267118354,True,PRESERVED,True,True
Reddit-S,42,s45_masspres_persistent_uniform,text,3.95521055907011e-08,6.927331668991244e-09,0.0,0.6572792346107829,True,PRESERVED,True,True
Reddit-S,42,s45_masspres_persistent_uniform,visual,3.3527612686157227e-08,3.590140782007897e-09,0.0,0.24802380801246915,True,PRESERVED,True,True
Reddit-S,43,s45_unconstrained_entry_uniform,text,0.9374244813807309,0.5408642309646288,0.0,0.008028918825422346,True,UNCONSTRAINED,NOT_APPLICABLE,True
Reddit-S,43,s45_unconstrained_entry_uniform,visual,0.9687011889182031,0.7033216220920766,0.0,0.0016482769389878865,True,UNCONSTRAINED,NOT_APPLICABLE,True
Reddit-S,43,s45_masspres_entry_terminal,text,3.5390257835388184e-08,4.0721179258851916e-09,0.0,0.2840992441227922,True,PRESERVED,True,True
Reddit-S,43,s45_masspres_entry_terminal,visual,3.725290298461914e-08,3.4537644147670413e-09,0.0,0.21062011465518948,True,PRESERVED,True,True
Reddit-S,43,s45_masspres_entry_uniform,text,4.284083843231201e-08,5.483704881426351e-09,0.0,0.48456933929776125,True,PRESERVED,True,True
Reddit-S,43,s45_masspres_entry_uniform,visual,4.470348358154297e-08,3.588987176044153e-09,0.0,0.26145802713265076,True,PRESERVED,True,True
Reddit-S,43,s45_masspres_entry_propagated_uniform,text,4.161076594400015e-08,6.526804211014765e-09,0.0,0.6161029696153533,True,PRESERVED,True,True
Reddit-S,43,s45_masspres_entry_propagated_uniform,visual,3.8629877963103354e-08,4.159364068580974e-09,0.0,0.3551688017898117,True,PRESERVED,True,True
Reddit-S,43,s45_masspres_persistent_uniform,text,4.237517714500427e-08,6.205280603268311e-09,0.0,0.5651141504644829,True,PRESERVED,True,True
Reddit-S,43,s45_masspres_persistent_uniform,visual,3.864988684654236e-08,3.612079437645378e-09,0.0,0.26347161693140275,True,PRESERVED,True,True
Reddit-S,44,s45_unconstrained_entry_uniform,text,0.9514068071730435,0.46948095102631215,0.0,0.023016114964992045,True,UNCONSTRAINED,NOT_APPLICABLE,True
Reddit-S,44,s45_unconstrained_entry_uniform,visual,0.9944921005517244,0.7380973405101701,0.0,4.743482120177249e-05,True,UNCONSTRAINED,NOT_APPLICABLE,True
Reddit-S,44,s45_masspres_entry_terminal,text,3.725290298461914e-08,4.185570837953048e-09,0.0,0.32453322106288746,True,PRESERVED,True,True
Reddit-S,44,s45_masspres_entry_terminal,visual,2.9802322387695312e-08,2.80596522586937e-09,0.0,0.1023076597901785,True,PRESERVED,True,True
Reddit-S,44,s45_masspres_entry_uniform,text,3.818422555923462e-08,6.5111322387730815e-09,0.0,0.6441390946208387,True,PRESERVED,True,True
Reddit-S,44,s45_masspres_entry_uniform,visual,3.5390257835388184e-08,3.3630790837330342e-09,0.0,0.22479517988127592,True,PRESERVED,True,True
Reddit-S,44,s45_masspres_entry_propagated_uniform,text,4.2165083868894726e-08,6.615347080952441e-09,0.0,0.6488223776432884,True,PRESERVED,True,True
Reddit-S,44,s45_masspres_entry_propagated_uniform,visual,4.212051862850785e-08,4.766206173620806e-09,0.0,0.3985613414471281,True,PRESERVED,True,True
Reddit-S,44,s45_masspres_persistent_uniform,text,4.284083843231201e-08,7.528748845918123e-09,0.0,0.7472592974282881,True,PRESERVED,True,True
Reddit-S,44,s45_masspres_persistent_uniform,visual,2.9802322387695312e-08,3.3903252423640252e-09,0.0,0.20972702154240958,True,PRESERVED,True,True
