dataset,seed,variant,modality,hop,mean_cosine,mean_one_minus_cosine,mean_normalized_l2,interpretation
Movies,42,s45_masspres_entry_terminal,text,1,0.9806911945343018,0.019308805465698242,0.21196331083774567,"descriptive state change, not task utility"
Movies,42,s45_masspres_entry_terminal,visual,1,0.9396556615829468,0.06034433841705322,0.41000232100486755,"descriptive state change, not task utility"
Movies,42,s45_masspres_entry_terminal,text,2,0.9863995313644409,0.013600468635559082,0.1599048525094986,"descriptive state change, not task utility"
Movies,42,s45_masspres_entry_terminal,visual,2,0.9657273888587952,0.034272611141204834,0.2537584900856018,"descriptive state change, not task utility"
Movies,42,s45_masspres_entry_terminal,text,3,0.9883224368095398,0.011677563190460205,0.1527581363916397,"descriptive state change, not task utility"
Movies,42,s45_masspres_entry_terminal,visual,3,0.9747774004936218,0.025222599506378174,0.22593164443969727,"descriptive state change, not task utility"
Movies,42,s45_masspres_entry_uniform,text,1,0.9154499173164368,0.08455008268356323,0.48961105942726135,"descriptive state change, not task utility"
Movies,42,s45_masspres_entry_uniform,visual,1,0.9539226293563843,0.04607737064361572,0.33943745493888855,"descriptive state change, not task utility"
Movies,42,s45_masspres_entry_uniform,text,2,0.9367703795433044,0.06322962045669556,0.3570419251918793,"descriptive state change, not task utility"
Movies,42,s45_masspres_entry_uniform,visual,2,0.9759252667427063,0.0240747332572937,0.21406741440296173,"descriptive state change, not task utility"
Movies,42,s45_masspres_entry_uniform,text,3,0.9454832077026367,0.05451679229736328,0.3394162058830261,"descriptive state change, not task utility"
Movies,42,s45_masspres_entry_uniform,visual,3,0.9818004369735718,0.018199563026428223,0.1919153779745102,"descriptive state change, not task utility"
Movies,42,s45_masspres_entry_propagated_uniform,text,1,0.9149482250213623,0.0850517749786377,0.4875517189502716,"descriptive state change, not task utility"
Movies,42,s45_masspres_entry_propagated_uniform,visual,1,0.9336738586425781,0.06632614135742188,0.4332725405693054,"descriptive state change, not task utility"
Movies,42,s45_masspres_entry_propagated_uniform,text,2,0.950674295425415,0.04932570457458496,0.3088580369949341,"descriptive state change, not task utility"
Movies,42,s45_masspres_entry_propagated_uniform,visual,2,0.9667881727218628,0.03321182727813721,0.24959725141525269,"descriptive state change, not task utility"
Movies,42,s45_masspres_entry_propagated_uniform,text,3,0.9605233669281006,0.039476633071899414,0.2871977686882019,"descriptive state change, not task utility"
Movies,42,s45_masspres_entry_propagated_uniform,visual,3,0.9765890836715698,0.023410916328430176,0.21879418194293976,"descriptive state change, not task utility"
Movies,42,s45_masspres_persistent_uniform,text,1,0.9634683728218079,0.03653162717819214,0.29424700140953064,"descriptive state change, not task utility"
Movies,42,s45_masspres_persistent_uniform,visual,1,0.9544885754585266,0.04551142454147339,0.33512797951698303,"descriptive state change, not task utility"
Movies,42,s45_masspres_persistent_uniform,text,2,0.9643218517303467,0.03567814826965332,0.2964725196361542,"descriptive state change, not task utility"
Movies,42,s45_masspres_persistent_uniform,visual,2,0.9579885601997375,0.04201143980026245,0.3173946440219879,"descriptive state change, not task utility"
Movies,42,s45_masspres_persistent_uniform,text,3,0.9611018300056458,0.03889816999435425,0.3208448588848114,"descriptive state change, not task utility"
Movies,42,s45_masspres_persistent_uniform,visual,3,0.9542760252952576,0.04572397470474243,0.3367517292499542,"descriptive state change, not task utility"
Movies,43,s45_masspres_entry_terminal,text,1,0.991762101650238,0.008237898349761963,0.13974396884441376,"descriptive state change, not task utility"
Movies,43,s45_masspres_entry_terminal,visual,1,0.9021453857421875,0.0978546142578125,0.5587964057922363,"descriptive state change, not task utility"
Movies,43,s45_masspres_entry_terminal,text,2,0.9938642382621765,0.006135761737823486,0.10881542414426804,"descriptive state change, not task utility"
Movies,43,s45_masspres_entry_terminal,visual,2,0.9418988823890686,0.058101117610931396,0.3325572609901428,"descriptive state change, not task utility"
Movies,43,s45_masspres_entry_terminal,text,3,0.9947291612625122,0.005270838737487793,0.10422110557556152,"descriptive state change, not task utility"
Movies,43,s45_masspres_entry_terminal,visual,3,0.9581618905067444,0.041838109493255615,0.29282131791114807,"descriptive state change, not task utility"
Movies,43,s45_masspres_entry_uniform,text,1,0.9305920004844666,0.06940799951553345,0.4314238727092743,"descriptive state change, not task utility"
Movies,43,s45_masspres_entry_uniform,visual,1,0.9447844624519348,0.055215537548065186,0.3788492679595947,"descriptive state change, not task utility"
Movies,43,s45_masspres_entry_uniform,text,2,0.9440310597419739,0.05596894025802612,0.34596380591392517,"descriptive state change, not task utility"
Movies,43,s45_masspres_entry_uniform,visual,2,0.9695781469345093,0.030421853065490723,0.23789019882678986,"descriptive state change, not task utility"
Movies,43,s45_masspres_entry_uniform,text,3,0.9491233825683594,0.050876617431640625,0.33524295687675476,"descriptive state change, not task utility"
Movies,43,s45_masspres_entry_uniform,visual,3,0.9772173762321472,0.022782623767852783,0.21252243220806122,"descriptive state change, not task utility"
Movies,43,s45_masspres_entry_propagated_uniform,text,1,0.9427559971809387,0.05724400281906128,0.40342313051223755,"descriptive state change, not task utility"
Movies,43,s45_masspres_entry_propagated_uniform,visual,1,0.9445874094963074,0.05541259050369263,0.38021764159202576,"descriptive state change, not task utility"
Movies,43,s45_masspres_entry_propagated_uniform,text,2,0.9557106494903564,0.044289350509643555,0.30382591485977173,"descriptive state change, not task utility"
Movies,43,s45_masspres_entry_propagated_uniform,visual,2,0.9712368249893188,0.028763175010681152,0.2322646826505661,"descriptive state change, not task utility"
Movies,43,s45_masspres_entry_propagated_uniform,text,3,0.9607923030853271,0.03920769691467285,0.29237034916877747,"descriptive state change, not task utility"
Movies,43,s45_masspres_entry_propagated_uniform,visual,3,0.9788508415222168,0.021149158477783203,0.20631548762321472,"descriptive state change, not task utility"
Movies,43,s45_masspres_persistent_uniform,text,1,0.9753473401069641,0.02465265989303589,0.24049817025661469,"descriptive state change, not task utility"
Movies,43,s45_masspres_persistent_uniform,visual,1,0.9574524760246277,0.042547523975372314,0.3252846300601959,"descriptive state change, not task utility"
Movies,43,s45_masspres_persistent_uniform,text,2,0.9749670624732971,0.02503293752670288,0.24988023936748505,"descriptive state change, not task utility"
Movies,43,s45_masspres_persistent_uniform,visual,2,0.9598864912986755,0.04011350870132446,0.3131592869758606,"descriptive state change, not task utility"
Movies,43,s45_masspres_persistent_uniform,text,3,0.9715014696121216,0.028498530387878418,0.27771204710006714,"descriptive state change, not task utility"
Movies,43,s45_masspres_persistent_uniform,visual,3,0.9566071629524231,0.043392837047576904,0.33745014667510986,"descriptive state change, not task utility"
Movies,44,s45_masspres_entry_terminal,text,1,0.9899932742118835,0.010006725788116455,0.15303394198417664,"descriptive state change, not task utility"
Movies,44,s45_masspres_entry_terminal,visual,1,0.9530782699584961,0.046921730041503906,0.34797361493110657,"descriptive state change, not task utility"
Movies,44,s45_masspres_entry_terminal,text,2,0.992713451385498,0.007286548614501953,0.11780271679162979,"descriptive state change, not task utility"
Movies,44,s45_masspres_entry_terminal,visual,2,0.9724043607711792,0.0275956392288208,0.22738869488239288,"descriptive state change, not task utility"
Movies,44,s45_masspres_entry_terminal,text,3,0.9936898946762085,0.006310105323791504,0.1128520593047142,"descriptive state change, not task utility"
Movies,44,s45_masspres_entry_terminal,visual,3,0.978781521320343,0.021218478679656982,0.20619341731071472,"descriptive state change, not task utility"
Movies,44,s45_masspres_entry_uniform,text,1,0.9153609871864319,0.08463901281356812,0.49549612402915955,"descriptive state change, not task utility"
Movies,44,s45_masspres_entry_uniform,visual,1,0.937568724155426,0.062431275844573975,0.3955901861190796,"descriptive state change, not task utility"
Movies,44,s45_masspres_entry_uniform,text,2,0.9379364848136902,0.062063515186309814,0.3563401401042938,"descriptive state change, not task utility"
Movies,44,s45_masspres_entry_uniform,visual,2,0.9672863483428955,0.03271365165710449,0.24892736971378326,"descriptive state change, not task utility"
Movies,44,s45_masspres_entry_uniform,text,3,0.9467484951019287,0.05325150489807129,0.3379104733467102,"descriptive state change, not task utility"
Movies,44,s45_masspres_entry_uniform,visual,3,0.9752022624015808,0.02479773759841919,0.22259783744812012,"descriptive state change, not task utility"
Movies,44,s45_masspres_entry_propagated_uniform,text,1,0.9129451513290405,0.08705484867095947,0.5038225054740906,"descriptive state change, not task utility"
Movies,44,s45_masspres_entry_propagated_uniform,visual,1,0.946457028388977,0.05354297161102295,0.3678077459335327,"descriptive state change, not task utility"
Movies,44,s45_masspres_entry_propagated_uniform,text,2,0.950451135635376,0.04954886436462402,0.3108980059623718,"descriptive state change, not task utility"
Movies,44,s45_masspres_entry_propagated_uniform,visual,2,0.9734507203102112,0.02654927968978882,0.22212447226047516,"descriptive state change, not task utility"
Movies,44,s45_masspres_entry_propagated_uniform,text,3,0.9607137441635132,0.039286255836486816,0.287311315536499,"descriptive state change, not task utility"
Movies,44,s45_masspres_entry_propagated_uniform,visual,3,0.9806612133979797,0.019338786602020264,0.19600090384483337,"descriptive state change, not task utility"
Movies,44,s45_masspres_persistent_uniform,text,1,0.9543830156326294,0.045616984367370605,0.3395235538482666,"descriptive state change, not task utility"
Movies,44,s45_masspres_persistent_uniform,visual,1,0.958645761013031,0.041354238986968994,0.31457993388175964,"descriptive state change, not task utility"
Movies,44,s45_masspres_persistent_uniform,text,2,0.9544358849525452,0.045564115047454834,0.33801794052124023,"descriptive state change, not task utility"
Movies,44,s45_masspres_persistent_uniform,visual,2,0.9612178206443787,0.03878217935562134,0.300477534532547,"descriptive state change, not task utility"
Movies,44,s45_masspres_persistent_uniform,text,3,0.9496424794197083,0.05035752058029175,0.37114831805229187,"descriptive state change, not task utility"
Movies,44,s45_masspres_persistent_uniform,visual,3,0.9577893018722534,0.04221069812774658,0.3194228410720825,"descriptive state change, not task utility"
Grocery,42,s45_masspres_entry_terminal,text,1,0.9548379778862,0.04516202211380005,0.3860062062740326,"descriptive state change, not task utility"
Grocery,42,s45_masspres_entry_terminal,visual,1,0.9239612817764282,0.07603871822357178,0.4938151240348816,"descriptive state change, not task utility"
Grocery,42,s45_masspres_entry_terminal,text,2,0.9629243016242981,0.037075698375701904,0.25070810317993164,"descriptive state change, not task utility"
Grocery,42,s45_masspres_entry_terminal,visual,2,0.9487603902816772,0.051239609718322754,0.30934351682662964,"descriptive state change, not task utility"
Grocery,42,s45_masspres_entry_terminal,text,3,0.9764641523361206,0.023535847663879395,0.22327499091625214,"descriptive state change, not task utility"
Grocery,42,s45_masspres_entry_terminal,visual,3,0.9642800688743591,0.03571993112564087,0.27422598004341125,"descriptive state change, not task utility"
Grocery,42,s45_masspres_entry_uniform,text,1,0.9421431422233582,0.057856857776641846,0.44244277477264404,"descriptive state change, not task utility"
Grocery,42,s45_masspres_entry_uniform,visual,1,0.9189723134040833,0.08102768659591675,0.5386027693748474,"descriptive state change, not task utility"
Grocery,42,s45_masspres_entry_uniform,text,2,0.9630212783813477,0.036978721618652344,0.25365909934043884,"descriptive state change, not task utility"
Grocery,42,s45_masspres_entry_uniform,visual,2,0.942529022693634,0.05747097730636597,0.3305257260799408,"descriptive state change, not task utility"
Grocery,42,s45_masspres_entry_uniform,text,3,0.9774197936058044,0.022580206394195557,0.21650362014770508,"descriptive state change, not task utility"
Grocery,42,s45_masspres_entry_uniform,visual,3,0.9609242677688599,0.03907573223114014,0.2897114157676697,"descriptive state change, not task utility"
Grocery,42,s45_masspres_entry_propagated_uniform,text,1,0.9490801095962524,0.05091989040374756,0.4161756634712219,"descriptive state change, not task utility"
Grocery,42,s45_masspres_entry_propagated_uniform,visual,1,0.9354536533355713,0.06454634666442871,0.46950724720954895,"descriptive state change, not task utility"
Grocery,42,s45_masspres_entry_propagated_uniform,text,2,0.9674592018127441,0.03254079818725586,0.2316865175962448,"descriptive state change, not task utility"
Grocery,42,s45_masspres_entry_propagated_uniform,visual,2,0.9572044610977173,0.042795538902282715,0.2807496190071106,"descriptive state change, not task utility"
Grocery,42,s45_masspres_entry_propagated_uniform,text,3,0.9818160533905029,0.01818394660949707,0.19364438951015472,"descriptive state change, not task utility"
Grocery,42,s45_masspres_entry_propagated_uniform,visual,3,0.972108781337738,0.027891218662261963,0.24340125918388367,"descriptive state change, not task utility"
Grocery,42,s45_masspres_persistent_uniform,text,1,0.9608463644981384,0.03915363550186157,0.3542131781578064,"descriptive state change, not task utility"
Grocery,42,s45_masspres_persistent_uniform,visual,1,0.9540063738822937,0.0459936261177063,0.3677234351634979,"descriptive state change, not task utility"
Grocery,42,s45_masspres_persistent_uniform,text,2,0.9515568017959595,0.04844319820404053,0.3900611698627472,"descriptive state change, not task utility"
Grocery,42,s45_masspres_persistent_uniform,visual,2,0.9459996223449707,0.0540003776550293,0.4104592204093933,"descriptive state change, not task utility"
Grocery,42,s45_masspres_persistent_uniform,text,3,0.9441494941711426,0.05585050582885742,0.40943652391433716,"descriptive state change, not task utility"
Grocery,42,s45_masspres_persistent_uniform,visual,3,0.9380156993865967,0.06198430061340332,0.44136878848075867,"descriptive state change, not task utility"
Grocery,43,s45_masspres_entry_terminal,text,1,0.9366179704666138,0.06338202953338623,0.4635944068431854,"descriptive state change, not task utility"
Grocery,43,s45_masspres_entry_terminal,visual,1,0.9111230969429016,0.08887690305709839,0.5668368935585022,"descriptive state change, not task utility"
Grocery,43,s45_masspres_entry_terminal,text,2,0.9499959945678711,0.050004005432128906,0.30035945773124695,"descriptive state change, not task utility"
Grocery,43,s45_masspres_entry_terminal,visual,2,0.9360523223876953,0.06394767761230469,0.3427470028400421,"descriptive state change, not task utility"
Grocery,43,s45_masspres_entry_terminal,text,3,0.9666059613227844,0.033394038677215576,0.26883891224861145,"descriptive state change, not task utility"
Grocery,43,s45_masspres_entry_terminal,visual,3,0.9575248956680298,0.042475104331970215,0.2998413145542145,"descriptive state change, not task utility"
Grocery,43,s45_masspres_entry_uniform,text,1,0.9475802183151245,0.05241978168487549,0.4159713089466095,"descriptive state change, not task utility"
Grocery,43,s45_masspres_entry_uniform,visual,1,0.923723042011261,0.07627695798873901,0.5083683729171753,"descriptive state change, not task utility"
Grocery,43,s45_masspres_entry_uniform,text,2,0.9670068025588989,0.032993197441101074,0.2382824718952179,"descriptive state change, not task utility"
Grocery,43,s45_masspres_entry_uniform,visual,2,0.9492977261543274,0.05070227384567261,0.3120196461677551,"descriptive state change, not task utility"
Grocery,43,s45_masspres_entry_uniform,text,3,0.9799386858940125,0.02006131410598755,0.20255745947360992,"descriptive state change, not task utility"
Grocery,43,s45_masspres_entry_uniform,visual,3,0.9653262495994568,0.03467375040054321,0.2726885974407196,"descriptive state change, not task utility"
Grocery,43,s45_masspres_entry_propagated_uniform,text,1,0.9631621837615967,0.03683781623840332,0.34890928864479065,"descriptive state change, not task utility"
Grocery,43,s45_masspres_entry_propagated_uniform,visual,1,0.9441462755203247,0.05585372447967529,0.42292520403862,"descriptive state change, not task utility"
Grocery,43,s45_masspres_entry_propagated_uniform,text,2,0.9763444662094116,0.02365553379058838,0.19832675158977509,"descriptive state change, not task utility"
Grocery,43,s45_masspres_entry_propagated_uniform,visual,2,0.963746964931488,0.03625303506851196,0.2606531083583832,"descriptive state change, not task utility"
Grocery,43,s45_masspres_entry_propagated_uniform,text,3,0.9863507747650146,0.013649225234985352,0.16728954017162323,"descriptive state change, not task utility"
Grocery,43,s45_masspres_entry_propagated_uniform,visual,3,0.9758927822113037,0.02410721778869629,0.22818990051746368,"descriptive state change, not task utility"
Grocery,43,s45_masspres_persistent_uniform,text,1,0.9657830595970154,0.03421694040298462,0.3209947347640991,"descriptive state change, not task utility"
Grocery,43,s45_masspres_persistent_uniform,visual,1,0.9558702707290649,0.04412972927093506,0.36497294902801514,"descriptive state change, not task utility"
Grocery,43,s45_masspres_persistent_uniform,text,2,0.9602399468421936,0.039760053157806396,0.33709627389907837,"descriptive state change, not task utility"
Grocery,43,s45_masspres_persistent_uniform,visual,2,0.9464176297187805,0.05358237028121948,0.40877673029899597,"descriptive state change, not task utility"
Grocery,43,s45_masspres_persistent_uniform,text,3,0.954645037651062,0.04535496234893799,0.34992900490760803,"descriptive state change, not task utility"
Grocery,43,s45_masspres_persistent_uniform,visual,3,0.9381037950515747,0.06189620494842529,0.43546533584594727,"descriptive state change, not task utility"
Grocery,44,s45_masspres_entry_terminal,text,1,0.9563935399055481,0.043606460094451904,0.3730734586715698,"descriptive state change, not task utility"
Grocery,44,s45_masspres_entry_terminal,visual,1,0.9234649538993835,0.07653504610061646,0.5115609765052795,"descriptive state change, not task utility"
Grocery,44,s45_masspres_entry_terminal,text,2,0.9652420878410339,0.034757912158966064,0.24405406415462494,"descriptive state change, not task utility"
Grocery,44,s45_masspres_entry_terminal,visual,2,0.944640576839447,0.05535942316055298,0.3164830207824707,"descriptive state change, not task utility"
Grocery,44,s45_masspres_entry_terminal,text,3,0.9775339365005493,0.022466063499450684,0.21796414256095886,"descriptive state change, not task utility"
Grocery,44,s45_masspres_entry_terminal,visual,3,0.9635982513427734,0.03640174865722656,0.2779494524002075,"descriptive state change, not task utility"
Grocery,44,s45_masspres_entry_uniform,text,1,0.9548194408416748,0.045180559158325195,0.38038170337677,"descriptive state change, not task utility"
Grocery,44,s45_masspres_entry_uniform,visual,1,0.9383173584938049,0.06168264150619507,0.4356308877468109,"descriptive state change, not task utility"
Grocery,44,s45_masspres_entry_uniform,text,2,0.9691867828369141,0.030813217163085938,0.23263569176197052,"descriptive state change, not task utility"
Grocery,44,s45_masspres_entry_uniform,visual,2,0.9587339758872986,0.041266024112701416,0.2825715243816376,"descriptive state change, not task utility"
Grocery,44,s45_masspres_entry_uniform,text,3,0.9802111387252808,0.01978886127471924,0.20295697450637817,"descriptive state change, not task utility"
Grocery,44,s45_masspres_entry_uniform,visual,3,0.9701080918312073,0.029891908168792725,0.25295963883399963,"descriptive state change, not task utility"
Grocery,44,s45_masspres_entry_propagated_uniform,text,1,0.9562880396842957,0.043711960315704346,0.3796420097351074,"descriptive state change, not task utility"
Grocery,44,s45_masspres_entry_propagated_uniform,visual,1,0.9439669251441956,0.05603307485580444,0.4207029938697815,"descriptive state change, not task utility"
Grocery,44,s45_masspres_entry_propagated_uniform,text,2,0.971549391746521,0.028450608253479004,0.22043515741825104,"descriptive state change, not task utility"
Grocery,44,s45_masspres_entry_propagated_uniform,visual,2,0.9644131064414978,0.0355868935585022,0.2564316689968109,"descriptive state change, not task utility"
Grocery,44,s45_masspres_entry_propagated_uniform,text,3,0.9830828309059143,0.016917169094085693,0.1882496476173401,"descriptive state change, not task utility"
Grocery,44,s45_masspres_entry_propagated_uniform,visual,3,0.9766167402267456,0.023383259773254395,0.22342154383659363,"descriptive state change, not task utility"
Grocery,44,s45_masspres_persistent_uniform,text,1,0.9625087976455688,0.03749120235443115,0.3428356945514679,"descriptive state change, not task utility"
Grocery,44,s45_masspres_persistent_uniform,visual,1,0.965168297290802,0.034831702709198,0.2935064136981964,"descriptive state change, not task utility"
Grocery,44,s45_masspres_persistent_uniform,text,2,0.9550731182098389,0.04492688179016113,0.3640463948249817,"descriptive state change, not task utility"
Grocery,44,s45_masspres_persistent_uniform,visual,2,0.9644004106521606,0.035599589347839355,0.3056195378303528,"descriptive state change, not task utility"
Grocery,44,s45_masspres_persistent_uniform,text,3,0.9478092193603516,0.05219078063964844,0.38475310802459717,"descriptive state change, not task utility"
Grocery,44,s45_masspres_persistent_uniform,visual,3,0.9607309103012085,0.039269089698791504,0.3163212835788727,"descriptive state change, not task utility"
ele-fashion,42,s45_masspres_entry_terminal,text,1,0.9785078167915344,0.021492183208465576,0.46952757239341736,"descriptive state change, not task utility"
ele-fashion,42,s45_masspres_entry_terminal,visual,1,0.9579848051071167,0.0420151948928833,0.5622827410697937,"descriptive state change, not task utility"
ele-fashion,42,s45_masspres_entry_terminal,text,2,0.9244958758354187,0.0755041241645813,0.325788676738739,"descriptive state change, not task utility"
ele-fashion,42,s45_masspres_entry_terminal,visual,2,0.9057130813598633,0.09428691864013672,0.377860426902771,"descriptive state change, not task utility"
ele-fashion,42,s45_masspres_entry_terminal,text,3,0.9714863896369934,0.028513610363006592,0.2808268666267395,"descriptive state change, not task utility"
ele-fashion,42,s45_masspres_entry_terminal,visual,3,0.9588698148727417,0.0411301851272583,0.32491713762283325,"descriptive state change, not task utility"
ele-fashion,42,s45_masspres_entry_uniform,text,1,0.9842782616615295,0.01572173833847046,0.42799466848373413,"descriptive state change, not task utility"
ele-fashion,42,s45_masspres_entry_uniform,visual,1,0.9594303369522095,0.04056966304779053,0.46397361159324646,"descriptive state change, not task utility"
ele-fashion,42,s45_masspres_entry_uniform,text,2,0.9345294237136841,0.06547057628631592,0.29861700534820557,"descriptive state change, not task utility"
ele-fashion,42,s45_masspres_entry_uniform,visual,2,0.9387515783309937,0.06124842166900635,0.3174133002758026,"descriptive state change, not task utility"
ele-fashion,42,s45_masspres_entry_uniform,text,3,0.974815845489502,0.025184154510498047,0.2567636966705322,"descriptive state change, not task utility"
ele-fashion,42,s45_masspres_entry_uniform,visual,3,0.9670953750610352,0.032904624938964844,0.2802865207195282,"descriptive state change, not task utility"
ele-fashion,42,s45_masspres_entry_propagated_uniform,text,1,0.989130437374115,0.01086956262588501,0.34791576862335205,"descriptive state change, not task utility"
ele-fashion,42,s45_masspres_entry_propagated_uniform,visual,1,0.9585326313972473,0.041467368602752686,0.5736963152885437,"descriptive state change, not task utility"
ele-fashion,42,s45_masspres_entry_propagated_uniform,text,2,0.9573758244514465,0.04262417554855347,0.24447405338287354,"descriptive state change, not task utility"
ele-fashion,42,s45_masspres_entry_propagated_uniform,visual,2,0.9013482332229614,0.09865176677703857,0.3894473612308502,"descriptive state change, not task utility"
ele-fashion,42,s45_masspres_entry_propagated_uniform,text,3,0.9842392206192017,0.01576077938079834,0.21088692545890808,"descriptive state change, not task utility"
ele-fashion,42,s45_masspres_entry_propagated_uniform,visual,3,0.9571370482444763,0.04286295175552368,0.33551353216171265,"descriptive state change, not task utility"
ele-fashion,42,s45_masspres_persistent_uniform,text,1,0.9947688579559326,0.005231142044067383,0.21580763161182404,"descriptive state change, not task utility"
ele-fashion,42,s45_masspres_persistent_uniform,visual,1,0.9748924374580383,0.02510756254196167,0.38719844818115234,"descriptive state change, not task utility"
ele-fashion,42,s45_masspres_persistent_uniform,text,2,0.9799638986587524,0.02003610134124756,0.23348282277584076,"descriptive state change, not task utility"
ele-fashion,42,s45_masspres_persistent_uniform,visual,2,0.9393970966339111,0.06060290336608887,0.44686126708984375,"descriptive state change, not task utility"
ele-fashion,42,s45_masspres_persistent_uniform,text,3,0.9756820797920227,0.024317920207977295,0.25694307684898376,"descriptive state change, not task utility"
ele-fashion,42,s45_masspres_persistent_uniform,visual,3,0.9300306439399719,0.06996935606002808,0.46853309869766235,"descriptive state change, not task utility"
ele-fashion,43,s45_masspres_entry_terminal,text,1,0.9784682989120483,0.02153170108795166,0.4661801755428314,"descriptive state change, not task utility"
ele-fashion,43,s45_masspres_entry_terminal,visual,1,0.9560019373893738,0.04399806261062622,0.5509770512580872,"descriptive state change, not task utility"
ele-fashion,43,s45_masspres_entry_terminal,text,2,0.927605926990509,0.07239407300949097,0.32303810119628906,"descriptive state change, not task utility"
ele-fashion,43,s45_masspres_entry_terminal,visual,2,0.9061397314071655,0.09386026859283447,0.3793112337589264,"descriptive state change, not task utility"
ele-fashion,43,s45_masspres_entry_terminal,text,3,0.9728695154190063,0.027130484580993652,0.2784360945224762,"descriptive state change, not task utility"
ele-fashion,43,s45_masspres_entry_terminal,visual,3,0.9569010734558105,0.04309892654418945,0.3302256464958191,"descriptive state change, not task utility"
ele-fashion,43,s45_masspres_entry_uniform,text,1,0.9894894361495972,0.010510563850402832,0.34449097514152527,"descriptive state change, not task utility"
ele-fashion,43,s45_masspres_entry_uniform,visual,1,0.9580168724060059,0.04198312759399414,0.5450559854507446,"descriptive state change, not task utility"
ele-fashion,43,s45_masspres_entry_uniform,text,2,0.9574692249298096,0.04253077507019043,0.24644654989242554,"descriptive state change, not task utility"
ele-fashion,43,s45_masspres_entry_uniform,visual,2,0.9124393463134766,0.08756065368652344,0.3688170611858368,"descriptive state change, not task utility"
ele-fashion,43,s45_masspres_entry_uniform,text,3,0.9839881062507629,0.01601189374923706,0.21394427120685577,"descriptive state change, not task utility"
ele-fashion,43,s45_masspres_entry_uniform,visual,3,0.9586755037307739,0.041324496269226074,0.3196645975112915,"descriptive state change, not task utility"
ele-fashion,43,s45_masspres_entry_propagated_uniform,text,1,0.9884147644042969,0.011585235595703125,0.4080072343349457,"descriptive state change, not task utility"
ele-fashion,43,s45_masspres_entry_propagated_uniform,visual,1,0.9606860280036926,0.03931397199630737,0.5112074017524719,"descriptive state change, not task utility"
ele-fashion,43,s45_masspres_entry_propagated_uniform,text,2,0.9392648935317993,0.060735106468200684,0.2931549549102783,"descriptive state change, not task utility"
ele-fashion,43,s45_masspres_entry_propagated_uniform,visual,2,0.9220715761184692,0.07792842388153076,0.3440212905406952,"descriptive state change, not task utility"
ele-fashion,43,s45_masspres_entry_propagated_uniform,text,3,0.9780427813529968,0.021957218647003174,0.2547037899494171,"descriptive state change, not task utility"
ele-fashion,43,s45_masspres_entry_propagated_uniform,visual,3,0.9627811312675476,0.03721886873245239,0.29786252975463867,"descriptive state change, not task utility"
ele-fashion,43,s45_masspres_persistent_uniform,text,1,0.9946485757827759,0.005351424217224121,0.24288694560527802,"descriptive state change, not task utility"
ele-fashion,43,s45_masspres_persistent_uniform,visual,1,0.9731448292732239,0.026855170726776123,0.40489405393600464,"descriptive state change, not task utility"
ele-fashion,43,s45_masspres_persistent_uniform,text,2,0.9746614694595337,0.02533853054046631,0.2741508483886719,"descriptive state change, not task utility"
ele-fashion,43,s45_masspres_persistent_uniform,visual,2,0.9326967597007751,0.06730324029922485,0.45999836921691895,"descriptive state change, not task utility"
ele-fashion,43,s45_masspres_persistent_uniform,text,3,0.969550371170044,0.030449628829956055,0.29188981652259827,"descriptive state change, not task utility"
ele-fashion,43,s45_masspres_persistent_uniform,visual,3,0.922831118106842,0.07716888189315796,0.48906978964805603,"descriptive state change, not task utility"
ele-fashion,44,s45_masspres_entry_terminal,text,1,0.9780449271202087,0.02195507287979126,0.4609639048576355,"descriptive state change, not task utility"
ele-fashion,44,s45_masspres_entry_terminal,visual,1,0.956796407699585,0.04320359230041504,0.5733751058578491,"descriptive state change, not task utility"
ele-fashion,44,s45_masspres_entry_terminal,text,2,0.9303745031356812,0.06962549686431885,0.31690922379493713,"descriptive state change, not task utility"
ele-fashion,44,s45_masspres_entry_terminal,visual,2,0.9021630883216858,0.09783691167831421,0.3849814534187317,"descriptive state change, not task utility"
ele-fashion,44,s45_masspres_entry_terminal,text,3,0.9725094437599182,0.027490556240081787,0.27376461029052734,"descriptive state change, not task utility"
ele-fashion,44,s45_masspres_entry_terminal,visual,3,0.9580567479133606,0.041943252086639404,0.3300316035747528,"descriptive state change, not task utility"
ele-fashion,44,s45_masspres_entry_uniform,text,1,0.9854575395584106,0.014542460441589355,0.3773925006389618,"descriptive state change, not task utility"
ele-fashion,44,s45_masspres_entry_uniform,visual,1,0.9556533694267273,0.044346630573272705,0.5469611287117004,"descriptive state change, not task utility"
ele-fashion,44,s45_masspres_entry_uniform,text,2,0.9512372612953186,0.048762738704681396,0.26282137632369995,"descriptive state change, not task utility"
ele-fashion,44,s45_masspres_entry_uniform,visual,2,0.9139173626899719,0.08608263731002808,0.36729469895362854,"descriptive state change, not task utility"
ele-fashion,44,s45_masspres_entry_uniform,text,3,0.9809733629226685,0.019026637077331543,0.22684264183044434,"descriptive state change, not task utility"
ele-fashion,44,s45_masspres_entry_uniform,visual,3,0.9587133526802063,0.0412866473197937,0.3175308108329773,"descriptive state change, not task utility"
ele-fashion,44,s45_masspres_entry_propagated_uniform,text,1,0.9870230555534363,0.01297694444656372,0.4141175448894501,"descriptive state change, not task utility"
ele-fashion,44,s45_masspres_entry_propagated_uniform,visual,1,0.9597632884979248,0.040236711502075195,0.50330650806427,"descriptive state change, not task utility"
ele-fashion,44,s45_masspres_entry_propagated_uniform,text,2,0.9392390251159668,0.0607609748840332,0.293057382106781,"descriptive state change, not task utility"
ele-fashion,44,s45_masspres_entry_propagated_uniform,visual,2,0.9268969297409058,0.07310307025909424,0.336100697517395,"descriptive state change, not task utility"
ele-fashion,44,s45_masspres_entry_propagated_uniform,text,3,0.977530837059021,0.022469162940979004,0.2535460889339447,"descriptive state change, not task utility"
ele-fashion,44,s45_masspres_entry_propagated_uniform,visual,3,0.9646070003509521,0.03539299964904785,0.2899475693702698,"descriptive state change, not task utility"
ele-fashion,44,s45_masspres_persistent_uniform,text,1,0.9938435554504395,0.006156444549560547,0.2180786430835724,"descriptive state change, not task utility"
ele-fashion,44,s45_masspres_persistent_uniform,visual,1,0.9701665043830872,0.029833495616912842,0.4413081705570221,"descriptive state change, not task utility"
ele-fashion,44,s45_masspres_persistent_uniform,text,2,0.979092001914978,0.020907998085021973,0.2658492624759674,"descriptive state change, not task utility"
ele-fashion,44,s45_masspres_persistent_uniform,visual,2,0.9223889708518982,0.0776110291481018,0.5272539854049683,"descriptive state change, not task utility"
ele-fashion,44,s45_masspres_persistent_uniform,text,3,0.9747161865234375,0.0252838134765625,0.2824278473854065,"descriptive state change, not task utility"
ele-fashion,44,s45_masspres_persistent_uniform,visual,3,0.9128598570823669,0.08714014291763306,0.5615771412849426,"descriptive state change, not task utility"
Reddit-S,42,s45_masspres_entry_terminal,text,1,0.9887372255325317,0.011262774467468262,0.14266899228096008,"descriptive state change, not task utility"
Reddit-S,42,s45_masspres_entry_terminal,visual,1,0.9975736141204834,0.0024263858795166016,0.06289015710353851,"descriptive state change, not task utility"
Reddit-S,42,s45_masspres_entry_terminal,text,2,0.9908869862556458,0.009113013744354248,0.12648123502731323,"descriptive state change, not task utility"
Reddit-S,42,s45_masspres_entry_terminal,visual,2,0.997860312461853,0.0021396875381469727,0.0586567223072052,"descriptive state change, not task utility"
Reddit-S,42,s45_masspres_entry_terminal,text,3,0.9908869862556458,0.009113013744354248,0.12648124992847443,"descriptive state change, not task utility"
Reddit-S,42,s45_masspres_entry_terminal,visual,3,0.997860312461853,0.0021396875381469727,0.0586567223072052,"descriptive state change, not task utility"
Reddit-S,42,s45_masspres_entry_uniform,text,1,0.9652623534202576,0.03473764657974243,0.2555631399154663,"descriptive state change, not task utility"
Reddit-S,42,s45_masspres_entry_uniform,visual,1,0.9947726726531982,0.005227327346801758,0.09405805170536041,"descriptive state change, not task utility"
Reddit-S,42,s45_masspres_entry_uniform,text,2,0.9701079726219177,0.029892027378082275,0.23310483992099762,"descriptive state change, not task utility"
Reddit-S,42,s45_masspres_entry_uniform,visual,2,0.9955624938011169,0.004437506198883057,0.08604787290096283,"descriptive state change, not task utility"
Reddit-S,42,s45_masspres_entry_uniform,text,3,0.9701079726219177,0.029892027378082275,0.2331048548221588,"descriptive state change, not task utility"
Reddit-S,42,s45_masspres_entry_uniform,visual,3,0.9955624938011169,0.004437506198883057,0.08604788035154343,"descriptive state change, not task utility"
Reddit-S,42,s45_masspres_entry_propagated_uniform,text,1,0.9548339247703552,0.045166075229644775,0.30071407556533813,"descriptive state change, not task utility"
Reddit-S,42,s45_masspres_entry_propagated_uniform,visual,1,0.9871273040771484,0.012872695922851562,0.1521092802286148,"descriptive state change, not task utility"
Reddit-S,42,s45_masspres_entry_propagated_uniform,text,2,0.9699357151985168,0.030064284801483154,0.23699481785297394,"descriptive state change, not task utility"
Reddit-S,42,s45_masspres_entry_propagated_uniform,visual,2,0.9942833781242371,0.0057166218757629395,0.09997836500406265,"descriptive state change, not task utility"
Reddit-S,42,s45_masspres_entry_propagated_uniform,text,3,0.9699357151985168,0.030064284801483154,0.23699483275413513,"descriptive state change, not task utility"
Reddit-S,42,s45_masspres_entry_propagated_uniform,visual,3,0.9942833781242371,0.0057166218757629395,0.09997837245464325,"descriptive state change, not task utility"
Reddit-S,42,s45_masspres_persistent_uniform,text,1,0.9540093541145325,0.04599064588546753,0.2964770197868347,"descriptive state change, not task utility"
Reddit-S,42,s45_masspres_persistent_uniform,visual,1,0.9947908520698547,0.005209147930145264,0.09421566128730774,"descriptive state change, not task utility"
Reddit-S,42,s45_masspres_persistent_uniform,text,2,0.9680357575416565,0.031964242458343506,0.24380692839622498,"descriptive state change, not task utility"
Reddit-S,42,s45_masspres_persistent_uniform,visual,2,0.995376706123352,0.004623293876647949,0.0886763259768486,"descriptive state change, not task utility"
Reddit-S,42,s45_masspres_persistent_uniform,text,3,0.9627568125724792,0.03724318742752075,0.263171911239624,"descriptive state change, not task utility"
Reddit-S,42,s45_masspres_persistent_uniform,visual,3,0.9951729774475098,0.004827022552490234,0.09056323021650314,"descriptive state change, not task utility"
Reddit-S,43,s45_masspres_entry_terminal,text,1,0.9924337267875671,0.007566273212432861,0.11796166002750397,"descriptive state change, not task utility"
Reddit-S,43,s45_masspres_entry_terminal,visual,1,0.9966144561767578,0.0033855438232421875,0.07460231333971024,"descriptive state change, not task utility"
Reddit-S,43,s45_masspres_entry_terminal,text,2,0.9939646124839783,0.0060353875160217285,0.10414567589759827,"descriptive state change, not task utility"
Reddit-S,43,s45_masspres_entry_terminal,visual,2,0.997054398059845,0.0029456019401550293,0.069133460521698,"descriptive state change, not task utility"
Reddit-S,43,s45_masspres_entry_terminal,text,3,0.9939646124839783,0.0060353875160217285,0.10414566844701767,"descriptive state change, not task utility"
Reddit-S,43,s45_masspres_entry_terminal,visual,3,0.997054398059845,0.0029456019401550293,0.069133460521698,"descriptive state change, not task utility"
Reddit-S,43,s45_masspres_entry_uniform,text,1,0.9766966104507446,0.02330338954925537,0.21006271243095398,"descriptive state change, not task utility"
Reddit-S,43,s45_masspres_entry_uniform,visual,1,0.9936655163764954,0.006334483623504639,0.10176488757133484,"descriptive state change, not task utility"
Reddit-S,43,s45_masspres_entry_uniform,text,2,0.9810744524002075,0.01892554759979248,0.1856805682182312,"descriptive state change, not task utility"
Reddit-S,43,s45_masspres_entry_uniform,visual,2,0.9944584369659424,0.005541563034057617,0.09453100711107254,"descriptive state change, not task utility"
Reddit-S,43,s45_masspres_entry_uniform,text,3,0.9810745120048523,0.018925487995147705,0.18568055331707,"descriptive state change, not task utility"
Reddit-S,43,s45_masspres_entry_uniform,visual,3,0.9944584369659424,0.005541563034057617,0.09453101456165314,"descriptive state change, not task utility"
Reddit-S,43,s45_masspres_entry_propagated_uniform,text,1,0.9611867666244507,0.038813233375549316,0.2819247245788574,"descriptive state change, not task utility"
Reddit-S,43,s45_masspres_entry_propagated_uniform,visual,1,0.9888388514518738,0.01116114854812622,0.14028975367546082,"descriptive state change, not task utility"
Reddit-S,43,s45_masspres_entry_propagated_uniform,text,2,0.9773248434066772,0.022675156593322754,0.20841997861862183,"descriptive state change, not task utility"
Reddit-S,43,s45_masspres_entry_propagated_uniform,visual,2,0.9933902621269226,0.006609737873077393,0.10643626004457474,"descriptive state change, not task utility"
Reddit-S,43,s45_masspres_entry_propagated_uniform,text,3,0.9773247838020325,0.02267521619796753,0.20841996371746063,"descriptive state change, not task utility"
Reddit-S,43,s45_masspres_entry_propagated_uniform,visual,3,0.9933902025222778,0.006609797477722168,0.10643627494573593,"descriptive state change, not task utility"
Reddit-S,43,s45_masspres_persistent_uniform,text,1,0.9665821194648743,0.03341788053512573,0.25283604860305786,"descriptive state change, not task utility"
Reddit-S,43,s45_masspres_persistent_uniform,visual,1,0.9935027956962585,0.006497204303741455,0.10276257991790771,"descriptive state change, not task utility"
Reddit-S,43,s45_masspres_persistent_uniform,text,2,0.9694526195526123,0.030547380447387695,0.2391994744539261,"descriptive state change, not task utility"
Reddit-S,43,s45_masspres_persistent_uniform,visual,2,0.9943576455116272,0.005642354488372803,0.09562899172306061,"descriptive state change, not task utility"
Reddit-S,43,s45_masspres_persistent_uniform,text,3,0.9673935770988464,0.032606422901153564,0.24751289188861847,"descriptive state change, not task utility"
Reddit-S,43,s45_masspres_persistent_uniform,visual,3,0.9940527081489563,0.005947291851043701,0.09819728136062622,"descriptive state change, not task utility"
Reddit-S,44,s45_masspres_entry_terminal,text,1,0.9902750253677368,0.009724974632263184,0.13253481686115265,"descriptive state change, not task utility"
Reddit-S,44,s45_masspres_entry_terminal,visual,1,0.99862140417099,0.0013785958290100098,0.046605184674263,"descriptive state change, not task utility"
Reddit-S,44,s45_masspres_entry_terminal,text,2,0.9917316436767578,0.008268356323242188,0.12107755243778229,"descriptive state change, not task utility"
Reddit-S,44,s45_masspres_entry_terminal,visual,2,0.9987561702728271,0.0012438297271728516,0.043864231556653976,"descriptive state change, not task utility"
Reddit-S,44,s45_masspres_entry_terminal,text,3,0.9917316436767578,0.008268356323242188,0.12107755243778229,"descriptive state change, not task utility"
Reddit-S,44,s45_masspres_entry_terminal,visual,3,0.9987561702728271,0.0012438297271728516,0.04386422783136368,"descriptive state change, not task utility"
Reddit-S,44,s45_masspres_entry_uniform,text,1,0.9548633694648743,0.04513663053512573,0.2969851493835449,"descriptive state change, not task utility"
Reddit-S,44,s45_masspres_entry_uniform,visual,1,0.9950811862945557,0.004918813705444336,0.0899636298418045,"descriptive state change, not task utility"
Reddit-S,44,s45_masspres_entry_uniform,text,2,0.9605627655982971,0.03943723440170288,0.2726500928401947,"descriptive state change, not task utility"
Reddit-S,44,s45_masspres_entry_uniform,visual,2,0.9961479902267456,0.0038520097732543945,0.0785735547542572,"descriptive state change, not task utility"
Reddit-S,44,s45_masspres_entry_uniform,text,3,0.9605628252029419,0.039437174797058105,0.2726501226425171,"descriptive state change, not task utility"
Reddit-S,44,s45_masspres_entry_uniform,visual,3,0.9961479902267456,0.0038520097732543945,0.0785735622048378,"descriptive state change, not task utility"
Reddit-S,44,s45_masspres_entry_propagated_uniform,text,1,0.955940306186676,0.044059693813323975,0.2944716513156891,"descriptive state change, not task utility"
Reddit-S,44,s45_masspres_entry_propagated_uniform,visual,1,0.9867126941680908,0.01328730583190918,0.15891684591770172,"descriptive state change, not task utility"
Reddit-S,44,s45_masspres_entry_propagated_uniform,text,2,0.965653657913208,0.03434634208679199,0.25291067361831665,"descriptive state change, not task utility"
Reddit-S,44,s45_masspres_entry_propagated_uniform,visual,2,0.9949567317962646,0.0050432682037353516,0.09815577417612076,"descriptive state change, not task utility"
Reddit-S,44,s45_masspres_entry_propagated_uniform,text,3,0.965653657913208,0.03434634208679199,0.25291067361831665,"descriptive state change, not task utility"
Reddit-S,44,s45_masspres_entry_propagated_uniform,visual,3,0.9949566721916199,0.005043327808380127,0.09815578162670135,"descriptive state change, not task utility"
Reddit-S,44,s45_masspres_persistent_uniform,text,1,0.9401748776435852,0.059825122356414795,0.3455073833465576,"descriptive state change, not task utility"
Reddit-S,44,s45_masspres_persistent_uniform,visual,1,0.9958630204200745,0.004136979579925537,0.08326128125190735,"descriptive state change, not task utility"
Reddit-S,44,s45_masspres_persistent_uniform,text,2,0.9575201869010925,0.04247981309890747,0.2846100628376007,"descriptive state change, not task utility"
Reddit-S,44,s45_masspres_persistent_uniform,visual,2,0.9962102174758911,0.0037897825241088867,0.07959640771150589,"descriptive state change, not task utility"
Reddit-S,44,s45_masspres_persistent_uniform,text,3,0.9483904838562012,0.05160951614379883,0.3163709342479706,"descriptive state change, not task utility"
Reddit-S,44,s45_masspres_persistent_uniform,visual,3,0.9960378408432007,0.003962159156799316,0.08122949302196503,"descriptive state change, not task utility"
